"game_id","club_name","air_yards_completion","air_yards_incompletion"
2010090900,"Minnesota Vikings",5.55555555555556,15.4545454545455
2010090900,"New Orleans Saints",4.10714285714286,16.1111111111111
2010091200,"Cleveland Browns",5.66666666666667,12.8125
2010091200,"Tampa Bay Buccaneers",7.23529411764706,19.5454545454545
2010091201,"Buffalo Bills",6.31578947368421,7.8125
2010091201,"Miami Dolphins",4.54545454545455,9.30769230769231
2010091202,"Cincinnati Bengals",6.61764705882353,10.8125
2010091202,"New England Patriots",3.57692307692308,17.6
2010091203,"Houston Texans",6,15.875
2010091203,"Indianapolis Colts",7.15,10.1666666666667
2010091204,"Denver Broncos",8.33333333333333,11
2010091204,"Jacksonville Jaguars",7.375,9.5
2010091205,"Oakland Raiders",4.09090909090909,9.375
2010091205,"Tennessee Titans",6.69230769230769,10.4
2010091206,"Carolina Panthers",7.35714285714286,8.47368421052632
2010091206,"New York Giants",9.42857142857143,12.8
2010091207,"Chicago Bears",6.76923076923077,13.8461538461538
2010091207,"Detroit Lions",5.3,11.3846153846154
2010091208,"Arizona Cardinals",8.09090909090909,14.4285714285714
2010091208,"St. Louis Rams",5.03030303030303,8.15
2010091209,"Atlanta Falcons",7.27586206896552,10.2352941176471
2010091209,"Pittsburgh Steelers",8.5,6.85714285714286
2010091210,"Green Bay Packers",7.42857142857143,12
2010091210,"Philadelphia Eagles",4.90909090909091,10
2010091211,"San Francisco 49ers",5.03846153846154,13.1764705882353
2010091211,"Seattle Seahawks",5.10526315789474,7.16666666666667
2010091212,"Dallas Cowboys",4.76470588235294,14.2777777777778
2010091212,"Washington Redskins",7.13333333333333,8.52631578947368
2010091300,"Baltimore Ravens",8.86363636363636,14.5238095238095
2010091300,"New York Jets",7,7.72727272727273
2010091301,"Kansas City Chiefs",3.3,13
2010091301,"San Diego Chargers",7.72727272727273,9.41176470588235
2010091900,"Houston Texans",8.2,12.5384615384615
2010091900,"Washington Redskins",8.89655172413793,14.7
2010091901,"Buffalo Bills",1.5,6.5
2010091901,"Green Bay Packers",8.47368421052632,13.6363636363636
2010091902,"Miami Dolphins",9.44444444444444,10.5714285714286
2010091902,"Minnesota Vikings",6.13636363636364,9.72727272727273
2010091903,"Cleveland Browns",6.0625,20.5625
2010091903,"Kansas City Chiefs",7.4375,8
2010091904,"Pittsburgh Steelers",2.2,11.3333333333333
2010091904,"Tennessee Titans",7.16666666666667,8.375
2010091905,"Chicago Bears",7.04545454545455,15.6
2010091905,"Dallas Cowboys",7.32352941176471,7.13333333333333
2010091906,"Detroit Lions",4.25925925925926,11.7777777777778
2010091906,"Philadelphia Eagles",7.57142857142857,16.2857142857143
2010091907,"Arizona Cardinals",4.88888888888889,19
2010091907,"Atlanta Falcons",4.81818181818182,12.1333333333333
2010091908,"Carolina Panthers",5.30769230769231,10.5714285714286
2010091908,"Tampa Bay Buccaneers",9.58333333333333,14.7857142857143
2010091909,"Denver Broncos",6.16,10.3636363636364
2010091909,"Seattle Seahawks",6.05,14.9166666666667
2010091910,"Oakland Raiders",8,13.2105263157895
2010091910,"St. Louis Rams",4.875,8.53846153846154
2010091911,"New England Patriots",5.25,13.4117647058824
2010091911,"New York Jets",6.61904761904762,15.0909090909091
2010091912,"Baltimore Ravens",5.22222222222222,14.8421052631579
2010091912,"Cincinnati Bengals",5.5,11.3
2010091913,"Jacksonville Jaguars",7.46428571428571,12.1538461538462
2010091913,"San Diego Chargers",8.27272727272727,3.33333333333333
2010091914,"Indianapolis Colts",6.2,15.4285714285714
2010091914,"New York Giants",9.46153846153846,13.5454545454545
2010092000,"New Orleans Saints",2.10714285714286,11.0909090909091
2010092000,"San Francisco 49ers",4.8695652173913,11.625
2010092600,"New York Giants",7.25714285714286,15.9166666666667
2010092600,"Tennessee Titans",9.6,15.875
2010092601,"Carolina Panthers",6.77777777777778,8.11764705882353
2010092601,"Cincinnati Bengals",4.52631578947368,7.47058823529412
2010092602,"Pittsburgh Steelers",10.9166666666667,1.33333333333333
2010092602,"Tampa Bay Buccaneers",4.5,11.4
2010092603,"Buffalo Bills",6.80952380952381,9.83333333333333
2010092603,"New England Patriots",7.90909090909091,14.25
2010092604,"Baltimore Ravens",6.60869565217391,14
2010092604,"Cleveland Browns",4.11111111111111,13.1428571428571
2010092605,"Detroit Lions",3.93333333333333,10.4615384615385
2010092605,"Minnesota Vikings",4.58333333333333,9.81818181818182
2010092606,"Atlanta Falcons",7.61904761904762,10.6923076923077
2010092606,"New Orleans Saints",5.3,14.5714285714286
2010092607,"St. Louis Rams",4.43478260869565,6
2010092607,"Washington Redskins",6.6,15.7857142857143
2010092608,"Dallas Cowboys",7.72,11.625
2010092608,"Houston Texans",5.04166666666667,7.27272727272727
2010092609,"Kansas City Chiefs",7,10.3
2010092609,"San Francisco 49ers",2.75,9.27777777777778
2010092610,"Jacksonville Jaguars",5.46153846153846,13.2941176470588
2010092610,"Philadelphia Eagles",10.0588235294118,13.1333333333333
2010092611,"Denver Broncos",7.97297297297297,9.15
2010092611,"Indianapolis Colts",7.66666666666667,16.4117647058824
2010092612,"Arizona Cardinals",6.15384615384615,14.875
2010092612,"Oakland Raiders",9.05555555555556,16.0526315789474
2010092613,"San Diego Chargers",10.9,11.4090909090909
2010092613,"Seattle Seahawks",6.68421052631579,10.3846153846154
2010092614,"Miami Dolphins",10.2692307692308,12.6842105263158
2010092614,"New York Jets",8.375,11.9333333333333
2010092700,"Chicago Bears",8.75,11.6923076923077
2010092700,"Green Bay Packers",5.78378378378378,15.0909090909091
2010100300,"Buffalo Bills",6.33333333333333,14.4375
2010100300,"New York Jets",5.8125,13.9090909090909
2010100301,"Cincinnati Bengals",8.56,7.875
2010100301,"Cleveland Browns",6.33333333333333,6.66666666666667
2010100302,"Baltimore Ravens",8.375,8.4375
2010100302,"Pittsburgh Steelers",7.91666666666667,22.4545454545455
2010100303,"Denver Broncos",5.27777777777778,7.75
2010100303,"Tennessee Titans",6.29411764705882,19
2010100304,"Detroit Lions",3.6,10.6315789473684
2010100304,"Green Bay Packers",12.9166666666667,15.6
2010100305,"Atlanta Falcons",6.88888888888889,9.93333333333333
2010100305,"San Francisco 49ers",1.9047619047619,13.5454545454545
2010100306,"Carolina Panthers",7.63636363636364,4.9
2010100306,"New Orleans Saints",4.03030303030303,9.70588235294118
2010100307,"Seattle Seahawks",7.76190476190476,10.625
2010100307,"St. Louis Rams",4.78260869565217,5.88235294117647
2010100308,"Indianapolis Colts",7.18181818181818,10.9166666666667
2010100308,"Jacksonville Jaguars",5.23529411764706,14
2010100309,"Houston Texans",4.94444444444444,7.76923076923077
2010100309,"Oakland Raiders",4.04166666666667,9
2010100310,"Philadelphia Eagles",2.89655172413793,7.875
2010100310,"Washington Redskins",6.22222222222222,14.1818181818182
2010100311,"Arizona Cardinals",7.53333333333333,8.72727272727273
2010100311,"San Diego Chargers",8.1875,4.6
2010100312,"Chicago Bears",3.13333333333333,7.77777777777778
2010100312,"New York Giants",6.27777777777778,8.75
2010100400,"Miami Dolphins",4.96774193548387,12.0909090909091
2010100400,"New England Patriots",4.4,10.6
2010101000,"Buffalo Bills",7.09523809523809,11.4545454545455
2010101000,"Jacksonville Jaguars",7.4375,6
2010101001,"Baltimore Ravens",8.73333333333333,12.5833333333333
2010101001,"Denver Broncos",10.75,11.2352941176471
2010101002,"Indianapolis Colts",5.76923076923077,13.6111111111111
2010101002,"Kansas City Chiefs",5.05882352941176,9.92307692307692
2010101003,"Green Bay Packers",6.33333333333333,8
2010101003,"Washington Redskins",8.40740740740741,11.96
2010101004,"Detroit Lions",4.40909090909091,16.1428571428571
2010101004,"St. Louis Rams",4.34782608695652,10.9565217391304
2010101005,"Carolina Panthers",4.53333333333333,12.2941176470588
2010101005,"Chicago Bears",1.55555555555556,11.8571428571429
2010101006,"Cincinnati Bengals",6.95454545454545,8.25
2010101006,"Tampa Bay Buccaneers",9.31818181818182,13.9285714285714
2010101007,"Atlanta Falcons",7.375,4.75
2010101007,"Cleveland Browns",5.56,11.5384615384615
2010101008,"Houston Texans",6.375,9.83333333333333
2010101008,"New York Giants",5.96296296296296,16.0625
2010101009,"Arizona Cardinals",6.44444444444444,8.7
2010101009,"New Orleans Saints",6.68,12.2142857142857
2010101010,"Dallas Cowboys",7.21212121212121,15.4615384615385
2010101010,"Tennessee Titans",10.1666666666667,15.75
2010101011,"Oakland Raiders",4.8,9.25
2010101011,"San Diego Chargers",11.1071428571429,14.25
2010101012,"Philadelphia Eagles",6.33333333333333,9.3
2010101012,"San Francisco 49ers",7.42857142857143,7.53846153846154
2010101100,"Minnesota Vikings",11.9333333333333,17.8
2010101100,"New York Jets",6.28571428571429,13.695652173913
2010101700,"Green Bay Packers",9.16666666666667,12.8125
2010101700,"Miami Dolphins",6.60869565217391,12.8235294117647
2010101701,"San Diego Chargers",5.54545454545455,16.1333333333333
2010101701,"St. Louis Rams",6.27777777777778,7.26666666666667
2010101702,"Baltimore Ravens",6.71428571428571,7.90909090909091
2010101702,"New England Patriots",6.21428571428571,7.625
2010101703,"Cleveland Browns",7.47826086956522,11.75
2010101703,"Pittsburgh Steelers",12.75,14.1818181818182
2010101704,"Houston Texans",7.36,5.75
2010101704,"Kansas City Chiefs",4.1,13.3636363636364
2010101705,"Detroit Lions",4.17241379310345,8.75
2010101705,"New York Giants",5.7,9.92307692307692
2010101706,"Atlanta Falcons",6.5,12.85
2010101706,"Philadelphia Eagles",8.69565217391304,3.85714285714286
2010101707,"Chicago Bears",8.52941176470588,14.4347826086957
2010101707,"Seattle Seahawks",6.92,6.46666666666667
2010101708,"New Orleans Saints",7.81818181818182,18.3
2010101708,"Tampa Bay Buccaneers",4.96428571428571,13.9090909090909
2010101709,"Denver Broncos",12.1428571428571,17.1363636363636
2010101709,"New York Jets",8.83333333333333,13.5384615384615
2010101710,"Oakland Raiders",4.125,14.3846153846154
2010101710,"San Francisco 49ers",6.82352941176471,8.77777777777778
2010101711,"Dallas Cowboys",1.34615384615385,7.16666666666667
2010101711,"Minnesota Vikings",4.92857142857143,14.4285714285714
2010101712,"Indianapolis Colts",7.96,14.6923076923077
2010101712,"Washington Redskins",4.82758620689655,14
2010101800,"Jacksonville Jaguars",5.76190476190476,13.25
2010101800,"Tennessee Titans",7.3125,7.88888888888889
2010102400,"Atlanta Falcons",7.20833333333333,13.2222222222222
2010102400,"Cincinnati Bengals",6.75,17.0714285714286
2010102401,"Miami Dolphins",5.79166666666667,4.08333333333333
2010102401,"Pittsburgh Steelers",9.95,15.25
2010102402,"Baltimore Ravens",10.4375,15.875
2010102402,"Buffalo Bills",8.9,9.83333333333333
2010102403,"Jacksonville Jaguars",5.61111111111111,11.0588235294118
2010102403,"Kansas City Chiefs",7.46666666666667,13.2
2010102404,"Cleveland Browns",4.90909090909091,6
2010102404,"New Orleans Saints",5.25641025641026,9.66666666666667
2010102405,"Chicago Bears",7.14814814814815,11.0909090909091
2010102405,"Washington Redskins",8.17647058823529,7.84615384615385
2010102406,"Carolina Panthers",7.71428571428571,9.73333333333333
2010102406,"San Francisco 49ers",6.42857142857143,12.3529411764706
2010102407,"St. Louis Rams",3.38461538461538,10.2857142857143
2010102407,"Tampa Bay Buccaneers",5.70833333333333,12.2777777777778
2010102408,"Philadelphia Eagles",4.5,13.2857142857143
2010102408,"Tennessee Titans",12.7647058823529,12.0625
2010102409,"Arizona Cardinals",6.25,8.7
2010102409,"Seattle Seahawks",5.42857142857143,11.3333333333333
2010102410,"New England Patriots",4.55,12.5
2010102410,"San Diego Chargers",4.70588235294118,6.46666666666667
2010102411,"Denver Broncos",9,11.4117647058824
2010102411,"Oakland Raiders",8.25,14.8
2010102412,"Green Bay Packers",6.57142857142857,17.9230769230769
2010102412,"Minnesota Vikings",8.66666666666667,11.9
2010102500,"Dallas Cowboys",4.18181818181818,7.47368421052632
2010102500,"New York Giants",8.96296296296296,20.25
2010103100,"Denver Broncos",7.06666666666667,9.91666666666667
2010103100,"San Francisco 49ers",10.1666666666667,8.25
2010103101,"Dallas Cowboys",6.11764705882353,10.9230769230769
2010103101,"Jacksonville Jaguars",9.23529411764706,12.5
2010103102,"Cincinnati Bengals",6.70588235294118,14.2857142857143
2010103102,"Miami Dolphins",5.30769230769231,14.5
2010103103,"Buffalo Bills",5.70833333333333,10.36
2010103103,"Kansas City Chiefs",6,11.5
2010103104,"Detroit Lions",4.96428571428571,9.7
2010103104,"Washington Redskins",5.40909090909091,11.9375
2010103105,"Carolina Panthers",4.8695652173913,18.9090909090909
2010103105,"St. Louis Rams",3.22222222222222,12.2222222222222
2010103106,"Green Bay Packers",5.66666666666667,15.7142857142857
2010103106,"New York Jets",10.5,14.9090909090909
2010103107,"San Diego Chargers",2.62068965517241,5.625
2010103107,"Tennessee Titans",9.68421052631579,19.8947368421053
2010103108,"Minnesota Vikings",5.19230769230769,11.6428571428571
2010103108,"New England Patriots",6.375,9.54545454545454
2010103109,"Arizona Cardinals",7.625,14.4285714285714
2010103109,"Tampa Bay Buccaneers",10.0555555555556,4.28571428571429
2010103110,"Oakland Raiders",6.73333333333333,13.8333333333333
2010103110,"Seattle Seahawks",8.57142857142857,15.0526315789474
2010103111,"New Orleans Saints",4.88571428571429,5.4
2010103111,"Pittsburgh Steelers",5.23529411764706,11
2010110100,"Houston Texans",4.22727272727273,4.75
2010110100,"Indianapolis Colts",4.96296296296296,11.05
2010110700,"Detroit Lions",3.77272727272727,12.5
2010110700,"New York Jets",8.95454545454546,9.17647058823529
2010110701,"Baltimore Ravens",2.85714285714286,18.5
2010110701,"Miami Dolphins",5.54545454545455,11.2
2010110702,"Cleveland Browns",9.92857142857143,24.8
2010110702,"New England Patriots",5.63157894736842,8.5
2010110703,"Houston Texans",6.76190476190476,11.1538461538462
2010110703,"San Diego Chargers",8.33333333333333,14.2
2010110704,"Buffalo Bills",5.75,12.7777777777778
2010110704,"Chicago Bears",5.57894736842105,11
2010110705,"Arizona Cardinals",8.9375,12.3636363636364
2010110705,"Minnesota Vikings",5.07894736842105,16.1
2010110706,"Atlanta Falcons",6.79166666666667,11.5384615384615
2010110706,"Tampa Bay Buccaneers",10.2727272727273,11.1818181818182
2010110707,"Carolina Panthers",2.05882352941176,10.45
2010110707,"New Orleans Saints",6.44444444444444,9.05882352941176
2010110708,"New York Giants",8.31818181818182,14
2010110708,"Seattle Seahawks",8.69230769230769,16.2222222222222
2010110709,"Indianapolis Colts",5.25,17.7727272727273
2010110709,"Philadelphia Eagles",8.5,8.69230769230769
2010110710,"Kansas City Chiefs",5.6,12.1111111111111
2010110710,"Oakland Raiders",9.9,16.0625
2010110711,"Dallas Cowboys",5.05263157894737,10.3333333333333
2010110711,"Green Bay Packers",5.77777777777778,13.2
2010110800,"Cincinnati Bengals",8.29166666666667,12.4444444444444
2010110800,"Pittsburgh Steelers",6.72222222222222,18.1111111111111
2010111100,"Atlanta Falcons",5.90625,9.45
2010111100,"Baltimore Ravens",6.31818181818182,15
2010111400,"Miami Dolphins",9.45833333333333,14.7692307692308
2010111400,"Tennessee Titans",5.55555555555556,17
2010111401,"Cleveland Browns",3.5,10.1428571428571
2010111401,"New York Jets",5.55555555555556,11.5
2010111402,"Cincinnati Bengals",4.75,23.875
2010111402,"Indianapolis Colts",5.85,12.0588235294118
2010111403,"Houston Texans",8.45833333333333,5.08333333333333
2010111403,"Jacksonville Jaguars",7.88,8.85714285714286
2010111404,"Chicago Bears",7.95454545454545,10.6363636363636
2010111404,"Minnesota Vikings",4.15789473684211,8.84615384615385
2010111405,"Carolina Panthers",7.05882352941176,3.14285714285714
2010111405,"Tampa Bay Buccaneers",6.47368421052632,16.5714285714286
2010111406,"Buffalo Bills",5.83333333333333,17.4166666666667
2010111406,"Detroit Lions",6.17241379310345,8.76190476190476
2010111407,"Denver Broncos",7.26086956521739,13.5
2010111407,"Kansas City Chiefs",8.76470588235294,14.0416666666667
2010111408,"Dallas Cowboys",10.6153846153846,9.55555555555556
2010111408,"New York Giants",7.91428571428571,12.6666666666667
2010111409,"Arizona Cardinals",9,9.33333333333333
2010111409,"Seattle Seahawks",8.55555555555556,7.8
2010111410,"San Francisco 49ers",8.47368421052632,14.9230769230769
2010111410,"St. Louis Rams",4.27272727272727,11.9285714285714
2010111411,"New England Patriots",7.78787878787879,9.61538461538461
2010111411,"Pittsburgh Steelers",7.70967741935484,13.5714285714286
2010111500,"Philadelphia Eagles",10.05,9.125
2010111500,"Washington Redskins",8,10.1538461538462
2010111800,"Chicago Bears",4.70588235294118,12.5
2010111800,"Miami Dolphins",6.17647058823529,11.4545454545455
2010112100,"Baltimore Ravens",8.15384615384615,8.33333333333333
2010112100,"Carolina Panthers",4.85714285714286,7.61538461538461
2010112101,"Houston Texans",6.05263157894737,17.0714285714286
2010112101,"New York Jets",7.08695652173913,14.0625
2010112102,"Buffalo Bills",7.86363636363636,5.91666666666667
2010112102,"Cincinnati Bengals",6.39130434782609,10.875
2010112103,"Oakland Raiders",5.1,11.1666666666667
2010112103,"Pittsburgh Steelers",7.05555555555556,13.3636363636364
2010112104,"Cleveland Browns",5.72222222222222,8.36363636363636
2010112104,"Jacksonville Jaguars",4.15,18.5
2010112105,"Dallas Cowboys",2.65,13.1666666666667
2010112105,"Detroit Lions",4.09090909090909,10.2142857142857
2010112106,"Green Bay Packers",6.30434782608696,11.7777777777778
2010112106,"Minnesota Vikings",5.88235294117647,13.55
2010112107,"New Orleans Saints",8.27586206896552,7.23076923076923
2010112107,"Seattle Seahawks",5.3030303030303,10.8333333333333
2010112108,"Tennessee Titans",12,9
2010112108,"Washington Redskins",6.7,11
2010112109,"Arizona Cardinals",8.03846153846154,16.3636363636364
2010112109,"Kansas City Chiefs",5.875,11.5555555555556
2010112110,"Atlanta Falcons",6.07407407407407,13.1428571428571
2010112110,"St. Louis Rams",5.14285714285714,9.92857142857143
2010112111,"San Francisco 49ers",4.5,9.35294117647059
2010112111,"Tampa Bay Buccaneers",5.28571428571429,6.88888888888889
2010112112,"Indianapolis Colts",5.73684210526316,11
2010112112,"New England Patriots",6.84210526315789,6.85714285714286
2010112113,"New York Giants",4.05,15.2727272727273
2010112113,"Philadelphia Eagles",4.80769230769231,14.3125
2010112200,"Denver Broncos",4.84615384615385,14.2857142857143
2010112200,"San Diego Chargers",4.9375,9.11111111111111
2010112500,"Detroit Lions",6.48275862068965,9.29411764705882
2010112500,"New England Patriots",7.65217391304348,12
2010112501,"Dallas Cowboys",3.36666666666667,8
2010112501,"New Orleans Saints",11.2173913043478,11.8333333333333
2010112502,"Cincinnati Bengals",3.76470588235294,8.95652173913044
2010112502,"New York Jets",7.625,12.1818181818182
2010112800,"Jacksonville Jaguars",4.57142857142857,12.625
2010112800,"New York Giants",8.9375,12.7
2010112801,"Buffalo Bills",5.39130434782609,11.9130434782609
2010112801,"Pittsburgh Steelers",9.17391304347826,15.0625
2010112802,"Houston Texans",4.08,5.45454545454545
2010112802,"Tennessee Titans",4.88888888888889,12.25
2010112803,"Minnesota Vikings",3.5,19.125
2010112803,"Washington Redskins",4.52380952380952,9.46153846153846
2010112804,"Chicago Bears",7.57142857142857,11.8571428571429
2010112804,"Philadelphia Eagles",6.58620689655172,12
2010112805,"Atlanta Falcons",5.28,15.5
2010112805,"Green Bay Packers",5.96153846153846,10.4444444444444
2010112806,"Baltimore Ravens",4.52,10.8
2010112806,"Tampa Bay Buccaneers",3.47058823529412,14.7
2010112807,"Carolina Panthers",2.875,4.81818181818182
2010112807,"Cleveland Browns",4.66666666666667,8.46153846153846
2010112808,"Kansas City Chiefs",6.63636363636364,10.7
2010112808,"Seattle Seahawks",8.55,12.3529411764706
2010112809,"Miami Dolphins",9.94117647058824,15
2010112809,"Oakland Raiders",7,7.92857142857143
2010112810,"Denver Broncos",8.04166666666667,12.4736842105263
2010112810,"St. Louis Rams",8.09090909090909,7.375
2010112811,"Indianapolis Colts",3.0625,19.5384615384615
2010112811,"San Diego Chargers",3.6,11
2010112900,"Arizona Cardinals",9.75,7.16666666666667
2010112900,"San Francisco 49ers",9.27272727272727,6.63636363636364
2010120200,"Houston Texans",8.08,8.375
2010120200,"Philadelphia Eagles",5.81818181818182,8.4
2010120500,"Buffalo Bills",7.26666666666667,9.66666666666667
2010120500,"Minnesota Vikings",8,7.6
2010120501,"Cleveland Browns",5.54166666666667,10.7
2010120501,"Miami Dolphins",5.35294117647059,12.0769230769231
2010120502,"Jacksonville Jaguars",1.42857142857143,6.2
2010120502,"Tennessee Titans",9.14285714285714,10.5294117647059
2010120503,"Denver Broncos",9.44444444444444,14.5
2010120503,"Kansas City Chiefs",5.21052631578947,8.13333333333333
2010120504,"New York Giants",7.73333333333333,6.45454545454545
2010120504,"Washington Redskins",5.73076923076923,12
2010120505,"Chicago Bears",5.66666666666667,13.7142857142857
2010120505,"Detroit Lions",3.23529411764706,7.55555555555556
2010120506,"Green Bay Packers",6.38095238095238,15.5
2010120506,"San Francisco 49ers",8.2,20.5714285714286
2010120507,"Atlanta Falcons",7,12.7647058823529
2010120507,"Tampa Bay Buccaneers",6.23809523809524,14.5555555555556
2010120508,"Cincinnati Bengals",6.30434782608696,15.3333333333333
2010120508,"New Orleans Saints",8.64,3
2010120509,"Oakland Raiders",3.08333333333333,19.2857142857143
2010120509,"San Diego Chargers",7.39130434782609,17.375
2010120510,"Dallas Cowboys",3.77777777777778,19.125
2010120510,"Indianapolis Colts",6.97297297297297,13.25
2010120511,"Arizona Cardinals",10.4545454545455,14
2010120511,"St. Louis Rams",4.5,4.18181818181818
2010120512,"Carolina Panthers",5.63157894736842,8.3125
2010120512,"Seattle Seahawks",7.11764705882353,16.2857142857143
2010120513,"Baltimore Ravens",10.8235294117647,9.31578947368421
2010120513,"Pittsburgh Steelers",4.78260869565217,12.4666666666667
2010120600,"New England Patriots",5.47619047619048,16.7272727272727
2010120600,"New York Jets",5,7.69230769230769
2010120900,"Indianapolis Colts",8.48,5.75
2010120900,"Tennessee Titans",4.82142857142857,7.83333333333333
2010121200,"Chicago Bears",9.41666666666667,8.07692307692308
2010121200,"New England Patriots",7.89285714285714,6
2010121201,"Buffalo Bills",5.28571428571429,6.66666666666667
2010121201,"Cleveland Browns",6,11.125
2010121202,"Cincinnati Bengals",6.15,9.27272727272727
2010121202,"Pittsburgh Steelers",6.86363636363636,7.08333333333333
2010121203,"Jacksonville Jaguars",8.18181818181818,15.3636363636364
2010121203,"Oakland Raiders",7.82608695652174,14.3
2010121204,"Tampa Bay Buccaneers",7.94117647058824,13.2
2010121204,"Washington Redskins",3,4
2010121205,"Detroit Lions",7.7,13
2010121205,"Green Bay Packers",4.54545454545455,13.7857142857143
2010121207,"Atlanta Falcons",7.9,13.3571428571429
2010121207,"Carolina Panthers",4,11.2222222222222
2010121208,"New Orleans Saints",4.07692307692308,12.8461538461538
2010121208,"St. Louis Rams",4.55555555555556,10.8333333333333
2010121209,"San Francisco 49ers",3.17647058823529,7.18181818181818
2010121209,"Seattle Seahawks",6.51851851851852,12
2010121210,"Miami Dolphins",7,7.13333333333333
2010121210,"New York Jets",8.47058823529412,10.1538461538462
2010121211,"Arizona Cardinals",6.23529411764706,12.125
2010121211,"Denver Broncos",5.36842105263158,10
2010121212,"Kansas City Chiefs",4.72727272727273,16.3636363636364
2010121212,"San Diego Chargers",6.73684210526316,6
2010121213,"Dallas Cowboys",4.08333333333333,10.0833333333333
2010121213,"Philadelphia Eagles",8.375,15.4444444444444
2010121300,"Baltimore Ravens",5.59090909090909,14.3333333333333
2010121300,"Houston Texans",8.67741935483871,12.3448275862069
2010121301,"Minnesota Vikings",5.47058823529412,11.6111111111111
2010121301,"New York Giants",3.36363636363636,10.5384615384615
2010121600,"San Diego Chargers",6.73684210526316,5.5
2010121600,"San Francisco 49ers",5,12.2222222222222
2010121900,"Kansas City Chiefs",6.875,5.5
2010121900,"St. Louis Rams",4.31818181818182,8.4
2010121901,"Buffalo Bills",9.11764705882353,10.5555555555556
2010121901,"Miami Dolphins",6,8.45454545454546
2010121902,"Cincinnati Bengals",7.14285714285714,8.88888888888889
2010121902,"Cleveland Browns",8.47368421052632,13.375
2010121903,"Indianapolis Colts",4.96551724137931,16.2
2010121903,"Jacksonville Jaguars",7.14814814814815,14.2142857142857
2010121904,"Houston Texans",6.2972972972973,9.05
2010121904,"Tennessee Titans",14.2142857142857,13.8888888888889
2010121905,"Dallas Cowboys",6.16,8.84615384615385
2010121905,"Washington Redskins",6.28,5.83333333333333
2010121906,"New York Giants",7.95652173913043,17
2010121906,"Philadelphia Eagles",6.81818181818182,11.4166666666667
2010121907,"Arizona Cardinals",8.41176470588235,10.0666666666667
2010121907,"Carolina Panthers",3.15384615384615,12.6666666666667
2010121908,"Detroit Lions",6.375,6.86666666666667
2010121908,"Tampa Bay Buccaneers",6.16666666666667,11.2307692307692
2010121909,"Baltimore Ravens",5.5,14.2
2010121909,"New Orleans Saints",5.86206896551724,14.2777777777778
2010121910,"Atlanta Falcons",6.40909090909091,13.5714285714286
2010121910,"Seattle Seahawks",2.66666666666667,15
2010121911,"New York Jets",7.05,10.2
2010121911,"Pittsburgh Steelers",9.1304347826087,11.4545454545455
2010121912,"Denver Broncos",12.5,14.2222222222222
2010121912,"Oakland Raiders",6.61111111111111,11.5
2010121913,"Green Bay Packers",4.33333333333333,14.5333333333333
2010121913,"New England Patriots",6.4,9.77777777777778
2010122000,"Chicago Bears",9.875,11.9
2010122000,"Minnesota Vikings",5.55,15.1818181818182
2010122300,"Carolina Panthers",3.45454545454545,9.16666666666667
2010122300,"Pittsburgh Steelers",8.63636363636364,10.5
2010122500,"Arizona Cardinals",9.81818181818182,6.875
2010122500,"Dallas Cowboys",5,11.5714285714286
2010122600,"Chicago Bears",14.3846153846154,13
2010122600,"New York Jets",7.29166666666667,8.42857142857143
2010122601,"Buffalo Bills",8.94736842105263,14.2352941176471
2010122601,"New England Patriots",7.875,10.4615384615385
2010122602,"Baltimore Ravens",7.08333333333333,17.1666666666667
2010122602,"Cleveland Browns",7.11111111111111,11.8181818181818
2010122603,"Kansas City Chiefs",5.76,13.2727272727273
2010122603,"Tennessee Titans",14.5714285714286,13.0434782608696
2010122605,"Seattle Seahawks",2.71428571428571,6.875
2010122605,"Tampa Bay Buccaneers",6.54166666666667,15
2010122606,"San Francisco 49ers",7.76470588235294,10.5625
2010122606,"St. Louis Rams",4.86206896551724,16.3
2010122607,"Detroit Lions",7.78571428571429,7.91666666666667
2010122607,"Miami Dolphins",6.41935483870968,7.61538461538461
2010122608,"Jacksonville Jaguars",7.47826086956522,10.3571428571429
2010122608,"Washington Redskins",6.10526315789474,6.65
2010122609,"Denver Broncos",10.1875,10.6153846153846
2010122609,"Houston Texans",4.69565217391304,12.3
2010122610,"Indianapolis Colts",6.82352941176471,14.2
2010122610,"Oakland Raiders",4.48275862068965,5.42857142857143
2010122611,"Green Bay Packers",8.6,16.4166666666667
2010122611,"New York Giants",10.0555555555556,11.5
2010122612,"Cincinnati Bengals",9.625,19.4
2010122612,"San Diego Chargers",5.88888888888889,10.8461538461538
2010122700,"Atlanta Falcons",7.23529411764706,12.7222222222222
2010122700,"New Orleans Saints",5.08571428571429,15.9166666666667
2010122800,"Minnesota Vikings",6.35294117647059,13.4444444444444
2010122800,"Philadelphia Eagles",6.44,16.7619047619048
2011010200,"Miami Dolphins",9.94117647058824,10.75
2011010200,"New England Patriots",8.11764705882353,6.69230769230769
2011010201,"Buffalo Bills",7.33333333333333,13.3
2011010201,"New York Jets",11.5,11.8571428571429
2011010202,"Baltimore Ravens",3.71428571428571,21.2
2011010202,"Cincinnati Bengals",6.4375,4.09090909090909
2011010203,"Cleveland Browns",4.57142857142857,12.6
2011010203,"Pittsburgh Steelers",6.33333333333333,6.44444444444444
2011010204,"Houston Texans",5.16666666666667,14
2011010204,"Jacksonville Jaguars",6.25,8.38461538461539
2011010205,"Indianapolis Colts",5.96428571428571,11.4375
2011010205,"Tennessee Titans",5.53571428571429,9.63636363636364
2011010206,"Kansas City Chiefs",5,7.41666666666667
2011010206,"Oakland Raiders",4.3125,18.8333333333333
2011010207,"Dallas Cowboys",4.81818181818182,4.23529411764706
2011010207,"Philadelphia Eagles",5.88888888888889,14.3125
2011010208,"New York Giants",6.94444444444444,13.4545454545455
2011010208,"Washington Redskins",7.07407407407407,9.36842105263158
2011010209,"Detroit Lions",3.92857142857143,8.90909090909091
2011010209,"Minnesota Vikings",3.4,15.1818181818182
2011010210,"Chicago Bears",3.80952380952381,10.5625
2011010210,"Green Bay Packers",6.15,17.7272727272727
2011010211,"Atlanta Falcons",5.46153846153846,7.25
2011010211,"Carolina Panthers",4.52631578947368,12.2666666666667
2011010212,"New Orleans Saints",4.16666666666667,10.1052631578947
2011010212,"Tampa Bay Buccaneers",4.95238095238095,13.5
2011010213,"Denver Broncos",8.8125,16.6315789473684
2011010213,"San Diego Chargers",9.52380952380952,15.2666666666667
2011010214,"Arizona Cardinals",5.51612903225806,7.23809523809524
2011010214,"San Francisco 49ers",11.4666666666667,15.0625
2011010215,"Seattle Seahawks",2.95652173913043,11.1428571428571
2011010215,"St. Louis Rams",1.73684210526316,13.75
2011090800,"Green Bay Packers",7.18518518518519,16.875
2011090800,"New Orleans Saints",7.90625,9.7
2011091100,"Baltimore Ravens",7.05,10
2011091100,"Pittsburgh Steelers",9.08695652173913,14.8125
2011091101,"Cincinnati Bengals",6.5625,13.2142857142857
2011091101,"Cleveland Browns",5.73684210526316,8.95238095238095
2011091102,"Houston Texans",7.88235294117647,9
2011091102,"Indianapolis Colts",7.0625,11.875
2011091103,"Jacksonville Jaguars",4.58823529411765,7.14285714285714
2011091103,"Tennessee Titans",5.18181818181818,11.8571428571429
2011091104,"Buffalo Bills",8.35294117647059,11.2222222222222
2011091104,"Kansas City Chiefs",1.90909090909091,16.6153846153846
2011091105,"Atlanta Falcons",4.72727272727273,4.6875
2011091105,"Chicago Bears",5.65217391304348,11.5
2011091106,"Detroit Lions",5.83333333333333,20.6666666666667
2011091106,"Tampa Bay Buccaneers",5.89655172413793,9
2011091107,"Philadelphia Eagles",9.14285714285714,11.1052631578947
2011091107,"St. Louis Rams",5.42105263157895,8.47619047619048
2011091108,"New York Giants",10.2777777777778,11.4615384615385
2011091108,"Washington Redskins",10.3809523809524,21.8461538461538
2011091109,"Arizona Cardinals",7.72222222222222,6.4
2011091109,"Carolina Panthers",11.2083333333333,12.9230769230769
2011091110,"San Francisco 49ers",5.26666666666667,8.33333333333333
2011091110,"Seattle Seahawks",4.27272727272727,11.9444444444444
2011091111,"Minnesota Vikings",2.85714285714286,7.42857142857143
2011091111,"San Diego Chargers",3.84848484848485,13.8
2011091112,"Dallas Cowboys",8,8.41666666666667
2011091112,"New York Jets",7.5,10.8235294117647
2011091200,"Miami Dolphins",8.09677419354839,11.6111111111111
2011091200,"New England Patriots",9.42857142857143,14
2011091201,"Denver Broncos",5.93103448275862,10.8846153846154
2011091201,"Oakland Raiders",3.46153846153846,16.7777777777778
2011091800,"Detroit Lions",8.5,10.5
2011091800,"Kansas City Chiefs",6.125,19
2011091801,"Buffalo Bills",5.06896551724138,10.047619047619
2011091801,"Oakland Raiders",8.60869565217391,14.8888888888889
2011091802,"Baltimore Ravens",7.8,10.125
2011091802,"Tennessee Titans",8.45161290322581,8.5
2011091803,"Jacksonville Jaguars",3.27272727272727,10.7272727272727
2011091803,"New York Jets",6.5,4.6
2011091804,"Cleveland Browns",3.73913043478261,5.18181818181818
2011091804,"Indianapolis Colts",5.52631578947368,10
2011091805,"Arizona Cardinals",8.58823529411765,4.91666666666667
2011091805,"Washington Redskins",5.30769230769231,7.44444444444444
2011091806,"Minnesota Vikings",4.89473684210526,13.6923076923077
2011091806,"Tampa Bay Buccaneers",6.625,13.5
2011091807,"Carolina Panthers",8.23333333333333,12.5625
2011091807,"Green Bay Packers",6.9,9.76923076923077
2011091808,"Chicago Bears",5.36842105263158,7.46428571428571
2011091808,"New Orleans Saints",3.81481481481481,4.45454545454545
2011091809,"Pittsburgh Steelers",8.83333333333333,17.6
2011091809,"Seattle Seahawks",4.65,7.1
2011091810,"Dallas Cowboys",8.19230769230769,7.6875
2011091810,"San Francisco 49ers",5.6875,10.875
2011091811,"New England Patriots",7.35483870967742,6.8
2011091811,"San Diego Chargers",7.03448275862069,18
2011091812,"Cincinnati Bengals",6.10714285714286,14.375
2011091812,"Denver Broncos",8.375,6.81818181818182
2011091813,"Houston Texans",8.22727272727273,12.625
2011091813,"Miami Dolphins",9.5,10.6111111111111
2011091814,"Atlanta Falcons",7.72222222222222,15.6
2011091814,"Philadelphia Eagles",6.40740740740741,13.5454545454545
2011091900,"New York Giants",7.15789473684211,12.1666666666667
2011091900,"St. Louis Rams",11.0434782608696,7.95833333333333
2011092500,"Carolina Panthers",2.94444444444444,13.6875
2011092500,"Jacksonville Jaguars",5.92307692307692,18.3
2011092501,"Houston Texans",7.60869565217391,11.5294117647059
2011092501,"New Orleans Saints",6.64516129032258,8.54545454545454
2011092502,"Buffalo Bills",7.60714285714286,12.25
2011092502,"New England Patriots",8.19354838709677,11.6363636363636
2011092503,"Cleveland Browns",5.42105263157895,12.6363636363636
2011092503,"Miami Dolphins",8.2,8.3
2011092504,"Denver Broncos",4.25,5.57142857142857
2011092504,"Tennessee Titans",6.55555555555556,7.66666666666667
2011092505,"New York Giants",5.0625,21.2857142857143
2011092505,"Philadelphia Eagles",7.2,9.85714285714286
2011092506,"Detroit Lions",6,10.9285714285714
2011092506,"Minnesota Vikings",7.04545454545455,10.8666666666667
2011092507,"Cincinnati Bengals",7.41176470588235,10.9285714285714
2011092507,"San Francisco 49ers",5.04761904761905,5
2011092508,"New York Jets",6.48148148148148,7.6
2011092508,"Oakland Raiders",5.27777777777778,15.2
2011092509,"Kansas City Chiefs",7,9.16666666666667
2011092509,"San Diego Chargers",3.91666666666667,10.6666666666667
2011092510,"Baltimore Ravens",7,17.25
2011092510,"St. Louis Rams",8,13.0555555555556
2011092511,"Chicago Bears",8.14285714285714,13.4666666666667
2011092511,"Green Bay Packers",6.85714285714286,4.88888888888889
2011092512,"Arizona Cardinals",5.68,8.30769230769231
2011092512,"Seattle Seahawks",7.16666666666667,8.25
2011092513,"Atlanta Falcons",6.92592592592593,12.6190476190476
2011092513,"Tampa Bay Buccaneers",3.68181818181818,10.3333333333333
2011092514,"Indianapolis Colts",4.72222222222222,12.1363636363636
2011092514,"Pittsburgh Steelers",7.59259259259259,7.75
2011092600,"Dallas Cowboys",4.52173913043478,7.92857142857143
2011092600,"Washington Redskins",5.5,12
2011100200,"Buffalo Bills",4.33333333333333,15.1428571428571
2011100200,"Cincinnati Bengals",9.5,10.2
2011100201,"Cleveland Browns",5.025,8.59090909090909
2011100201,"Tennessee Titans",7.1,11.9
2011100202,"Houston Texans",5.26666666666667,10.8571428571429
2011100202,"Pittsburgh Steelers",8.625,8
2011100203,"Dallas Cowboys",5.26470588235294,7.90909090909091
2011100203,"Detroit Lions",6.22727272727273,7.30434782608696
2011100204,"Philadelphia Eagles",9.16666666666667,12.2
2011100204,"San Francisco 49ers",6.31818181818182,8.46153846153846
2011100205,"Carolina Panthers",10.9655172413793,13.6666666666667
2011100205,"Chicago Bears",3.4,9.625
2011100206,"St. Louis Rams",5.4,13.5
2011100206,"Washington Redskins",6.53333333333333,3.16666666666667
2011100207,"Jacksonville Jaguars",6.4375,11.4814814814815
2011100207,"New Orleans Saints",5.35483870967742,16.1666666666667
2011100208,"Kansas City Chiefs",8.72222222222222,8.33333333333333
2011100208,"Minnesota Vikings",7.95,16.9090909090909
2011100209,"Arizona Cardinals",7.1,5.41176470588235
2011100209,"New York Giants",8.5,12.125
2011100210,"Atlanta Falcons",5.78571428571429,15.125
2011100210,"Seattle Seahawks",7.56,12.3076923076923
2011100211,"Denver Broncos",11.2173913043478,12
2011100211,"Green Bay Packers",7.56666666666667,9.77777777777778
2011100212,"New England Patriots",9.41176470588235,17.3529411764706
2011100212,"Oakland Raiders",8.76,8.38461538461539
2011100213,"Miami Dolphins",6.1,16.875
2011100213,"San Diego Chargers",7.77272727272727,8.72727272727273
2011100214,"Baltimore Ravens",6.9,14.2380952380952
2011100214,"New York Jets",7.09090909090909,10.2608695652174
2011100300,"Indianapolis Colts",5.69230769230769,11.6842105263158
2011100300,"Tampa Bay Buccaneers",5.5,8.5
2011100900,"Pittsburgh Steelers",7.28,10.6666666666667
2011100900,"Tennessee Titans",6,12.047619047619
2011100901,"Houston Texans",7.95833333333333,9.40740740740741
2011100901,"Oakland Raiders",8.05882352941176,14.9473684210526
2011100902,"Indianapolis Colts",13,8.46153846153846
2011100902,"Kansas City Chiefs",5.80952380952381,10.7777777777778
2011100903,"Cincinnati Bengals",5.90476190476191,12.5454545454545
2011100903,"Jacksonville Jaguars",7.73333333333333,9.92307692307692
2011100904,"New York Giants",9.84615384615385,9.46153846153846
2011100904,"Seattle Seahawks",6.61538461538461,10.9333333333333
2011100905,"Arizona Cardinals",7.12,11.7272727272727
2011100905,"Minnesota Vikings",6.9,8.38461538461539
2011100906,"Carolina Panthers",6,16
2011100906,"New Orleans Saints",6.71875,11.0769230769231
2011100907,"Buffalo Bills",1.09090909090909,11.2
2011100907,"Philadelphia Eagles",6.42307692307692,11.0909090909091
2011100908,"San Francisco 49ers",8.5625,17.3
2011100908,"Tampa Bay Buccaneers",5.89473684210526,11.2666666666667
2011100909,"New England Patriots",7.68,17.75
2011100909,"New York Jets",8.0625,10.5
2011100910,"Denver Broncos",4.5,14.2307692307692
2011100910,"San Diego Chargers",7.5,10.0909090909091
2011100911,"Atlanta Falcons",5.95,12.8333333333333
2011100911,"Green Bay Packers",7.26923076923077,15.5384615384615
2011101000,"Chicago Bears",5.64285714285714,7.33333333333333
2011101000,"Detroit Lions",6.84210526315789,15
2011101600,"Buffalo Bills",4.85714285714286,9.375
2011101600,"New York Giants",8.04761904761905,16.1428571428571
2011101601,"Cincinnati Bengals",5.61538461538461,5.25
2011101601,"Indianapolis Colts",4.78260869565217,9.36363636363636
2011101602,"Jacksonville Jaguars",7.41666666666667,11.0666666666667
2011101602,"Pittsburgh Steelers",11.0833333333333,22.3333333333333
2011101603,"Philadelphia Eagles",9.38888888888889,7.85714285714286
2011101603,"Washington Redskins",7.29411764705882,14.85
2011101604,"Detroit Lions",5.76666666666667,9.41666666666667
2011101604,"San Francisco 49ers",3.94117647058824,8.93333333333333
2011101605,"Green Bay Packers",8.77777777777778,13.7272727272727
2011101605,"St. Louis Rams",5.3,10.3333333333333
2011101606,"Atlanta Falcons",5,16.9
2011101606,"Carolina Panthers",7.61904761904762,8.75
2011101607,"Cleveland Browns",4.95454545454545,11.3461538461538
2011101607,"Oakland Raiders",4.8125,13.7272727272727
2011101608,"Baltimore Ravens",10.75,7.38461538461539
2011101608,"Houston Texans",6.76190476190476,10
2011101609,"New Orleans Saints",8.03333333333333,9.33333333333333
2011101609,"Tampa Bay Buccaneers",6.95833333333333,9.9
2011101610,"Dallas Cowboys",5.18518518518519,10.5
2011101610,"New England Patriots",4.07407407407407,8.84615384615385
2011101611,"Chicago Bears",8.22727272727273,9.2
2011101611,"Minnesota Vikings",6.82758620689655,10.6428571428571
2011101700,"Miami Dolphins",6.8125,17
2011101700,"New York Jets",7.21428571428571,17.3333333333333
2011102300,"Denver Broncos",6.64285714285714,17.125
2011102300,"Miami Dolphins",5.5,8.54545454545454
2011102301,"New York Jets",5.3,13.7777777777778
2011102301,"San Diego Chargers",7.375,13.6
2011102302,"Houston Texans",7.94736842105263,18.4
2011102302,"Tennessee Titans",5.9375,14.5333333333333
2011102303,"Atlanta Falcons",5.8,9
2011102303,"Detroit Lions",5.88235294117647,12.4705882352941
2011102304,"Carolina Panthers",8.27777777777778,15.8333333333333
2011102304,"Washington Redskins",8.45454545454546,8.3125
2011102305,"Chicago Bears",7.23529411764706,9.57142857142857
2011102305,"Tampa Bay Buccaneers",5.63333333333333,9.3
2011102306,"Cleveland Browns",3.0952380952381,10.6428571428571
2011102306,"Seattle Seahawks",2.23076923076923,11.3888888888889
2011102307,"Arizona Cardinals",6.57894736842105,8.72222222222222
2011102307,"Pittsburgh Steelers",5.92592592592593,14.6875
2011102308,"Kansas City Chiefs",6.33333333333333,13.6923076923077
2011102308,"Oakland Raiders",6.875,18
2011102309,"Green Bay Packers",7.2,11.75
2011102309,"Minnesota Vikings",12.3846153846154,14.2941176470588
2011102310,"Dallas Cowboys",6.78571428571429,9.23076923076923
2011102310,"St. Louis Rams",1.55,9.46153846153846
2011102311,"Indianapolis Colts",4.16666666666667,14.5454545454545
2011102311,"New Orleans Saints",3.45161290322581,4.6
2011102400,"Baltimore Ravens",3.69565217391304,16.5882352941176
2011102400,"Jacksonville Jaguars",5.55555555555556,6.91666666666667
2011103000,"Miami Dolphins",8.28571428571429,12.4444444444444
2011103000,"New York Giants",6.625,14.7857142857143
2011103001,"Houston Texans",8.375,15.6428571428571
2011103001,"Jacksonville Jaguars",6.63636363636364,8.2
2011103002,"Indianapolis Colts",5.46153846153846,8.63636363636364
2011103002,"Tennessee Titans",4.54166666666667,11.1
2011103003,"Carolina Panthers",8.1304347826087,12.3571428571429
2011103003,"Minnesota Vikings",5.72222222222222,13.2727272727273
2011103004,"New Orleans Saints",5.46666666666667,12.1666666666667
2011103004,"St. Louis Rams",2.65,10.2777777777778
2011103005,"Arizona Cardinals",7.27272727272727,10.4166666666667
2011103005,"Baltimore Ravens",8.46875,16.4545454545455
2011103006,"Denver Broncos",6.38888888888889,17
2011103006,"Detroit Lions",8.45454545454546,3.2
2011103007,"Buffalo Bills",6.52380952380952,7.14285714285714
2011103007,"Washington Redskins",5.52380952380952,18.2727272727273
2011103008,"New England Patriots",4.45833333333333,13.8461538461538
2011103008,"Pittsburgh Steelers",5.16216216216216,11.0714285714286
2011103009,"Cleveland Browns",6.59090909090909,7.41666666666667
2011103009,"San Francisco 49ers",6.2,12.3
2011103010,"Cincinnati Bengals",5.15,12
2011103010,"Seattle Seahawks",9.2,14.9090909090909
2011103011,"Dallas Cowboys",5.72222222222222,6.23529411764706
2011103011,"Philadelphia Eagles",6.71428571428571,8.125
2011103100,"Kansas City Chiefs",9.5,15.0909090909091
2011103100,"San Diego Chargers",8.85714285714286,16.75
2011110600,"Buffalo Bills",5.8,13
2011110600,"New York Jets",7.14285714285714,13.7777777777778
2011110601,"Cleveland Browns",6.57142857142857,9.375
2011110601,"Houston Texans",5.42857142857143,3
2011110602,"Kansas City Chiefs",9.77272727272727,10.4761904761905
2011110602,"Miami Dolphins",9.82352941176471,9.16666666666667
2011110603,"Dallas Cowboys",9.05263157894737,11.8571428571429
2011110603,"Seattle Seahawks",8.64705882352941,12.8181818181818
2011110604,"San Francisco 49ers",7,10.625
2011110604,"Washington Redskins",3.58064516129032,6.52941176470588
2011110605,"New Orleans Saints",4.2962962962963,11.7
2011110605,"Tampa Bay Buccaneers",4.6551724137931,8.84615384615385
2011110606,"Atlanta Falcons",11.9285714285714,7.45454545454545
2011110606,"Indianapolis Colts",4.64705882352941,9.73333333333333
2011110607,"Denver Broncos",7.54545454545455,14.8571428571429
2011110607,"Oakland Raiders",12,12.9285714285714
2011110608,"Cincinnati Bengals",5.68181818181818,9.10526315789474
2011110608,"Tennessee Titans",6.04166666666667,11.95
2011110609,"New England Patriots",7.5,11.7368421052632
2011110609,"New York Giants",8.8,13.2857142857143
2011110610,"Green Bay Packers",9.61904761904762,11.4285714285714
2011110610,"San Diego Chargers",9.40740740740741,7.95
2011110611,"Arizona Cardinals",8.55,11.6470588235294
2011110611,"St. Louis Rams",6.17391304347826,17.8571428571429
2011110612,"Baltimore Ravens",7.5,14
2011110612,"Pittsburgh Steelers",11.85,10.0625
2011110700,"Chicago Bears",6.78947368421053,13.0588235294118
2011110700,"Philadelphia Eagles",4.76190476190476,11.9444444444444
2011111000,"Oakland Raiders",13.4285714285714,9.5
2011111000,"San Diego Chargers",6.08695652173913,11.4166666666667
2011111300,"Buffalo Bills",4.38095238095238,14.4545454545455
2011111300,"Dallas Cowboys",7.56521739130435,5.33333333333333
2011111301,"Carolina Panthers",5.39130434782609,10.8125
2011111301,"Tennessee Titans",7.47058823529412,7.53846153846154
2011111302,"Houston Texans",6.27272727272727,7.8
2011111302,"Tampa Bay Buccaneers",7.82352941176471,5.5
2011111303,"Cincinnati Bengals",8.5,8.64285714285714
2011111303,"Pittsburgh Steelers",8.59090909090909,16.3636363636364
2011111304,"Indianapolis Colts",4.85,12.8571428571429
2011111304,"Jacksonville Jaguars",2.5,5.66666666666667
2011111305,"Denver Broncos",19.5,21.1666666666667
2011111305,"Kansas City Chiefs",6.25,13.2777777777778
2011111306,"Arizona Cardinals",9.31818181818182,8.05555555555556
2011111306,"Philadelphia Eagles",3.47058823529412,15.8888888888889
2011111307,"Chicago Bears",13,8.41666666666667
2011111307,"Detroit Lions",7.09090909090909,7.11538461538461
2011111308,"Atlanta Falcons",7.35483870967742,15.2
2011111308,"New Orleans Saints",7.64516129032258,10
2011111309,"Miami Dolphins",6.95,10.9
2011111309,"Washington Redskins",8.23809523809524,8.9
2011111310,"Cleveland Browns",6.71428571428571,7.22222222222222
2011111310,"St. Louis Rams",4.46666666666667,10.8333333333333
2011111311,"Baltimore Ravens",4.45161290322581,13.5925925925926
2011111311,"Seattle Seahawks",6.33333333333333,11.6363636363636
2011111312,"New York Giants",7.26923076923077,15.3846153846154
2011111312,"San Francisco 49ers",8.35,9.5
2011111313,"New England Patriots",7.62962962962963,11.4285714285714
2011111313,"New York Jets",11.4285714285714,10.2105263157895
2011111400,"Green Bay Packers",6.96,8.55555555555556
2011111400,"Minnesota Vikings",7.76470588235294,8
2011111700,"Denver Broncos",4.22222222222222,15
2011111700,"New York Jets",4.79166666666667,11.8333333333333
2011112000,"Minnesota Vikings",6.35,11.5
2011112000,"Oakland Raiders",6.83333333333333,13.25
2011112001,"Atlanta Falcons",7.69230769230769,10.8333333333333
2011112001,"Tennessee Titans",7.47826086956522,10.5238095238095
2011112002,"Buffalo Bills",3.85714285714286,7.65217391304348
2011112002,"Miami Dolphins",7.21428571428571,6.85714285714286
2011112003,"Cleveland Browns",6.27777777777778,8.75
2011112003,"Jacksonville Jaguars",5.26086956521739,13.5
2011112004,"Baltimore Ravens",7.44444444444444,10.5555555555556
2011112004,"Cincinnati Bengals",11.48,11.1904761904762
2011112005,"Dallas Cowboys",7.69565217391304,14.8
2011112005,"Washington Redskins",7.74074074074074,11.6875
2011112006,"Carolina Panthers",4,21.2666666666667
2011112006,"Detroit Lions",6.3448275862069,18.8571428571429
2011112007,"Green Bay Packers",6.54166666666667,17.9285714285714
2011112007,"Tampa Bay Buccaneers",7.2,5
2011112008,"Arizona Cardinals",6.57142857142857,12.1052631578947
2011112008,"San Francisco 49ers",7.61904761904762,7.94444444444444
2011112009,"Seattle Seahawks",8.3125,16.2222222222222
2011112009,"St. Louis Rams",6.9,14.65
2011112010,"Chicago Bears",11.7777777777778,11.5714285714286
2011112010,"San Diego Chargers",8.04761904761905,8.77777777777778
2011112011,"New York Giants",9.22222222222222,14.6470588235294
2011112011,"Philadelphia Eagles",8.2,11.5
2011112100,"Kansas City Chiefs",6.54166666666667,9.1
2011112100,"New England Patriots",3.375,6.75
2011112400,"Detroit Lions",3.625,10.4545454545455
2011112400,"Green Bay Packers",6.40740740740741,9.92307692307692
2011112401,"Dallas Cowboys",5.5,15.6363636363636
2011112401,"Miami Dolphins",11.0526315789474,10
2011112402,"Baltimore Ravens",5.6,9.5
2011112402,"San Francisco 49ers",7.29411764705882,6.5
2011112700,"Buffalo Bills",7.51851851851852,16.7857142857143
2011112700,"New York Jets",7.16666666666667,13.7647058823529
2011112701,"Cincinnati Bengals",8.04761904761905,11.6363636363636
2011112701,"Cleveland Browns",6.82352941176471,7.70588235294118
2011112702,"Houston Texans",3.78947368421053,5.09090909090909
2011112702,"Jacksonville Jaguars",3.75,6.28571428571429
2011112703,"Atlanta Falcons",5.55555555555556,14.6666666666667
2011112703,"Minnesota Vikings",8.72222222222222,9.375
2011112704,"Arizona Cardinals",4,9.33333333333333
2011112704,"St. Louis Rams",9.16666666666667,14
2011112705,"Carolina Panthers",5.68181818181818,11.1428571428571
2011112705,"Indianapolis Colts",6.73333333333333,14
2011112706,"Tampa Bay Buccaneers",6.26315789473684,7.64285714285714
2011112706,"Tennessee Titans",3.1,10.5
2011112707,"Seattle Seahawks",4.26666666666667,13.6666666666667
2011112707,"Washington Redskins",6.57142857142857,15.3
2011112708,"Chicago Bears",8,9
2011112708,"Oakland Raiders",7.86363636363636,14.625
2011112709,"New England Patriots",6.6,9.63636363636364
2011112709,"Philadelphia Eagles",11.5384615384615,13.4782608695652
2011112710,"Denver Broncos",12.2222222222222,19.5555555555556
2011112710,"San Diego Chargers",5.78947368421053,9.36842105263158
2011112711,"Kansas City Chiefs",4.33333333333333,9.42857142857143
2011112711,"Pittsburgh Steelers",4.52380952380952,22.1666666666667
2011112800,"New Orleans Saints",7.26923076923077,9.4
2011112800,"New York Giants",6.51515151515152,8.41176470588235
2011120100,"Philadelphia Eagles",5.58823529411765,15.625
2011120100,"Seattle Seahawks",7.07692307692308,10.75
2011120400,"New York Jets",3.47368421052632,10.3571428571429
2011120400,"Washington Redskins",5.10526315789474,7.92307692307692
2011120401,"Chicago Bears",9.5,7.7
2011120401,"Kansas City Chiefs",5.35294117647059,7.8125
2011120402,"Buffalo Bills",6.24137931034483,10.3529411764706
2011120402,"Tennessee Titans",3.5,18.5555555555556
2011120403,"Miami Dolphins",9.38461538461539,14.1428571428571
2011120403,"Oakland Raiders",9.81818181818182,12.7142857142857
2011120404,"Baltimore Ravens",9.7,10.2857142857143
2011120404,"Cleveland Browns",5.94736842105263,5.78947368421053
2011120405,"Cincinnati Bengals",6.0625,9.13333333333333
2011120405,"Pittsburgh Steelers",5.53333333333333,19.1
2011120406,"Detroit Lions",6.71428571428571,10.1428571428571
2011120406,"New Orleans Saints",7.76923076923077,10.6363636363636
2011120407,"Carolina Panthers",8.92307692307692,14.75
2011120407,"Tampa Bay Buccaneers",12.5,11.6
2011120408,"Atlanta Falcons",9.9,13.0740740740741
2011120408,"Houston Texans",9.83333333333333,14.3571428571429
2011120409,"Denver Broncos",11.6363636363636,13.4
2011120409,"Minnesota Vikings",6,11.7894736842105
2011120410,"Green Bay Packers",8.92857142857143,13.8947368421053
2011120410,"New York Giants",9.34782608695652,12.2222222222222
2011120411,"Arizona Cardinals",7.6875,14.4545454545455
2011120411,"Dallas Cowboys",7.89285714285714,18.6428571428571
2011120412,"San Francisco 49ers",7.58823529411765,17.7272727272727
2011120412,"St. Louis Rams",7.64285714285714,10.5555555555556
2011120413,"Indianapolis Colts",8.1,7.66666666666667
2011120413,"New England Patriots",7.17241379310345,14.2
2011120500,"Jacksonville Jaguars",1.89473684210526,5.23076923076923
2011120500,"San Diego Chargers",10.2083333333333,13.1428571428571
2011120800,"Cleveland Browns",8.25,12
2011120800,"Pittsburgh Steelers",7.15789473684211,13
2011121100,"New England Patriots",5.86363636363636,8.6
2011121100,"Washington Redskins",11.1363636363636,7
2011121101,"Green Bay Packers",9.66666666666667,16.3684210526316
2011121101,"Oakland Raiders",6.38461538461539,11.4
2011121102,"Kansas City Chiefs",6.88235294117647,9.2
2011121102,"New York Jets",4.28571428571429,12.0769230769231
2011121103,"Cincinnati Bengals",6.5,8.84615384615385
2011121103,"Houston Texans",6.03846153846154,13.6666666666667
2011121104,"Baltimore Ravens",5.69565217391304,12.4285714285714
2011121104,"Indianapolis Colts",6.52941176470588,8.05263157894737
2011121105,"Detroit Lions",4.1,13.8
2011121105,"Minnesota Vikings",5.21739130434783,17.4444444444444
2011121106,"Atlanta Falcons",8.8695652173913,11
2011121106,"Carolina Panthers",6.84210526315789,13.1666666666667
2011121107,"Miami Dolphins",4.82352941176471,12.0833333333333
2011121107,"Philadelphia Eagles",7.93333333333333,12.4
2011121108,"Jacksonville Jaguars",5.65,11.4285714285714
2011121108,"Tampa Bay Buccaneers",4.88235294117647,10.2
2011121109,"New Orleans Saints",5.69230769230769,9.08333333333333
2011121109,"Tennessee Titans",6.57894736842105,10.2105263157895
2011121110,"Arizona Cardinals",5.76190476190476,10
2011121110,"San Francisco 49ers",4.77777777777778,11.35
2011121111,"Chicago Bears",4.53846153846154,10.7142857142857
2011121111,"Denver Broncos",8.19047619047619,16.25
2011121112,"Buffalo Bills",8.26666666666667,10.05
2011121112,"San Diego Chargers",7.25,12.3
2011121113,"Dallas Cowboys",7.95238095238095,9.08333333333333
2011121113,"New York Giants",9.66666666666667,12.6818181818182
2011121200,"Seattle Seahawks",4.90476190476191,13.0714285714286
2011121200,"St. Louis Rams",6.91666666666667,10.5714285714286
2011121500,"Atlanta Falcons",5.76923076923077,9.11111111111111
2011121500,"Jacksonville Jaguars",6.61538461538461,13.4444444444444
2011121700,"Dallas Cowboys",5.32,5.28571428571429
2011121700,"Tampa Bay Buccaneers",4.16666666666667,10
2011121800,"Cincinnati Bengals",5.53333333333333,9.6
2011121800,"St. Louis Rams",5.04,14.25
2011121801,"Buffalo Bills",4.54838709677419,13.875
2011121801,"Miami Dolphins",14.2727272727273,11.75
2011121802,"Indianapolis Colts",4.09090909090909,6.5
2011121802,"Tennessee Titans",3.41025641025641,4.375
2011121803,"New York Giants",5.54166666666667,17.2
2011121803,"Washington Redskins",8.93333333333333,17.1428571428571
2011121804,"Chicago Bears",7.36363636363636,7.90909090909091
2011121804,"Seattle Seahawks",6.73684210526316,11.5384615384615
2011121805,"Minnesota Vikings",3.85714285714286,12.9411764705882
2011121805,"New Orleans Saints",6.36363636363636,20.9166666666667
2011121806,"Carolina Panthers",4.92857142857143,14.2727272727273
2011121806,"Houston Texans",5.28571428571429,7.9
2011121807,"Green Bay Packers",8.16666666666667,16
2011121807,"Kansas City Chiefs",5.56521739130435,14.375
2011121808,"Detroit Lions",9,12.5
2011121808,"Oakland Raiders",4.97058823529412,17
2011121809,"New York Jets",5.4375,12.2
2011121809,"Philadelphia Eagles",10.9375,7.57142857142857
2011121810,"Arizona Cardinals",7.53571428571429,12.8421052631579
2011121810,"Cleveland Browns",6.84210526315789,10.1538461538462
2011121811,"Denver Broncos",10.8333333333333,14.75
2011121811,"New England Patriots",5.44,10.25
2011121812,"Baltimore Ravens",4.75,10.2222222222222
2011121812,"San Diego Chargers",10,12.1666666666667
2011121900,"Pittsburgh Steelers",7,12.5
2011121900,"San Francisco 49ers",5.47368421052632,10.0714285714286
2011122200,"Houston Texans",5,17.5
2011122200,"Indianapolis Colts",7.95652173913043,12.1363636363636
2011122400,"Buffalo Bills",3.8,6
2011122400,"Denver Broncos",10,17.125
2011122401,"Miami Dolphins",12.625,13.8235294117647
2011122401,"New England Patriots",5.92592592592593,6.73684210526316
2011122402,"Baltimore Ravens",2.72727272727273,16.6923076923077
2011122402,"Cleveland Browns",6.15789473684211,11.0625
2011122403,"Jacksonville Jaguars",5.85714285714286,9.95
2011122403,"Tennessee Titans",10.44,16
2011122404,"Kansas City Chiefs",7.8695652173913,8.375
2011122404,"Oakland Raiders",8.38888888888889,11.1111111111111
2011122405,"New York Giants",9.33333333333333,12.0588235294118
2011122405,"New York Jets",5.38709677419355,7.74193548387097
2011122406,"Minnesota Vikings",9,11.1666666666667
2011122406,"Washington Redskins",5.40740740740741,9.78571428571429
2011122407,"Carolina Panthers",2.75,6.4
2011122407,"Tampa Bay Buccaneers",5.1,16.75
2011122408,"Arizona Cardinals",8,12.5555555555556
2011122408,"Cincinnati Bengals",5.94444444444444,11.5333333333333
2011122409,"Pittsburgh Steelers",7.73333333333333,8
2011122409,"St. Louis Rams",7,11.6470588235294
2011122410,"Detroit Lions",8.75862068965517,14.7142857142857
2011122410,"San Diego Chargers",6.6551724137931,12.1304347826087
2011122411,"Dallas Cowboys",3.95833333333333,10.1764705882353
2011122411,"Philadelphia Eagles",11.5,7.2
2011122412,"San Francisco 49ers",9.57142857142857,11.5
2011122412,"Seattle Seahawks",5.4375,14.3333333333333
2011122500,"Chicago Bears",7.7,11.1428571428571
2011122500,"Green Bay Packers",7.61904761904762,12
2011122600,"Atlanta Falcons",7.16666666666667,10.9473684210526
2011122600,"New Orleans Saints",9.04347826086956,11.4
2012010100,"Miami Dolphins",3.90909090909091,14
2012010100,"New York Jets",6.40909090909091,8.3
2012010101,"Buffalo Bills",6.44827586206897,14
2012010101,"New England Patriots",5.83333333333333,12.6923076923077
2012010102,"Baltimore Ravens",3.66666666666667,21.8333333333333
2012010102,"Cincinnati Bengals",4.95652173913043,12.0416666666667
2012010103,"Cleveland Browns",8.3125,7.5
2012010103,"Pittsburgh Steelers",6.1304347826087,7.47368421052632
2012010104,"Houston Texans",7.54545454545455,6.09090909090909
2012010104,"Tennessee Titans",8.63636363636364,10.6923076923077
2012010105,"Indianapolis Colts",5.44444444444444,8.90909090909091
2012010105,"Jacksonville Jaguars",4.27272727272727,10
2012010106,"Dallas Cowboys",3.96551724137931,10.25
2012010106,"New York Giants",6.36,8.3
2012010107,"Philadelphia Eagles",9.5,14.3571428571429
2012010107,"Washington Redskins",4.08695652173913,14.3913043478261
2012010108,"Detroit Lions",9.91666666666667,14.2608695652174
2012010108,"Green Bay Packers",8.61290322580645,10.5384615384615
2012010109,"Chicago Bears",6.66666666666667,14
2012010109,"Minnesota Vikings",6.31818181818182,9.77777777777778
2012010110,"Atlanta Falcons",8.84615384615385,8.85714285714286
2012010110,"Tampa Bay Buccaneers",5.09677419354839,13.5454545454545
2012010111,"Carolina Panthers",4.93333333333333,9.4
2012010111,"New Orleans Saints",8.75,5.83333333333333
2012010112,"San Francisco 49ers",4.28571428571429,6.6
2012010112,"St. Louis Rams",12.1428571428571,13.2631578947368
2012010113,"Denver Broncos",8.5,15.1875
2012010113,"Kansas City Chiefs",8.33333333333333,9.35714285714286
2012010114,"Oakland Raiders",9.58620689655172,15.875
2012010114,"San Diego Chargers",9.35,11.6666666666667
2012010115,"Arizona Cardinals",7.36363636363636,17.3529411764706
2012010115,"Seattle Seahawks",7.90909090909091,17.6
2012090500,"Dallas Cowboys",9.04347826086956,6.66666666666667
2012090500,"New York Giants",6.47619047619048,12.3333333333333
2012090900,"Chicago Bears",11.2380952380952,12.2352941176471
2012090900,"Indianapolis Colts",9.56521739130435,7.71428571428571
2012090901,"Jacksonville Jaguars",6.875,6.4375
2012090901,"Minnesota Vikings",6.1,10.1428571428571
2012090902,"Buffalo Bills",7.38888888888889,13.6363636363636
2012090902,"New York Jets",9.89473684210526,10
2012090903,"Houston Texans",8.55,10.5833333333333
2012090903,"Miami Dolphins",5.1,8.42857142857143
2012090904,"New England Patriots",6.04347826086957,15.25
2012090904,"Tennessee Titans",4.8,8.64285714285714
2012090905,"Detroit Lions",6.65625,12
2012090905,"St. Louis Rams",6.16666666666667,18.625
2012090906,"New Orleans Saints",10.4166666666667,9.53125
2012090906,"Washington Redskins",5.7,17.75
2012090907,"Cleveland Browns",2.58333333333333,8.75
2012090907,"Philadelphia Eagles",7.16129032258065,13.64
2012090908,"Atlanta Falcons",7.1304347826087,9.625
2012090908,"Kansas City Chiefs",8.90476190476191,4.6
2012090909,"Green Bay Packers",5.72727272727273,16.625
2012090909,"San Francisco 49ers",5.9,12.4444444444444
2012090910,"Arizona Cardinals",7.05,7.27777777777778
2012090910,"Seattle Seahawks",6.38888888888889,11.3
2012090911,"Carolina Panthers",8.91304347826087,16.125
2012090911,"Tampa Bay Buccaneers",5.27777777777778,8.77777777777778
2012090912,"Denver Broncos",6.73684210526316,12.25
2012090912,"Pittsburgh Steelers",6.54166666666667,12.4444444444444
2012091000,"Baltimore Ravens",9.95652173913044,12.8333333333333
2012091000,"Cincinnati Bengals",4.45454545454545,11.8
2012091001,"Oakland Raiders",5.4375,13.3888888888889
2012091001,"San Diego Chargers",5.875,11.2727272727273
2012091300,"Chicago Bears",6.36363636363636,15.5714285714286
2012091300,"Green Bay Packers",4.52173913043478,13.2
2012091600,"New York Giants",10.4838709677419,11
2012091600,"Tampa Bay Buccaneers",12.2666666666667,15.7272727272727
2012091601,"Carolina Panthers",8.14285714285714,8.57142857142857
2012091601,"New Orleans Saints",4,5.25
2012091602,"Arizona Cardinals",4.88235294117647,7.5
2012091602,"New England Patriots",6.60714285714286,15.6666666666667
2012091603,"Indianapolis Colts",7.76190476190476,8.61538461538461
2012091603,"Minnesota Vikings",3.92592592592593,14.0909090909091
2012091604,"Baltimore Ravens",7.08333333333333,14.4090909090909
2012091604,"Philadelphia Eagles",12.3478260869565,4
2012091605,"Buffalo Bills",4.6,8.11111111111111
2012091605,"Kansas City Chiefs",7.79166666666667,15
2012091606,"Cincinnati Bengals",6.875,20.75
2012091606,"Cleveland Browns",5.23076923076923,15.1666666666667
2012091607,"Houston Texans",2.38461538461538,10
2012091607,"Jacksonville Jaguars",6.55555555555556,10.2
2012091608,"Dallas Cowboys",6.78260869565217,16.6875
2012091608,"Seattle Seahawks",6.66666666666667,13.8
2012091609,"St. Louis Rams",6.42857142857143,11.4444444444444
2012091609,"Washington Redskins",6.05,9.77777777777778
2012091610,"New York Jets",10.4,12.9565217391304
2012091610,"Pittsburgh Steelers",6.96,11.7142857142857
2012091611,"San Diego Chargers",5.65384615384615,13.4444444444444
2012091611,"Tennessee Titans",6.4,10.2857142857143
2012091612,"Miami Dolphins",8.55555555555556,7.30769230769231
2012091612,"Oakland Raiders",6.95833333333333,10.56
2012091613,"Detroit Lions",3.68421052631579,12.6
2012091613,"San Francisco 49ers",5.1,6.83333333333333
2012091700,"Atlanta Falcons",6.75,10
2012091700,"Denver Broncos",6.2,10.5
2012092000,"Carolina Panthers",8.05,8.61538461538461
2012092000,"New York Giants",6.89285714285714,7.125
2012092300,"Dallas Cowboys",6.56,19.5714285714286
2012092300,"Tampa Bay Buccaneers",4.72727272727273,10.95
2012092301,"Chicago Bears",5.70588235294118,8.73333333333333
2012092301,"St. Louis Rams",5.83333333333333,6.8
2012092302,"Minnesota Vikings",3.68181818181818,9.2
2012092302,"San Francisco 49ers",5.45833333333333,8.7
2012092303,"Detroit Lions",6.74418604651163,10.25
2012092303,"Tennessee Titans",7.10344827586207,8.28571428571429
2012092304,"Cincinnati Bengals",10.8571428571429,10.1111111111111
2012092304,"Washington Redskins",5.22727272727273,12.2142857142857
2012092305,"Kansas City Chiefs",3.84615384615385,14.3888888888889
2012092305,"New Orleans Saints",7.7,9.125
2012092306,"Miami Dolphins",9.3125,12.2608695652174
2012092306,"New York Jets",8.5,13.12
2012092307,"Buffalo Bills",4.56521739130435,5.42857142857143
2012092307,"Cleveland Browns",4.25,11.8666666666667
2012092308,"Indianapolis Colts",8.81818181818182,14.32
2012092308,"Jacksonville Jaguars",3.7,10.6923076923077
2012092309,"Arizona Cardinals",6.29411764705882,7.42857142857143
2012092309,"Philadelphia Eagles",8.35294117647059,11.8
2012092310,"Atlanta Falcons",6.75,9.8
2012092310,"San Diego Chargers",2.95238095238095,14.1333333333333
2012092311,"Denver Broncos",9.42857142857143,11.3448275862069
2012092311,"Houston Texans",9.47058823529412,15.8571428571429
2012092312,"Oakland Raiders",5.29166666666667,14.8
2012092312,"Pittsburgh Steelers",5.35135135135135,13.8461538461538
2012092313,"Baltimore Ravens",7.72413793103448,23.0666666666667
2012092313,"New England Patriots",7.36666666666667,8.93333333333333
2012092400,"Green Bay Packers",4.53571428571429,5.375
2012092400,"Seattle Seahawks",9.7,15.3076923076923
2012092700,"Baltimore Ravens",8.13793103448276,18.4210526315789
2012092700,"Cleveland Browns",7.48,12.2692307692308
2012093000,"Buffalo Bills",7.27272727272727,16.3846153846154
2012093000,"New England Patriots",8.95454545454546,12.7857142857143
2012093001,"Houston Texans",4.71428571428571,10.75
2012093001,"Tennessee Titans",4.38888888888889,10.375
2012093002,"Kansas City Chiefs",6.92307692307692,7.05263157894737
2012093002,"San Diego Chargers",4.61111111111111,15.8571428571429
2012093003,"Detroit Lions",5.03333333333333,15.9565217391304
2012093003,"Minnesota Vikings",3.125,13
2012093004,"Atlanta Falcons",8.65384615384615,11.1875
2012093004,"Carolina Panthers",8.93333333333333,7.27272727272727
2012093005,"Seattle Seahawks",4.76470588235294,13.6
2012093005,"St. Louis Rams",8.44444444444444,8.30769230769231
2012093006,"New York Jets",4.53333333333333,10.4
2012093006,"San Francisco 49ers",8.76923076923077,18.1666666666667
2012093007,"Arizona Cardinals",8.37931034482759,9.94444444444444
2012093007,"Miami Dolphins",10.1153846153846,11.8571428571429
2012093008,"Denver Broncos",3.7741935483871,9.88888888888889
2012093008,"Oakland Raiders",5.36842105263158,16.6875
2012093009,"Cincinnati Bengals",6.45,12.3636363636364
2012093009,"Jacksonville Jaguars",4.21739130434783,8.09090909090909
2012093010,"Green Bay Packers",5.12903225806452,16.6666666666667
2012093010,"New Orleans Saints",7.48571428571429,6.95238095238095
2012093011,"Tampa Bay Buccaneers",9.04166666666667,5.78571428571429
2012093011,"Washington Redskins",5.07692307692308,15.8333333333333
2012093012,"New York Giants",8.11538461538461,16
2012093012,"Philadelphia Eagles",8.10526315789474,11.5
2012100100,"Chicago Bears",9.73684210526316,18.1666666666667
2012100100,"Dallas Cowboys",5.90243902439024,17.125
2012100400,"Arizona Cardinals",5.20689655172414,12.0833333333333
2012100400,"St. Louis Rams",17.125,12.3076923076923
2012100700,"Atlanta Falcons",6.52777777777778,16.4705882352941
2012100700,"Washington Redskins",6.4,9.57142857142857
2012100701,"Philadelphia Eagles",5.25,22.4545454545455
2012100701,"Pittsburgh Steelers",3.08695652173913,12
2012100702,"Green Bay Packers",6.04761904761905,13.1333333333333
2012100702,"Indianapolis Colts",8.46875,12.5769230769231
2012100703,"Cleveland Browns",4.83333333333333,5.58333333333333
2012100703,"New York Giants",6.84,10.0666666666667
2012100704,"Minnesota Vikings",4.4,12.2222222222222
2012100704,"Tennessee Titans",4.41935483870968,8.27777777777778
2012100705,"Cincinnati Bengals",4.92307692307692,10.6666666666667
2012100705,"Miami Dolphins",6.88235294117647,14.7272727272727
2012100706,"Baltimore Ravens",6.69230769230769,15.3571428571429
2012100706,"Kansas City Chiefs",8.30769230769231,9.6
2012100707,"Carolina Panthers",7.16666666666667,8.42105263157895
2012100707,"Seattle Seahawks",9.3,9.25
2012100708,"Chicago Bears",7.625,10.75
2012100708,"Jacksonville Jaguars",6.94444444444444,12.0666666666667
2012100709,"Denver Broncos",6.70967741935484,13.1428571428571
2012100709,"New England Patriots",4.58333333333333,13.4545454545455
2012100710,"Buffalo Bills",4.625,16.7777777777778
2012100710,"San Francisco 49ers",10.4761904761905,10.7142857142857
2012100711,"New Orleans Saints",7.58620689655172,9.86666666666667
2012100711,"San Diego Chargers",5.86206896551724,13.125
2012100800,"Houston Texans",7.26666666666667,9
2012100800,"New York Jets",12.8571428571429,10.6875
2012101100,"Pittsburgh Steelers",6.33333333333333,9.5
2012101100,"Tennessee Titans",7.2,14.7
2012101400,"Atlanta Falcons",7.32,10
2012101400,"Oakland Raiders",8.58333333333333,8.7
2012101401,"Kansas City Chiefs",4.59090909090909,8.92857142857143
2012101401,"Tampa Bay Buccaneers",11.2,13.7272727272727
2012101402,"Indianapolis Colts",8.18181818181818,12.6
2012101402,"New York Jets",4.75,6.28571428571429
2012101403,"Cincinnati Bengals",6.6969696969697,10.3846153846154
2012101403,"Cleveland Browns",6.05882352941176,2.81818181818182
2012101404,"Detroit Lions",8.65217391304348,8.75
2012101404,"Philadelphia Eagles",5.7,11.6111111111111
2012101405,"Miami Dolphins",4.22727272727273,3.1
2012101405,"St. Louis Rams",7.5,7.4
2012101406,"Baltimore Ravens",8.52941176470588,11.8
2012101406,"Dallas Cowboys",6.65384615384615,12.3076923076923
2012101407,"Arizona Cardinals",6.23529411764706,8.2
2012101407,"Buffalo Bills",2.22222222222222,10.6
2012101408,"New England Patriots",7.19444444444444,8.47619047619048
2012101408,"Seattle Seahawks",14.8125,18.5
2012101409,"New York Giants",11.4666666666667,11.2307692307692
2012101409,"San Francisco 49ers",9.04347826086956,9.36363636363636
2012101410,"Minnesota Vikings",3.14285714285714,11.8823529411765
2012101410,"Washington Redskins",5.77777777777778,15.2
2012101411,"Green Bay Packers",9.68,14.2857142857143
2012101411,"Houston Texans",5.18181818181818,9.42857142857143
2012101500,"Denver Broncos",8,6.6
2012101500,"San Diego Chargers",4.76923076923077,13.6923076923077
2012101800,"San Francisco 49ers",3.35714285714286,16
2012101800,"Seattle Seahawks",6.66666666666667,17.3076923076923
2012102100,"New York Giants",7.88888888888889,10.0714285714286
2012102100,"Washington Redskins",8.80952380952381,19.4285714285714
2012102101,"Arizona Cardinals",4.56,10.7
2012102101,"Minnesota Vikings",3,10.3
2012102102,"Carolina Panthers",6.19047619047619,12.7647058823529
2012102102,"Dallas Cowboys",6.125,10.4545454545455
2012102103,"New Orleans Saints",10.037037037037,8.22222222222222
2012102103,"Tampa Bay Buccaneers",9,12.0952380952381
2012102104,"Green Bay Packers",7.12903225806452,15.2857142857143
2012102104,"St. Louis Rams",5.09523809523809,11.3076923076923
2012102105,"Baltimore Ravens",2.85714285714286,12.1363636363636
2012102105,"Houston Texans",8.34782608695652,9
2012102106,"Cleveland Browns",4.92307692307692,19.5
2012102106,"Indianapolis Colts",7.88235294117647,18.3571428571429
2012102107,"Buffalo Bills",3.67857142857143,5
2012102107,"Tennessee Titans",5.34782608695652,11.9166666666667
2012102108,"New England Patriots",4.5,20.0555555555556
2012102108,"New York Jets",8.48275862068965,10.4285714285714
2012102109,"Jacksonville Jaguars",6,7.66666666666667
2012102109,"Oakland Raiders",5.7037037037037,11.1428571428571
2012102110,"Cincinnati Bengals",3.92857142857143,10.5384615384615
2012102110,"Pittsburgh Steelers",5.25925925925926,14.7
2012102200,"Chicago Bears",4.82352941176471,8.75
2012102200,"Detroit Lions",7.53571428571429,10.5
2012102500,"Minnesota Vikings",4.73684210526316,13.75
2012102500,"Tampa Bay Buccaneers",6.26315789473684,7
2012102800,"Green Bay Packers",3.60869565217391,14
2012102800,"Jacksonville Jaguars",5.48148148148148,9.07407407407407
2012102801,"Miami Dolphins",8.30769230769231,15.5454545454545
2012102801,"New York Jets",6.48275862068965,8.23076923076923
2012102802,"Cleveland Browns",4,4.4375
2012102802,"San Diego Chargers",2.16666666666667,14.875
2012102803,"Indianapolis Colts",7.07692307692308,6.54545454545455
2012102803,"Tennessee Titans",9.20833333333333,11.625
2012102804,"New England Patriots",5.34615384615385,8.64705882352941
2012102804,"St. Louis Rams",7.32,7.125
2012102805,"Atlanta Falcons",3.75,6
2012102805,"Philadelphia Eagles",3.38095238095238,7.86666666666667
2012102806,"Carolina Panthers",9,10.4761904761905
2012102806,"Chicago Bears",6.89473684210526,9.11111111111111
2012102807,"Detroit Lions",5.26470588235294,9.71428571428571
2012102807,"Seattle Seahawks",6.16,13.6363636363636
2012102808,"Pittsburgh Steelers",3.79166666666667,7.55555555555556
2012102808,"Washington Redskins",6.125,13
2012102809,"Kansas City Chiefs",3.86363636363636,9.63636363636364
2012102809,"Oakland Raiders",3.57142857142857,10.7142857142857
2012102810,"Dallas Cowboys",8.43243243243243,15.4782608695652
2012102810,"New York Giants",8.4,12.6153846153846
2012102811,"Denver Broncos",6.59090909090909,9.4
2012102811,"New Orleans Saints",4.90909090909091,12.3157894736842
2012102900,"Arizona Cardinals",4.17647058823529,10.75
2012102900,"San Francisco 49ers",4.94444444444444,6
2012110100,"Kansas City Chiefs",4.94736842105263,15.1818181818182
2012110100,"San Diego Chargers",8.38888888888889,6
2012110400,"Carolina Panthers",8,13.1428571428571
2012110400,"Washington Redskins",6.19230769230769,9.23529411764706
2012110401,"Arizona Cardinals",8.82608695652174,11
2012110401,"Green Bay Packers",6.92857142857143,10.75
2012110402,"Detroit Lions",7.36363636363636,10.6666666666667
2012110402,"Jacksonville Jaguars",5.85185185185185,12.4444444444444
2012110403,"Chicago Bears",7.5,6.75
2012110403,"Tennessee Titans",7.7,10.7857142857143
2012110404,"Cincinnati Bengals",6.46428571428571,11.1764705882353
2012110404,"Denver Broncos",5.82142857142857,15.4285714285714
2012110405,"Baltimore Ravens",6.33333333333333,16.9
2012110405,"Cleveland Browns",4.59090909090909,10.9411764705882
2012110406,"Buffalo Bills",4.56,10.7692307692308
2012110406,"Houston Texans",9.23809523809524,11.125
2012110407,"Indianapolis Colts",8.78125,17.2
2012110407,"Miami Dolphins",8.13636363636364,7.44444444444444
2012110408,"Minnesota Vikings",2.63636363636364,9.27272727272727
2012110408,"Seattle Seahawks",6.27777777777778,9.66666666666667
2012110409,"Oakland Raiders",5.76190476190476,14
2012110409,"Tampa Bay Buccaneers",8.16666666666667,17.5833333333333
2012110410,"New York Giants",7.2,16.9375
2012110410,"Pittsburgh Steelers",4.54545454545455,6.5
2012110411,"Atlanta Falcons",7.76,11.8461538461538
2012110411,"Dallas Cowboys",8.40740740740741,8
2012110500,"New Orleans Saints",6.42857142857143,8.875
2012110500,"Philadelphia Eagles",5.95652173913043,13.0555555555556
2012110800,"Indianapolis Colts",8.88888888888889,14.625
2012110800,"Jacksonville Jaguars",7.45161290322581,14.4761904761905
2012111100,"Carolina Panthers",3.16666666666667,13.3125
2012111100,"Denver Broncos",6.64285714285714,10.8333333333333
2012111101,"San Diego Chargers",7.3448275862069,17.5714285714286
2012111101,"Tampa Bay Buccaneers",9.57142857142857,19.1666666666667
2012111102,"Miami Dolphins",5.1304347826087,9.85714285714286
2012111102,"Tennessee Titans",11.1111111111111,10.2307692307692
2012111103,"Buffalo Bills",5.42857142857143,8.5
2012111103,"New England Patriots",4.47826086956522,13.0526315789474
2012111104,"Baltimore Ravens",9.27272727272727,10.3076923076923
2012111104,"Oakland Raiders",7.41379310344828,14.3125
2012111105,"Cincinnati Bengals",6.23809523809524,10.2222222222222
2012111105,"New York Giants",5.4,9
2012111106,"Atlanta Falcons",8.41176470588235,8.5
2012111106,"New Orleans Saints",7.85714285714286,12.8
2012111107,"Detroit Lions",8.78571428571429,5.76923076923077
2012111107,"Minnesota Vikings",6.2,7.875
2012111108,"New York Jets",6,8.21428571428571
2012111108,"Seattle Seahawks",9,11.6666666666667
2012111109,"Dallas Cowboys",6.21052631578947,9.14285714285714
2012111109,"Philadelphia Eagles",4.41935483870968,10.6875
2012111110,"San Francisco 49ers",5.73684210526316,8.57142857142857
2012111110,"St. Louis Rams",7.43333333333333,6.2
2012111111,"Chicago Bears",5.66666666666667,16.3076923076923
2012111111,"Houston Texans",4.42857142857143,7.1
2012111200,"Kansas City Chiefs",9.08333333333333,11.7142857142857
2012111200,"Pittsburgh Steelers",5.625,13.8333333333333
2012111500,"Buffalo Bills",3.23529411764706,8.93333333333333
2012111500,"Miami Dolphins",7.46666666666667,15.2142857142857
2012111800,"Philadelphia Eagles",2.59090909090909,11.6
2012111800,"Washington Redskins",11.4285714285714,8
2012111801,"Detroit Lions",10.3529411764706,17.1304347826087
2012111801,"Green Bay Packers",6.1,11.8
2012111802,"Arizona Cardinals",2.83333333333333,13.5
2012111802,"Atlanta Falcons",5.78571428571429,14.1428571428571
2012111803,"Carolina Panthers",9.11111111111111,11.7857142857143
2012111803,"Tampa Bay Buccaneers",7.2,11.3
2012111804,"Cleveland Browns",5.55,6.73333333333333
2012111804,"Dallas Cowboys",6.54285714285714,14.304347826087
2012111805,"New York Jets",7.0625,11.8333333333333
2012111805,"St. Louis Rams",3.45833333333333,11.8095238095238
2012111806,"Indianapolis Colts",8.22222222222222,16.695652173913
2012111806,"New England Patriots",6.6,10.9090909090909
2012111807,"Houston Texans",8.16279069767442,13.5833333333333
2012111807,"Jacksonville Jaguars",10.4444444444444,9.23529411764706
2012111808,"Cincinnati Bengals",7.66666666666667,15.8333333333333
2012111808,"Kansas City Chiefs",7.11764705882353,10.9230769230769
2012111809,"New Orleans Saints",5.95238095238095,17.5714285714286
2012111809,"Oakland Raiders",6.36363636363636,11.4210526315789
2012111810,"Denver Broncos",6.88,11.6875
2012111810,"San Diego Chargers",6.54166666666667,11.6875
2012111811,"Baltimore Ravens",5.5,15.6153846153846
2012111811,"Pittsburgh Steelers",6.47368421052632,14.8095238095238
2012111900,"Chicago Bears",4.71428571428571,15.8333333333333
2012111900,"San Francisco 49ers",9.25,17.375
2012112200,"Detroit Lions",8.46875,12.5666666666667
2012112200,"Houston Texans",5.86206896551724,12.7894736842105
2012112201,"Dallas Cowboys",5.02702702702703,10.2083333333333
2012112201,"Washington Redskins",8.47368421052632,6.625
2012112202,"New England Patriots",8.47368421052632,14.7
2012112202,"New York Jets",7.07407407407407,8.55555555555556
2012112500,"Cincinnati Bengals",7.9375,11.8571428571429
2012112500,"Oakland Raiders",3.15789473684211,8.21428571428571
2012112501,"Cleveland Browns",4.31578947368421,13.5
2012112501,"Pittsburgh Steelers",3.375,17.2307692307692
2012112502,"Buffalo Bills",3.27777777777778,12.1875
2012112502,"Indianapolis Colts",6.55,12.6842105263158
2012112503,"Jacksonville Jaguars",9.29411764705882,12.3
2012112503,"Tennessee Titans",6.95652173913043,12.9375
2012112504,"Denver Broncos",8.86363636363636,12.5
2012112504,"Kansas City Chiefs",5,15.6153846153846
2012112505,"Chicago Bears",5.45833333333333,13
2012112505,"Minnesota Vikings",3.18181818181818,9.80952380952381
2012112506,"Atlanta Falcons",6.23076923076923,9.71428571428571
2012112506,"Tampa Bay Buccaneers",9.63636363636364,21.4545454545455
2012112507,"Miami Dolphins",10.7222222222222,5.22222222222222
2012112507,"Seattle Seahawks",7.23809523809524,12.8333333333333
2012112508,"Baltimore Ravens",4.80645161290323,16.8181818181818
2012112508,"San Diego Chargers",4.91666666666667,6.73333333333333
2012112509,"New Orleans Saints",6.51851851851852,14.8666666666667
2012112509,"San Francisco 49ers",6.38888888888889,7
2012112510,"Arizona Cardinals",6.40625,13.1764705882353
2012112510,"St. Louis Rams",17.75,11.5555555555556
2012112511,"Green Bay Packers",6.8,6.75
2012112511,"New York Giants",8.625,8.5
2012112600,"Carolina Panthers",9.61111111111111,6.4
2012112600,"Philadelphia Eagles",5.625,17.8333333333333
2012112900,"Atlanta Falcons",4.44444444444444,14.8666666666667
2012112900,"New Orleans Saints",8.44827586206897,12.3333333333333
2012120200,"Chicago Bears",9.22222222222222,17.7272727272727
2012120200,"Seattle Seahawks",7.54166666666667,17.4285714285714
2012120201,"Green Bay Packers",6.46428571428571,19.4
2012120201,"Minnesota Vikings",5.16666666666667,18
2012120202,"San Francisco 49ers",6.42857142857143,9.46153846153846
2012120202,"St. Louis Rams",4.25925925925926,13.9285714285714
2012120203,"Arizona Cardinals",5,12.4761904761905
2012120203,"New York Jets",6.13333333333333,11.7
2012120204,"Carolina Panthers",10.2666666666667,17
2012120204,"Kansas City Chiefs",6.94736842105263,12
2012120205,"Detroit Lions",7.66666666666667,12.6842105263158
2012120205,"Indianapolis Colts",8.5,11.8571428571429
2012120206,"Buffalo Bills",8.33333333333333,6.5
2012120206,"Jacksonville Jaguars",7.4,14.8148148148148
2012120207,"Miami Dolphins",9.76923076923077,13.3529411764706
2012120207,"New England Patriots",4.41666666666667,12.7058823529412
2012120208,"Houston Texans",4.5,8.21428571428571
2012120208,"Tennessee Titans",9.58333333333333,9.08695652173913
2012120209,"Denver Broncos",5.62068965517241,10.4615384615385
2012120209,"Tampa Bay Buccaneers",8.45,13.7142857142857
2012120210,"Baltimore Ravens",7.70588235294118,19.0526315789474
2012120210,"Pittsburgh Steelers",5.92,18.1818181818182
2012120211,"Cleveland Browns",7,6.33333333333333
2012120211,"Oakland Raiders",7.11428571428571,11.2105263157895
2012120212,"Cincinnati Bengals",4.96,8.5
2012120212,"San Diego Chargers",5.10714285714286,6.09090909090909
2012120213,"Dallas Cowboys",7.60869565217391,11.3333333333333
2012120213,"Philadelphia Eagles",4.95454545454545,11.9230769230769
2012120300,"New York Giants",8.47619047619048,18.4
2012120300,"Washington Redskins",7.35714285714286,15.625
2012120600,"Denver Broncos",8.65384615384615,8.92857142857143
2012120600,"Oakland Raiders",7.8,9.90909090909091
2012120900,"Baltimore Ravens",5.75,21
2012120900,"Washington Redskins",10.1176470588235,10.8571428571429
2012120901,"Cleveland Browns",6.63157894736842,6.07692307692308
2012120901,"Kansas City Chiefs",8.18181818181818,9.8
2012120902,"Pittsburgh Steelers",9.34782608695652,14.7619047619048
2012120902,"San Diego Chargers",5.38095238095238,9.09090909090909
2012120903,"Indianapolis Colts",6.0625,15.4705882352941
2012120903,"Tennessee Titans",7.68181818181818,12.6428571428571
2012120904,"Jacksonville Jaguars",6.54545454545455,12.1
2012120904,"New York Jets",4.41666666666667,8.11111111111111
2012120905,"Chicago Bears",8.44827586206897,16.12
2012120905,"Minnesota Vikings",3,16.6666666666667
2012120906,"Atlanta Falcons",7.14705882352941,11.6666666666667
2012120906,"Carolina Panthers",6.875,15.0769230769231
2012120907,"Philadelphia Eagles",6.875,13.3333333333333
2012120907,"Tampa Bay Buccaneers",8.46666666666667,14.9047619047619
2012120908,"Buffalo Bills",4.16,20
2012120908,"St. Louis Rams",7.6,12.3157894736842
2012120909,"Cincinnati Bengals",6.09523809523809,14.9285714285714
2012120909,"Dallas Cowboys",5.53846153846154,10.9444444444444
2012120910,"Miami Dolphins",5.05555555555556,18.4444444444444
2012120910,"San Francisco 49ers",4.66666666666667,14.3333333333333
2012120911,"New Orleans Saints",7.57692307692308,12.0625
2012120911,"New York Giants",9.80769230769231,10.6153846153846
2012120912,"Arizona Cardinals",3.57894736842105,11.5
2012120912,"Seattle Seahawks",6.61538461538461,18.2
2012120913,"Detroit Lions",6.6,17.4210526315789
2012120913,"Green Bay Packers",6.85714285714286,15.1818181818182
2012121000,"Houston Texans",4.47619047619048,9.4375
2012121000,"New England Patriots",8.47826086956522,15.7058823529412
2012121300,"Cincinnati Bengals",2.15384615384615,12.8666666666667
2012121300,"Philadelphia Eagles",5.88235294117647,11.5882352941176
2012121600,"Chicago Bears",6.93333333333333,21.7
2012121600,"Green Bay Packers",8.1304347826087,10.8666666666667
2012121601,"Atlanta Falcons",5.78260869565217,13.6
2012121601,"New York Giants",6.15384615384615,12.9090909090909
2012121602,"New Orleans Saints",6.42307692307692,8.75
2012121602,"Tampa Bay Buccaneers",6.7741935483871,11.7
2012121603,"Minnesota Vikings",3,9.85714285714286
2012121603,"St. Louis Rams",6.27777777777778,9.61904761904762
2012121604,"Cleveland Browns",6.52380952380952,7
2012121604,"Washington Redskins",7.38461538461539,11
2012121605,"Jacksonville Jaguars",6.36363636363636,8.52941176470588
2012121605,"Miami Dolphins",7.22727272727273,8.54545454545454
2012121606,"Baltimore Ravens",7.04761904761905,8.85714285714286
2012121606,"Denver Broncos",9.76470588235294,19.3636363636364
2012121607,"Houston Texans",8.60869565217391,11.5
2012121607,"Indianapolis Colts",7.85714285714286,7.29411764705882
2012121608,"Arizona Cardinals",4.5,8.125
2012121608,"Detroit Lions",4.375,13.72
2012121609,"Carolina Panthers",6.31578947368421,8.0625
2012121609,"San Diego Chargers",3.5,7.25
2012121610,"Buffalo Bills",6.54166666666667,15.3529411764706
2012121610,"Seattle Seahawks",7.57142857142857,7.5
2012121611,"Dallas Cowboys",5.6875,11.3076923076923
2012121611,"Pittsburgh Steelers",9.33333333333333,8.46666666666667
2012121612,"Kansas City Chiefs",4.5,8.86666666666667
2012121612,"Oakland Raiders",5.55555555555556,13
2012121613,"New England Patriots",8.7027027027027,10.7142857142857
2012121613,"San Francisco 49ers",9.07142857142857,15.1538461538462
2012121700,"New York Jets",7.46153846153846,9.13333333333333
2012121700,"Tennessee Titans",6.46153846153846,26.1111111111111
2012122200,"Atlanta Falcons",5.23076923076923,19.4285714285714
2012122200,"Detroit Lions",5.45945945945946,8.72222222222222
2012122300,"Green Bay Packers",5.82142857142857,16.6153846153846
2012122300,"Tennessee Titans",7.53846153846154,13.1333333333333
2012122301,"Carolina Panthers",6.36842105263158,8.16666666666667
2012122301,"Oakland Raiders",3.66666666666667,9.8125
2012122302,"Buffalo Bills",7.95,12.4117647058824
2012122302,"Miami Dolphins",6.23076923076923,9.92307692307692
2012122303,"Cincinnati Bengals",7.08333333333333,21.125
2012122303,"Pittsburgh Steelers",10.2857142857143,9.58333333333333
2012122304,"Jacksonville Jaguars",6.96551724137931,9.76190476190476
2012122304,"New England Patriots",5.92,8
2012122305,"Indianapolis Colts",7.11764705882353,12.8
2012122305,"Kansas City Chiefs",8.25,12.4
2012122306,"Dallas Cowboys",9.30769230769231,11.5294117647059
2012122306,"New Orleans Saints",4.91891891891892,5.10526315789474
2012122307,"Philadelphia Eagles",5.96875,10.7333333333333
2012122307,"Washington Redskins",6.6875,5.85714285714286
2012122308,"St. Louis Rams",8.84615384615385,9.61538461538461
2012122308,"Tampa Bay Buccaneers",5.96666666666667,15.65
2012122309,"Baltimore Ravens",7.7037037037037,11.4166666666667
2012122309,"New York Giants",9.46666666666667,13.7142857142857
2012122310,"Houston Texans",5.66666666666667,10.7222222222222
2012122310,"Minnesota Vikings",5.5,12.4
2012122311,"Cleveland Browns",5.71428571428571,9.8125
2012122311,"Denver Broncos",6.375,9.21428571428571
2012122312,"Arizona Cardinals",6.31034482758621,9.1
2012122312,"Chicago Bears",8.91666666666667,17.6666666666667
2012122313,"San Francisco 49ers",10.2105263157895,12.2941176470588
2012122313,"Seattle Seahawks",7.73333333333333,19.2857142857143
2012122314,"New York Jets",7.25,8.5
2012122314,"San Diego Chargers",8.54545454545454,15
2012123000,"Buffalo Bills",9.25,9.78571428571429
2012123000,"New York Jets",6.61111111111111,11.7368421052632
2012123001,"Miami Dolphins",6.28571428571429,12.0666666666667
2012123001,"New England Patriots",5.68181818181818,13.0714285714286
2012123002,"Baltimore Ravens",6.42105263157895,8.5
2012123002,"Cincinnati Bengals",6.93333333333333,12.3846153846154
2012123003,"Cleveland Browns",6.5,15.9
2012123003,"Pittsburgh Steelers",6.75,13.1
2012123004,"Houston Texans",5.33333333333333,12.0833333333333
2012123004,"Indianapolis Colts",6.33333333333333,10.1875
2012123005,"Jacksonville Jaguars",7.8,12.7142857142857
2012123005,"Tennessee Titans",10.5555555555556,13.2857142857143
2012123006,"New York Giants",9.26666666666667,17.75
2012123006,"Philadelphia Eagles",5.09090909090909,9.2
2012123007,"Dallas Cowboys",7.3,6.92857142857143
2012123007,"Washington Redskins",4.33333333333333,13.4
2012123008,"Chicago Bears",5.55555555555556,18.0714285714286
2012123008,"Detroit Lions",7.44,8.17647058823529
2012123009,"Green Bay Packers",5.31034482758621,11.9285714285714
2012123009,"Minnesota Vikings",9,5.23076923076923
2012123010,"Atlanta Falcons",2.96428571428571,15.8125
2012123010,"Tampa Bay Buccaneers",6.10526315789474,9.52941176470588
2012123011,"Carolina Panthers",9.23529411764706,17.5882352941176
2012123011,"New Orleans Saints",8.3448275862069,9.92857142857143
2012123012,"Denver Broncos",8.32,4.11111111111111
2012123012,"Kansas City Chiefs",3,5.33333333333333
2012123013,"Oakland Raiders",9.92857142857143,13.1666666666667
2012123013,"San Diego Chargers",6.30769230769231,16.2
2012123014,"Arizona Cardinals",8.7,9.33333333333333
2012123014,"San Francisco 49ers",10.5294117647059,14.6666666666667
2012123015,"Seattle Seahawks",10.5555555555556,18.4
2012123015,"St. Louis Rams",4.53846153846154,9.22222222222222
2013090500,"Baltimore Ravens",4.70588235294118,14.1428571428571
2013090500,"Denver Broncos",7.25,13.4705882352941
2013090800,"Buffalo Bills",4.55,12.8888888888889
2013090800,"New England Patriots",6,9.34782608695652
2013090801,"Carolina Panthers",5.4375,10
2013090801,"Seattle Seahawks",8.48148148148148,10
2013090802,"Chicago Bears",8.19047619047619,4.33333333333333
2013090802,"Cincinnati Bengals",7.18518518518519,7.66666666666667
2013090803,"Cleveland Browns",7.3,7.08
2013090803,"Miami Dolphins",6.8,16.9285714285714
2013090804,"Detroit Lions",4.25,8.9375
2013090804,"Minnesota Vikings",8.77777777777778,15.75
2013090805,"Indianapolis Colts",6.16666666666667,22.4285714285714
2013090805,"Oakland Raiders",5.57894736842105,18.25
2013090806,"Jacksonville Jaguars",3.15,7.8
2013090806,"Kansas City Chiefs",4,5.84615384615385
2013090807,"New York Jets",6.04166666666667,9.75
2013090807,"Tampa Bay Buccaneers",5.8,11.5
2013090808,"Atlanta Falcons",6.07692307692308,5.08333333333333
2013090808,"New Orleans Saints",7.25925925925926,20
2013090809,"Pittsburgh Steelers",5.80952380952381,13.5454545454545
2013090809,"Tennessee Titans",9,16.9090909090909
2013090810,"Arizona Cardinals",9.92592592592593,8.15384615384615
2013090810,"St. Louis Rams",4.32142857142857,11.1818181818182
2013090811,"Green Bay Packers",8.42857142857143,9.93333333333333
2013090811,"San Francisco 49ers",9.96296296296296,22.25
2013090812,"Dallas Cowboys",3.47222222222222,11.8571428571429
2013090812,"New York Giants",9.88888888888889,8.25
2013090900,"Philadelphia Eagles",4.625,16.1818181818182
2013090900,"Washington Redskins",5.29032258064516,12.5882352941176
2013090901,"Houston Texans",5.70588235294118,8.27272727272727
2013090901,"San Diego Chargers",8.13333333333333,11.7333333333333
2013091200,"New England Patriots",4.15789473684211,15.5238095238095
2013091200,"New York Jets",10,13.9411764705882
2013091500,"Atlanta Falcons",4.02857142857143,13.1
2013091500,"St. Louis Rams",4.57575757575758,10.2083333333333
2013091501,"Baltimore Ravens",4.77272727272727,18
2013091501,"Cleveland Browns",6.81818181818182,14.625
2013091502,"Buffalo Bills",4.48148148148148,10.8181818181818
2013091502,"Carolina Panthers",6.22727272727273,17.8333333333333
2013091503,"Chicago Bears",6.18518518518519,10.1
2013091503,"Minnesota Vikings",7.9375,9.07692307692308
2013091504,"Green Bay Packers",6.08571428571429,6.625
2013091504,"Washington Redskins",5.88461538461539,10.3571428571429
2013091505,"Houston Texans",7.65384615384615,8.54545454545454
2013091505,"Tennessee Titans",4.5,15.5384615384615
2013091506,"Indianapolis Colts",6.80769230769231,14.4705882352941
2013091506,"Miami Dolphins",7.95652173913043,4.9
2013091507,"Dallas Cowboys",5.09677419354839,8.38461538461539
2013091507,"Kansas City Chiefs",5.85714285714286,5.25
2013091508,"Philadelphia Eagles",9.29166666666667,17.5714285714286
2013091508,"San Diego Chargers",6.75675675675676,13.3076923076923
2013091509,"Arizona Cardinals",6.95652173913043,16.3333333333333
2013091509,"Detroit Lions",3.6,8.92307692307692
2013091510,"New Orleans Saints",7.88461538461539,11.9
2013091510,"Tampa Bay Buccaneers",14.6363636363636,13.2307692307692
2013091511,"Denver Broncos",5.65625,11.3846153846154
2013091511,"New York Giants",7.83870967741935,15.2083333333333
2013091512,"Jacksonville Jaguars",5.48148148148148,9.84615384615385
2013091512,"Oakland Raiders",5.0625,13
2013091513,"San Francisco 49ers",4.61538461538461,9.5
2013091513,"Seattle Seahawks",11.25,11.25
2013091600,"Cincinnati Bengals",4.48,14.6666666666667
2013091600,"Pittsburgh Steelers",6.90476190476191,18.0588235294118
2013091900,"Kansas City Chiefs",4.28,7.78571428571429
2013091900,"Philadelphia Eagles",13.8571428571429,15.6666666666667
2013092200,"Baltimore Ravens",5.5,12.3333333333333
2013092200,"Houston Texans",5.88461538461539,10.5454545454545
2013092201,"Cincinnati Bengals",4.75,16.2857142857143
2013092201,"Green Bay Packers",6,11.4736842105263
2013092202,"Dallas Cowboys",8.29411764705882,9
2013092202,"St. Louis Rams",3.89655172413793,10.5454545454545
2013092203,"Atlanta Falcons",4.69565217391304,10.9333333333333
2013092203,"Miami Dolphins",6.58333333333333,12.5
2013092204,"Cleveland Browns",6.03225806451613,8.33333333333333
2013092204,"Minnesota Vikings",5.6,16.4375
2013092205,"Buffalo Bills",8.89473684210526,13.8965517241379
2013092205,"New York Jets",12.1176470588235,15.5
2013092206,"New England Patriots",3.28,12.5384615384615
2013092206,"Tampa Bay Buccaneers",8.63157894736842,14.5652173913043
2013092207,"Arizona Cardinals",5.52631578947368,12.7647058823529
2013092207,"New Orleans Saints",6.68965517241379,11.8235294117647
2013092208,"San Diego Chargers",7.28571428571429,4.83333333333333
2013092208,"Tennessee Titans",8.375,18.3571428571429
2013092209,"Detroit Lions",8.56,9.64705882352941
2013092209,"Washington Redskins",5.6969696969697,15.1666666666667
2013092210,"Carolina Panthers",12.5,14.8181818181818
2013092210,"New York Giants",6.5,14.6666666666667
2013092211,"Indianapolis Colts",4.88888888888889,5.15384615384615
2013092211,"San Francisco 49ers",4.92307692307692,10.2307692307692
2013092212,"Jacksonville Jaguars",6.66666666666667,8.55555555555556
2013092212,"Seattle Seahawks",10.5238095238095,20.75
2013092213,"Chicago Bears",5.1,9.83333333333333
2013092213,"Pittsburgh Steelers",10.8148148148148,11.5384615384615
2013092300,"Denver Broncos",6.18181818181818,11.3333333333333
2013092300,"Oakland Raiders",6.82608695652174,15.1818181818182
2013092600,"San Francisco 49ers",6.625,12.7
2013092600,"St. Louis Rams",6.2,11
2013092900,"Baltimore Ravens",8.96,18.05
2013092900,"Buffalo Bills",8.63636363636364,15.8181818181818
2013092901,"Cincinnati Bengals",4.375,15.0952380952381
2013092901,"Cleveland Browns",4.30769230769231,15.6153846153846
2013092902,"Chicago Bears",9.46666666666667,15.0555555555556
2013092902,"Detroit Lions",4.21739130434783,11.5454545454545
2013092903,"Houston Texans",7.12903225806452,10.6315789473684
2013092903,"Seattle Seahawks",6.15384615384615,12.9090909090909
2013092904,"Indianapolis Colts",7.8,17.6
2013092904,"Jacksonville Jaguars",6.17647058823529,5.14285714285714
2013092905,"Kansas City Chiefs",6.375,8.625
2013092905,"New York Giants",7.68421052631579,13.6842105263158
2013092906,"Minnesota Vikings",5.875,14.7777777777778
2013092906,"Pittsburgh Steelers",5.51351351351351,10
2013092907,"Arizona Cardinals",7.68181818181818,9.88235294117647
2013092907,"Tampa Bay Buccaneers",4.66666666666667,10.2777777777778
2013092908,"New York Jets",7.56,9.7
2013092908,"Tennessee Titans",8.57142857142857,11.3333333333333
2013092909,"Denver Broncos",5.26666666666667,12.5555555555556
2013092909,"Philadelphia Eagles",7.5,7.57142857142857
2013092910,"Oakland Raiders",4.95238095238095,8.8
2013092910,"Washington Redskins",6.21052631578947,12.4166666666667
2013092911,"Dallas Cowboys",5.72413793103448,12.2727272727273
2013092911,"San Diego Chargers",6.91428571428571,7.57142857142857
2013092912,"Atlanta Falcons",7.36111111111111,9.90476190476191
2013092912,"New England Patriots",9.04761904761905,13
2013093000,"Miami Dolphins",4.77272727272727,10
2013093000,"New Orleans Saints",5.32258064516129,8.3
2013100300,"Buffalo Bills",6.05263157894737,11.0909090909091
2013100300,"Cleveland Browns",11.4,11.7333333333333
2013100600,"Chicago Bears",9.79166666666667,7.3
2013100600,"New Orleans Saints",5.93103448275862,16.8333333333333
2013100601,"Cincinnati Bengals",5.65,11.3333333333333
2013100601,"New England Patriots",5.88888888888889,12
2013100602,"Detroit Lions",6.28,14.0625
2013100602,"Green Bay Packers",8.5,15.7692307692308
2013100603,"Indianapolis Colts",9.625,10.8666666666667
2013100603,"Seattle Seahawks",6.88235294117647,15.9333333333333
2013100604,"Baltimore Ravens",8.21052631578947,15.4666666666667
2013100604,"Miami Dolphins",10.4761904761905,12.35
2013100605,"New York Giants",9.24,17.1153846153846
2013100605,"Philadelphia Eagles",9.68181818181818,10.952380952381
2013100606,"Jacksonville Jaguars",7.4375,9.6
2013100606,"St. Louis Rams",6.57894736842105,10.0625
2013100607,"Kansas City Chiefs",7.52380952380952,8.95
2013100607,"Tennessee Titans",5.04761904761905,13.1428571428571
2013100608,"Arizona Cardinals",5.55,13
2013100608,"Carolina Panthers",7.31818181818182,11.8
2013100609,"Dallas Cowboys",9.84615384615385,12.4545454545455
2013100609,"Denver Broncos",5.91428571428571,9.9
2013100610,"Oakland Raiders",8,8.4
2013100610,"San Diego Chargers",7.64864864864865,10.5454545454545
2013100611,"Houston Texans",4.68181818181818,13.3888888888889
2013100611,"San Francisco 49ers",7.66666666666667,11.3
2013100700,"Atlanta Falcons",5.375,12
2013100700,"New York Jets",6.1875,12.5
2013101000,"Chicago Bears",5.5,14.3076923076923
2013101000,"New York Giants",11,11.4
2013101300,"Baltimore Ravens",7.04545454545455,14
2013101300,"Green Bay Packers",7.23529411764706,11.4
2013101301,"Buffalo Bills",6.52631578947368,9.69230769230769
2013101301,"Cincinnati Bengals",3.48148148148148,8.21428571428571
2013101302,"Cleveland Browns",5.80769230769231,14.8235294117647
2013101302,"Detroit Lions",4.68,11.05
2013101303,"Houston Texans",5.53571428571429,5
2013101303,"St. Louis Rams",3.25,17.4
2013101304,"Kansas City Chiefs",3.07142857142857,7.15789473684211
2013101304,"Oakland Raiders",5,9
2013101305,"Carolina Panthers",2.52380952380952,13.875
2013101305,"Minnesota Vikings",4.3125,11.2727272727273
2013101306,"New York Jets",6.26315789473684,15.4285714285714
2013101306,"Pittsburgh Steelers",5.44,15.6666666666667
2013101307,"Philadelphia Eagles",5.78260869565217,5.55555555555556
2013101307,"Tampa Bay Buccaneers",6.34615384615385,14.7222222222222
2013101308,"Denver Broncos",5.86206896551724,8.1875
2013101308,"Jacksonville Jaguars",5.77777777777778,12.5714285714286
2013101309,"Seattle Seahawks",4.95652173913043,6.1
2013101309,"Tennessee Titans",6.35294117647059,7.27272727272727
2013101310,"New England Patriots",6.48148148148148,15.1578947368421
2013101310,"New Orleans Saints",6.84210526315789,14.2222222222222
2013101311,"Arizona Cardinals",6.07692307692308,13.3333333333333
2013101311,"San Francisco 49ers",10.0625,8.08333333333333
2013101312,"Dallas Cowboys",3.66666666666667,11.3571428571429
2013101312,"Washington Redskins",4.65,13
2013101400,"Indianapolis Colts",7.27777777777778,10.5454545454545
2013101400,"San Diego Chargers",5.39130434782609,13.0769230769231
2013101700,"Arizona Cardinals",4.26666666666667,9.29411764705882
2013101700,"Seattle Seahawks",8.77777777777778,10.2307692307692
2013102000,"Atlanta Falcons",5.8,4.85714285714286
2013102000,"Tampa Bay Buccaneers",6.07407407407407,13.625
2013102001,"Carolina Panthers",6,20
2013102001,"St. Louis Rams",6.20833333333333,12.0909090909091
2013102002,"Cincinnati Bengals",9.56,11.1818181818182
2013102002,"Detroit Lions",8.36666666666667,13.6521739130435
2013102003,"Cleveland Browns",6.44444444444444,9.15384615384615
2013102003,"Green Bay Packers",5.96296296296296,13.9230769230769
2013102004,"Jacksonville Jaguars",6.17391304347826,7.21428571428571
2013102004,"San Diego Chargers",5.77272727272727,5.57142857142857
2013102005,"Houston Texans",10.5333333333333,10.3636363636364
2013102005,"Kansas City Chiefs",3.78260869565217,10.2
2013102006,"Buffalo Bills",5.31818181818182,9.2
2013102006,"Miami Dolphins",7.21052631578947,15.5294117647059
2013102007,"New England Patriots",7.21739130434783,14.375
2013102007,"New York Jets",11.4444444444444,18
2013102008,"Dallas Cowboys",7.53571428571429,9.10526315789474
2013102008,"Philadelphia Eagles",5.68181818181818,12.5714285714286
2013102009,"Chicago Bears",6.88888888888889,12.0833333333333
2013102009,"Washington Redskins",10.6666666666667,6.2
2013102010,"San Francisco 49ers",10.6923076923077,17
2013102010,"Tennessee Titans",6.08,16.3125
2013102011,"Baltimore Ravens",5.72,13.8
2013102011,"Pittsburgh Steelers",6.58823529411765,13.7142857142857
2013102012,"Denver Broncos",9.36666666666667,15.3333333333333
2013102012,"Indianapolis Colts",5.52380952380952,13.8
2013102100,"Minnesota Vikings",5.15,13.8571428571429
2013102100,"New York Giants",4.82608695652174,10.2352941176471
2013102400,"Carolina Panthers",4.73913043478261,12.3
2013102400,"Tampa Bay Buccaneers",5.4,10.4347826086957
2013102700,"Dallas Cowboys",3.14285714285714,14.4117647058824
2013102700,"Detroit Lions",8.24242424242424,11.3571428571429
2013102701,"Jacksonville Jaguars",3.31034482758621,7.11764705882353
2013102701,"San Francisco 49ers",7.36363636363636,10.4285714285714
2013102702,"Cleveland Browns",7,12.9285714285714
2013102702,"Kansas City Chiefs",4.04166666666667,8.76923076923077
2013102703,"Miami Dolphins",4.22727272727273,10.2105263157895
2013102703,"New England Patriots",7.5,13.5
2013102704,"Buffalo Bills",8.78260869565217,11.6111111111111
2013102704,"New Orleans Saints",6.80769230769231,15.5
2013102705,"New York Giants",6.88,10.7333333333333
2013102705,"Philadelphia Eagles",4.79166666666667,12.4166666666667
2013102706,"Oakland Raiders",5.5,12.7142857142857
2013102706,"Pittsburgh Steelers",5.06896551724138,9.92857142857143
2013102707,"Cincinnati Bengals",10.4736842105263,17.5454545454545
2013102707,"New York Jets",3.78260869565217,12.2307692307692
2013102708,"Arizona Cardinals",10.2307692307692,18
2013102708,"Atlanta Falcons",4.35294117647059,7.53846153846154
2013102709,"Denver Broncos",4.33333333333333,13.1818181818182
2013102709,"Washington Redskins",5.05,16.5
2013102710,"Green Bay Packers",4.75,9.5
2013102710,"Minnesota Vikings",4.92857142857143,18.1
2013102800,"Seattle Seahawks",5,13
2013102800,"St. Louis Rams",7.26666666666667,7.17647058823529
2013103100,"Cincinnati Bengals",6.09375,12.2777777777778
2013103100,"Miami Dolphins",6.57142857142857,12.5555555555556
2013110300,"Buffalo Bills",7.16666666666667,12.3809523809524
2013110300,"Kansas City Chiefs",2.61904761904762,11.5
2013110301,"Atlanta Falcons",6.5,0.25
2013110301,"Carolina Panthers",5.73913043478261,13.4
2013110302,"Dallas Cowboys",4.41666666666667,10.9375
2013110302,"Minnesota Vikings",4.26923076923077,12.8181818181818
2013110303,"New Orleans Saints",8.41935483870968,10.5416666666667
2013110303,"New York Jets",2.33333333333333,5.09090909090909
2013110304,"St. Louis Rams",5.71428571428571,10.3333333333333
2013110304,"Tennessee Titans",2.92857142857143,10.4285714285714
2013110305,"San Diego Chargers",6.43333333333333,8.86666666666667
2013110305,"Washington Redskins",8.43478260869565,5.25
2013110306,"Oakland Raiders",4.62068965517241,6.59259259259259
2013110306,"Philadelphia Eagles",10.0833333333333,13.75
2013110307,"Seattle Seahawks",6.68421052631579,8.28571428571429
2013110307,"Tampa Bay Buccaneers",5.61111111111111,14.5555555555556
2013110308,"Baltimore Ravens",6.79166666666667,13.875
2013110308,"Cleveland Browns",4.5,9.2
2013110309,"New England Patriots",12.8260869565217,11.5384615384615
2013110309,"Pittsburgh Steelers",7.13793103448276,13.9473684210526
2013110310,"Houston Texans",13.2,9.07142857142857
2013110310,"Indianapolis Colts",8.11111111111111,10
2013110400,"Chicago Bears",6.22727272727273,10.6315789473684
2013110400,"Green Bay Packers",7.5,7
2013110700,"Minnesota Vikings",6.19047619047619,6.8
2013110700,"Washington Redskins",4.58333333333333,6
2013111000,"Atlanta Falcons",3.21739130434783,6.4375
2013111000,"Seattle Seahawks",8.21052631578947,16.5714285714286
2013111001,"Baltimore Ravens",3.95,17.4117647058824
2013111001,"Cincinnati Bengals",6.76,11.92
2013111002,"Chicago Bears",8.51851851851852,10.5
2013111002,"Detroit Lions",10.1111111111111,7.76470588235294
2013111003,"Green Bay Packers",5.51724137931035,10.4
2013111003,"Philadelphia Eagles",11.4615384615385,13.1428571428571
2013111004,"Indianapolis Colts",4.54838709677419,12.0526315789474
2013111004,"St. Louis Rams",8.11111111111111,6.14285714285714
2013111005,"New York Giants",6.58333333333333,8.18181818181818
2013111005,"Oakland Raiders",3.33333333333333,5.78571428571429
2013111006,"Buffalo Bills",4.69565217391304,5.88888888888889
2013111006,"Pittsburgh Steelers",5.11111111111111,11.0833333333333
2013111007,"Jacksonville Jaguars",5.64285714285714,9.25
2013111007,"Tennessee Titans",4.77777777777778,12.6
2013111008,"Carolina Panthers",7.75,12.4
2013111008,"San Francisco 49ers",3.91666666666667,12
2013111009,"Arizona Cardinals",5.80952380952381,10.0833333333333
2013111009,"Houston Texans",5.72727272727273,10.2272727272727
2013111010,"Denver Broncos",4.8,8.72727272727273
2013111010,"San Diego Chargers",8.35,10.9230769230769
2013111011,"Dallas Cowboys",7.45454545454545,10.3333333333333
2013111011,"New Orleans Saints",5.51428571428571,12
2013111100,"Miami Dolphins",6.40740740740741,13.9285714285714
2013111100,"Tampa Bay Buccaneers",7.45454545454545,21.0909090909091
2013111400,"Indianapolis Colts",4.56521739130435,10.1428571428571
2013111400,"Tennessee Titans",5.45454545454545,8.85714285714286
2013111700,"Buffalo Bills",7.45,15.875
2013111700,"New York Jets",10.1666666666667,10.25
2013111701,"Baltimore Ravens",5.77777777777778,6.57142857142857
2013111701,"Chicago Bears",7.68421052631579,8.35714285714286
2013111702,"Cincinnati Bengals",3.73333333333333,13.9166666666667
2013111702,"Cleveland Browns",3.64285714285714,6.57692307692308
2013111703,"Houston Texans",6.88,9
2013111703,"Oakland Raiders",8.22222222222222,11.2857142857143
2013111704,"Arizona Cardinals",6.63333333333333,14.9166666666667
2013111704,"Jacksonville Jaguars",3.42857142857143,7.15384615384615
2013111705,"Miami Dolphins",5.08695652173913,15.75
2013111705,"San Diego Chargers",7.63636363636364,13.5833333333333
2013111706,"Philadelphia Eagles",6.73684210526316,18.5
2013111706,"Washington Redskins",9.61111111111111,16.7894736842105
2013111707,"Detroit Lions",11.1052631578947,10.3333333333333
2013111707,"Pittsburgh Steelers",4.66666666666667,8.83333333333333
2013111708,"Atlanta Falcons",5.66666666666667,10.6666666666667
2013111708,"Tampa Bay Buccaneers",8.2,14
2013111709,"Denver Broncos",5.76,9.31578947368421
2013111709,"Kansas City Chiefs",5.54545454545455,10.5555555555556
2013111710,"New Orleans Saints",5.93548387096774,9
2013111710,"San Francisco 49ers",4.88235294117647,10.8571428571429
2013111711,"Minnesota Vikings",7.66666666666667,9.88235294117647
2013111711,"Seattle Seahawks",11.4285714285714,16.625
2013111712,"Green Bay Packers",8,5.14285714285714
2013111712,"New York Giants",6.08,11.6
2013111800,"Carolina Panthers",8,10.9090909090909
2013111800,"New England Patriots",4.48275862068965,10.7857142857143
2013112100,"Atlanta Falcons",5.6,7.45454545454545
2013112100,"New Orleans Saints",5.1304347826087,13
2013112400,"Baltimore Ravens",8.72222222222222,15
2013112400,"New York Jets",8.63636363636364,10.6923076923077
2013112401,"Cleveland Browns",6.77777777777778,9.33333333333333
2013112401,"Pittsburgh Steelers",4.78260869565217,9.08333333333333
2013112402,"Detroit Lions",6.38461538461539,11
2013112402,"Tampa Bay Buccaneers",12,5.625
2013112403,"Green Bay Packers",5.78571428571429,10.1785714285714
2013112403,"Minnesota Vikings",6.66666666666667,12.9
2013112404,"Houston Texans",4.61111111111111,8.93333333333333
2013112404,"Jacksonville Jaguars",3.08333333333333,10.6363636363636
2013112405,"Kansas City Chiefs",6.15384615384615,8.93333333333333
2013112405,"San Diego Chargers",5.57142857142857,11.1428571428571
2013112406,"Carolina Panthers",4.71428571428571,14.2777777777778
2013112406,"Miami Dolphins",8.57142857142857,16.1538461538462
2013112407,"Chicago Bears",4.7027027027027,6.75
2013112407,"St. Louis Rams",11.6363636363636,11.6153846153846
2013112408,"Arizona Cardinals",7.57692307692308,13.9285714285714
2013112408,"Indianapolis Colts",3.85714285714286,14
2013112409,"Oakland Raiders",8.42105263157895,8
2013112409,"Tennessee Titans",6.15625,10.8461538461538
2013112410,"Dallas Cowboys",6.36,12.5
2013112410,"New York Giants",6.22222222222222,17.3125
2013112411,"Denver Broncos",4.4,9.33333333333333
2013112411,"New England Patriots",5.97142857142857,13.6666666666667
2013112500,"San Francisco 49ers",13.2666666666667,12.4444444444444
2013112500,"Washington Redskins",5.11764705882353,18.8888888888889
2013112800,"Detroit Lions",7.54545454545455,6.41666666666667
2013112800,"Green Bay Packers",7.90909090909091,15.1111111111111
2013112801,"Dallas Cowboys",4.5,11
2013112801,"Oakland Raiders",9.1578947368421,13.8181818181818
2013112802,"Baltimore Ravens",5.54166666666667,18.3333333333333
2013112802,"Pittsburgh Steelers",4.86206896551724,14.6842105263158
2013120100,"Carolina Panthers",6.55555555555556,13.7777777777778
2013120100,"Tampa Bay Buccaneers",7.85714285714286,16.25
2013120101,"Cleveland Browns",9.25,18.9375
2013120101,"Jacksonville Jaguars",3.54166666666667,8.8421052631579
2013120102,"Indianapolis Colts",7.11111111111111,12.6875
2013120102,"Tennessee Titans",4.80952380952381,13.5714285714286
2013120103,"Denver Broncos",10.5,9.06666666666667
2013120103,"Kansas City Chiefs",6.66666666666667,16.6
2013120104,"Chicago Bears",8.45833333333333,13.4615384615385
2013120104,"Minnesota Vikings",8.60869565217391,9.70588235294118
2013120105,"Miami Dolphins",5.96551724137931,9.07142857142857
2013120105,"New York Jets",2.71428571428571,13.0769230769231
2013120106,"Arizona Cardinals",7.54166666666667,15.8235294117647
2013120106,"Philadelphia Eagles",5.57142857142857,16
2013120107,"Atlanta Falcons",7,12.1363636363636
2013120107,"Buffalo Bills",5.66666666666667,14.8
2013120108,"San Francisco 49ers",7.36842105263158,12.5
2013120108,"St. Louis Rams",8.25,17.3157894736842
2013120109,"Houston Texans",10.6,11.2
2013120109,"New England Patriots",8.27586206896552,13.0833333333333
2013120110,"Cincinnati Bengals",4,9.125
2013120110,"San Diego Chargers",5.875,8.85714285714286
2013120111,"New York Giants",6.95454545454545,13.2
2013120111,"Washington Redskins",4.875,16.75
2013120200,"New Orleans Saints",3.56,16.4117647058824
2013120200,"Seattle Seahawks",8.18181818181818,12.5555555555556
2013120500,"Houston Texans",6.91428571428571,10.5833333333333
2013120500,"Jacksonville Jaguars",5.64285714285714,13.9473684210526
2013120800,"Baltimore Ravens",5.53571428571429,12.65
2013120800,"Minnesota Vikings",7.29411764705882,10.9047619047619
2013120801,"Cincinnati Bengals",5.41666666666667,11.0625
2013120801,"Indianapolis Colts",4.51724137931035,11.1578947368421
2013120802,"Cleveland Browns",6.37931034482759,9.11764705882353
2013120802,"New England Patriots",5.9375,7.95238095238095
2013120803,"New York Jets",6,3.875
2013120803,"Oakland Raiders",6.95,9.83333333333333
2013120804,"Carolina Panthers",3.95652173913043,12.25
2013120804,"New Orleans Saints",5.67741935483871,9
2013120805,"Detroit Lions",7.18181818181818,10.4
2013120805,"Philadelphia Eagles",10.4545454545455,16.5454545454545
2013120806,"Miami Dolphins",5.9,14.9166666666667
2013120806,"Pittsburgh Steelers",5.28,13.875
2013120807,"Buffalo Bills",3.95,8
2013120807,"Tampa Bay Buccaneers",7.6,13.3529411764706
2013120808,"Kansas City Chiefs",4.6,7.625
2013120808,"Washington Redskins",7.75,11.3636363636364
2013120809,"Denver Broncos",7.075,9.69565217391304
2013120809,"Tennessee Titans",8.21428571428571,15.3636363636364
2013120810,"Arizona Cardinals",4.77777777777778,10.75
2013120810,"St. Louis Rams",7.05882352941176,9.91666666666667
2013120811,"New York Giants",9.65,8.72727272727273
2013120811,"San Diego Chargers",6.47619047619048,10.625
2013120812,"San Francisco 49ers",8.4375,8.9375
2013120812,"Seattle Seahawks",7.11764705882353,13.6666666666667
2013120813,"Atlanta Falcons",5.9,10.1428571428571
2013120813,"Green Bay Packers",5.33333333333333,8.28571428571429
2013120900,"Chicago Bears",7.18518518518519,12.4444444444444
2013120900,"Dallas Cowboys",7.42857142857143,6.27272727272727
2013121200,"Denver Broncos",5.66666666666667,11.2142857142857
2013121200,"San Diego Chargers",8.07142857142857,13.6
2013121500,"Atlanta Falcons",4.38709677419355,7.36363636363636
2013121500,"Washington Redskins",8.03448275862069,7.21428571428571
2013121501,"Chicago Bears",7.36363636363636,19.3333333333333
2013121501,"Cleveland Browns",4,15.2666666666667
2013121502,"Houston Texans",5.31578947368421,9.78571428571429
2013121502,"Indianapolis Colts",3.05263157894737,6.53846153846154
2013121503,"Buffalo Bills",6.94117647058824,11.9
2013121503,"Jacksonville Jaguars",5.19047619047619,11.2
2013121504,"Miami Dolphins",8.6,15.3076923076923
2013121504,"New England Patriots",4.44117647058824,9.54545454545454
2013121505,"Minnesota Vikings",9.42307692307692,11.6
2013121505,"Philadelphia Eagles",6.33333333333333,19.3888888888889
2013121506,"New York Giants",3.90909090909091,10
2013121506,"Seattle Seahawks",6.85714285714286,17.7777777777778
2013121507,"New Orleans Saints",4.36585365853659,5.94117647058824
2013121507,"St. Louis Rams",4.5,10.6666666666667
2013121508,"San Francisco 49ers",7.2,15.9090909090909
2013121508,"Tampa Bay Buccaneers",8.05555555555556,10
2013121509,"Arizona Cardinals",7.1,12.9
2013121509,"Tennessee Titans",7.11111111111111,9.5
2013121510,"Carolina Panthers",7.5,9.875
2013121510,"New York Jets",7.13333333333333,9.46153846153846
2013121511,"Kansas City Chiefs",2.95,14
2013121511,"Oakland Raiders",7.95,10.4
2013121512,"Dallas Cowboys",7.43333333333333,16.5263157894737
2013121512,"Green Bay Packers",4.76923076923077,10.5714285714286
2013121513,"Cincinnati Bengals",4.84,8.35
2013121513,"Pittsburgh Steelers",3.7,5
2013121600,"Baltimore Ravens",7.6,17.35
2013121600,"Detroit Lions",7.61111111111111,13.3846153846154
2013122200,"Buffalo Bills",6.06666666666667,17.2222222222222
2013122200,"Miami Dolphins",6.69230769230769,16.8
2013122201,"Carolina Panthers",8.92307692307692,9.75
2013122201,"New Orleans Saints",4.4,13.0714285714286
2013122202,"Cincinnati Bengals",8.42857142857143,18
2013122202,"Minnesota Vikings",4.23076923076923,14.8181818181818
2013122203,"Denver Broncos",8.75757575757576,12.6363636363636
2013122203,"Houston Texans",5.38888888888889,13.4705882352941
2013122204,"Jacksonville Jaguars",4.125,12.5555555555556
2013122204,"Tennessee Titans",6.41176470588235,10.75
2013122205,"Indianapolis Colts",4.03703703703704,12.6153846153846
2013122205,"Kansas City Chiefs",5.375,9.2
2013122206,"Cleveland Browns",6.38888888888889,9.71428571428571
2013122206,"New York Jets",5.8,8.58823529411765
2013122207,"Chicago Bears",6.90909090909091,12.2941176470588
2013122207,"Philadelphia Eagles",5.57142857142857,4
2013122208,"St. Louis Rams",6,8
2013122208,"Tampa Bay Buccaneers",5.70588235294118,12.75
2013122209,"Dallas Cowboys",8.82352941176471,13.2
2013122209,"Washington Redskins",5.13636363636364,11.2857142857143
2013122210,"Detroit Lions",3.73076923076923,12.4
2013122210,"New York Giants",6.25,15.5555555555556
2013122211,"Arizona Cardinals",8.57142857142857,11.5454545454545
2013122211,"Seattle Seahawks",7.45454545454545,19.125
2013122212,"Green Bay Packers",5.13636363636364,10.1666666666667
2013122212,"Pittsburgh Steelers",7.05882352941176,13.6363636363636
2013122213,"Oakland Raiders",5.04545454545455,12.625
2013122213,"San Diego Chargers",2.84210526315789,10.0769230769231
2013122214,"Baltimore Ravens",6.41666666666667,15.5882352941176
2013122214,"New England Patriots",6.86666666666667,15
2013122300,"Atlanta Falcons",6.13157894736842,10.6363636363636
2013122300,"San Francisco 49ers",7.53846153846154,17
2013122900,"Atlanta Falcons",5.6551724137931,11
2013122900,"Carolina Panthers",1.93333333333333,17.3333333333333
2013122901,"Chicago Bears",8.26666666666667,13.4444444444444
2013122901,"Green Bay Packers",7.56,12.0769230769231
2013122902,"Baltimore Ravens",2.5,14.7777777777778
2013122902,"Cincinnati Bengals",6.19047619047619,14.2307692307692
2013122903,"Dallas Cowboys",4.36666666666667,15.2
2013122903,"Philadelphia Eagles",9.47058823529412,6.3
2013122904,"Indianapolis Colts",5.13793103448276,13.75
2013122904,"Jacksonville Jaguars",4.33333333333333,8.05
2013122905,"Miami Dolphins",6.8,13.2222222222222
2013122905,"New York Jets",9.11111111111111,6.58333333333333
2013122906,"Detroit Lions",2.63636363636364,8.36363636363636
2013122906,"Minnesota Vikings",4.8,9.46153846153846
2013122907,"Buffalo Bills",8.375,10.0769230769231
2013122907,"New England Patriots",0.428571428571429,14.25
2013122908,"New Orleans Saints",8.54166666666667,11.1428571428571
2013122908,"Tampa Bay Buccaneers",7.82608695652174,12.1818181818182
2013122909,"New York Giants",8.91666666666667,5.42105263157895
2013122909,"Washington Redskins",6.10526315789474,8.60714285714286
2013122910,"Cleveland Browns",7.54166666666667,10.8823529411765
2013122910,"Pittsburgh Steelers",4.73684210526316,20.7
2013122911,"Houston Texans",5.72727272727273,12.4166666666667
2013122911,"Tennessee Titans",4.41176470588235,15.4
2013122912,"Arizona Cardinals",10.8928571428571,14.6666666666667
2013122912,"San Francisco 49ers",6.09523809523809,8.23076923076923
2013122913,"Denver Broncos",4.26470588235294,12.4444444444444
2013122913,"Oakland Raiders",6.61904761904762,11.7222222222222
2013122914,"Kansas City Chiefs",5.09523809523809,8.45454545454546
2013122914,"San Diego Chargers",4.56521739130435,14
2013122915,"Seattle Seahawks",6.0625,7.77777777777778
2013122915,"St. Louis Rams",4.23809523809524,15.6666666666667
2014090400,"Green Bay Packers",4.64,18.1
2014090400,"Seattle Seahawks",3.8,16.3
2014090700,"Atlanta Falcons",8.15151515151515,8.61538461538461
2014090700,"New Orleans Saints",4.86666666666667,15.0666666666667
2014090701,"Baltimore Ravens",6.31428571428571,10.4074074074074
2014090701,"Cincinnati Bengals",5.16,9.57142857142857
2014090702,"Buffalo Bills",6.23529411764706,16.8
2014090702,"Chicago Bears",4.68571428571429,16.1764705882353
2014090703,"Houston Texans",6.53333333333333,9.22222222222222
2014090703,"Washington Redskins",3.86206896551724,11.6666666666667
2014090704,"Kansas City Chiefs",6.26315789473684,10.8571428571429
2014090704,"Tennessee Titans",6.59090909090909,11.2727272727273
2014090705,"Miami Dolphins",4.22222222222222,11.6
2014090705,"New England Patriots",4.5,17.5862068965517
2014090706,"New York Jets",3.83333333333333,15
2014090706,"Oakland Raiders",3.85,8.6
2014090707,"Jacksonville Jaguars",6.91666666666667,10.2380952380952
2014090707,"Philadelphia Eagles",6.6551724137931,16.6315789473684
2014090708,"Cleveland Browns",8.26315789473684,11.8571428571429
2014090708,"Pittsburgh Steelers",9.23076923076923,12.4545454545455
2014090709,"Minnesota Vikings",4.05882352941176,6.375
2014090709,"St. Louis Rams",8.23076923076923,11.7
2014090710,"Dallas Cowboys",6.84,12.6428571428571
2014090710,"San Francisco 49ers",8.11764705882353,9.11111111111111
2014090711,"Carolina Panthers",6.66666666666667,8.2
2014090711,"Tampa Bay Buccaneers",6.30434782608696,9.09090909090909
2014090712,"Denver Broncos",6.63636363636364,13.25
2014090712,"Indianapolis Colts",4.38888888888889,13.1111111111111
2014090800,"Detroit Lions",9.25,15.9090909090909
2014090800,"New York Giants",4.15789473684211,10.4666666666667
2014090801,"Arizona Cardinals",8.16666666666667,16.625
2014090801,"San Diego Chargers",7.04761904761905,13.7857142857143
2014091100,"Baltimore Ravens",3.14285714285714,10.9090909090909
2014091100,"Pittsburgh Steelers",4.52173913043478,10.0714285714286
2014091400,"Buffalo Bills",4.8125,11
2014091400,"Miami Dolphins",3.84848484848485,11.5263157894737
2014091401,"Carolina Panthers",6.86363636363636,13.4285714285714
2014091401,"Detroit Lions",5.81481481481481,10.8636363636364
2014091402,"Atlanta Falcons",5.73076923076923,9.58823529411765
2014091402,"Cincinnati Bengals",5.29411764705882,16.875
2014091403,"Cleveland Browns",5.08,12.9444444444444
2014091403,"New Orleans Saints",4.81481481481481,7.5
2014091404,"Minnesota Vikings",2.75,12.8125
2014091404,"New England Patriots",6.17647058823529,13.5555555555556
2014091405,"Arizona Cardinals",9.2,14.2105263157895
2014091405,"New York Giants",5.55555555555556,16.1538461538462
2014091406,"Dallas Cowboys",6.2,6.54545454545455
2014091406,"Tennessee Titans",8.05555555555556,13.4285714285714
2014091407,"Jacksonville Jaguars",6.92857142857143,13.8461538461538
2014091407,"Washington Redskins",8.16666666666667,20.4666666666667
2014091408,"San Diego Chargers",4.53571428571429,12.0909090909091
2014091408,"Seattle Seahawks",4.52941176470588,11.375
2014091409,"St. Louis Rams",7.81818181818182,15.875
2014091409,"Tampa Bay Buccaneers",6.625,13.3333333333333
2014091410,"Denver Broncos",7.22727272727273,5
2014091410,"Kansas City Chiefs",7.28571428571429,6.95238095238095
2014091411,"Green Bay Packers",7.52,9.38888888888889
2014091411,"New York Jets",5.1875,13.1333333333333
2014091412,"Houston Texans",4.5,7.42857142857143
2014091412,"Oakland Raiders",5.11111111111111,15.2857142857143
2014091413,"Chicago Bears",5.36,18.8125
2014091413,"San Francisco 49ers",8.5,11.4
2014091500,"Indianapolis Colts",3.8,9.30769230769231
2014091500,"Philadelphia Eagles",4.66666666666667,12.2941176470588
2014091800,"Atlanta Falcons",10.44,20
2014091800,"Tampa Bay Buccaneers",5.27272727272727,21.2142857142857
2014092100,"Buffalo Bills",2.56,13.7368421052632
2014092100,"San Diego Chargers",4.77777777777778,15.3
2014092101,"Cincinnati Bengals",3.58823529411765,10.4545454545455
2014092101,"Tennessee Titans",4.66666666666667,18.5
2014092102,"Baltimore Ravens",6.3,10.3333333333333
2014092102,"Cleveland Browns",9.6,8.25
2014092103,"Detroit Lions",7.04545454545455,6.63636363636364
2014092103,"Green Bay Packers",5.9375,13.5833333333333
2014092104,"Indianapolis Colts",6.85294117647059,9
2014092104,"Jacksonville Jaguars",5.61111111111111,10.9230769230769
2014092105,"New England Patriots",5.6,7.42857142857143
2014092105,"Oakland Raiders",4.76190476190476,15.3333333333333
2014092106,"Minnesota Vikings",4.23529411764706,5.71428571428571
2014092106,"New Orleans Saints",4.96296296296296,12.4444444444444
2014092107,"Houston Texans",10.7272727272727,4.92307692307692
2014092107,"New York Giants",4.04761904761905,13.125
2014092108,"Philadelphia Eagles",6.37931034482759,16.1764705882353
2014092108,"Washington Redskins",9.1,11.2631578947368
2014092109,"Dallas Cowboys",6.88888888888889,17.8571428571429
2014092109,"St. Louis Rams",6.09677419354839,14.75
2014092110,"Arizona Cardinals",9.8,20.2352941176471
2014092110,"San Francisco 49ers",4.86206896551724,14.2222222222222
2014092111,"Kansas City Chiefs",2.63157894736842,4.66666666666667
2014092111,"Miami Dolphins",4.95454545454545,9.78260869565217
2014092112,"Denver Broncos",6.93548387096774,12
2014092112,"Seattle Seahawks",5.84,8.54545454545454
2014092113,"Carolina Panthers",7,11.6
2014092113,"Pittsburgh Steelers",3.34782608695652,8.09090909090909
2014092200,"Chicago Bears",6.16666666666667,10.7058823529412
2014092200,"New York Jets",6.65384615384615,9.75
2014092500,"New York Giants",6.78571428571429,11.3333333333333
2014092500,"Washington Redskins",5.6,11.5454545454545
2014092800,"Baltimore Ravens",7.86363636363636,12.3636363636364
2014092800,"Carolina Panthers",8.86363636363636,7.46666666666667
2014092801,"Chicago Bears",5.52173913043478,11.0909090909091
2014092801,"Green Bay Packers",9.83333333333333,7.57142857142857
2014092802,"Buffalo Bills",4,12.1818181818182
2014092802,"Houston Texans",6.48148148148148,10.3333333333333
2014092803,"Indianapolis Colts",9.10344827586207,13
2014092803,"Tennessee Titans",8.07142857142857,14.5833333333333
2014092804,"Atlanta Falcons",5.11111111111111,15.0714285714286
2014092804,"Minnesota Vikings",6.4,13.1818181818182
2014092805,"Detroit Lions",6.54166666666667,14
2014092805,"New York Jets",4.88235294117647,11.4375
2014092806,"Miami Dolphins",5.33333333333333,5.25
2014092806,"Oakland Raiders",5.46428571428571,8.78571428571429
2014092807,"Pittsburgh Steelers",7.96774193548387,16.1538461538462
2014092807,"Tampa Bay Buccaneers",10.4761904761905,13.2272727272727
2014092808,"Jacksonville Jaguars",3.48275862068966,13.2857142857143
2014092808,"San Diego Chargers",7.20689655172414,9.09090909090909
2014092809,"Philadelphia Eagles",5.04166666666667,16.8
2014092809,"San Francisco 49ers",7.47368421052632,7.42857142857143
2014092810,"Dallas Cowboys",7.31818181818182,17.2857142857143
2014092810,"New Orleans Saints",6.125,13.5384615384615
2014092900,"Kansas City Chiefs",4.04761904761905,6.83333333333333
2014092900,"New England Patriots",1.95238095238095,15.375
2014100200,"Green Bay Packers",6.33333333333333,24.125
2014100200,"Minnesota Vikings",5.56521739130435,11.7142857142857
2014100500,"Carolina Panthers",8.45,13.4375
2014100500,"Chicago Bears",3.28571428571429,8.33333333333333
2014100501,"Dallas Cowboys",7,10.1666666666667
2014100501,"Houston Texans",4.82352941176471,9.75
2014100502,"Buffalo Bills",4.96666666666667,8.16666666666667
2014100502,"Detroit Lions",4.47368421052632,9.46666666666667
2014100503,"Baltimore Ravens",4.36363636363636,13.9411764705882
2014100503,"Indianapolis Colts",5.79411764705882,15.2
2014100504,"Jacksonville Jaguars",6.04347826086957,8.76923076923077
2014100504,"Pittsburgh Steelers",5.77777777777778,6.9
2014100505,"New Orleans Saints",3.54285714285714,11.3478260869565
2014100505,"Tampa Bay Buccaneers",8.88,13.0714285714286
2014100506,"Atlanta Falcons",3.56666666666667,13.6111111111111
2014100506,"New York Giants",6.25,13.4166666666667
2014100507,"Philadelphia Eagles",5.20833333333333,10.9333333333333
2014100507,"St. Louis Rams",7.85185185185185,14.5238095238095
2014100508,"Cleveland Browns",11.8571428571429,10.2352941176471
2014100508,"Tennessee Titans",7.28571428571429,15.5
2014100509,"Arizona Cardinals",5.75,13
2014100509,"Denver Broncos",8.27272727272727,14.4375
2014100510,"New York Jets",3.91666666666667,16.7142857142857
2014100510,"San Diego Chargers",7.27272727272727,15.4285714285714
2014100511,"Kansas City Chiefs",6.25,5.84615384615385
2014100511,"San Francisco 49ers",8.92857142857143,15.5714285714286
2014100512,"Cincinnati Bengals",6.66666666666667,17.2142857142857
2014100512,"New England Patriots",6.79166666666667,15.1428571428571
2014100600,"Seattle Seahawks",5.45,12
2014100600,"Washington Redskins",6.57142857142857,9
2014100900,"Houston Texans",8.53333333333333,9.5
2014100900,"Indianapolis Colts",9.65384615384615,10.9047619047619
2014101200,"Atlanta Falcons",8.6,12.2352941176471
2014101200,"Chicago Bears",6.89285714285714,11.3333333333333
2014101201,"Buffalo Bills",8,8.61538461538461
2014101201,"New England Patriots",7.58620689655172,11.6923076923077
2014101202,"Carolina Panthers",6.45161290322581,13.0588235294118
2014101202,"Cincinnati Bengals",4.91428571428571,7.9
2014101203,"Cleveland Browns",20.375,9.63636363636364
2014101203,"Pittsburgh Steelers",7.77272727272727,15.5714285714286
2014101204,"Green Bay Packers",7,9.22222222222222
2014101204,"Miami Dolphins",4.76190476190476,15.5
2014101205,"Detroit Lions",1.65,14.2352941176471
2014101205,"Minnesota Vikings",2.91666666666667,9.07692307692308
2014101206,"Denver Broncos",7.65217391304348,10.5454545454545
2014101206,"New York Jets",4.34782608695652,5.8
2014101207,"Baltimore Ravens",9.73913043478261,10.625
2014101207,"Tampa Bay Buccaneers",10.5833333333333,13.2857142857143
2014101208,"Jacksonville Jaguars",5.09375,10.8666666666667
2014101208,"Tennessee Titans",6.70588235294118,8.07142857142857
2014101209,"Oakland Raiders",7.16666666666667,12.7058823529412
2014101209,"San Diego Chargers",9.54166666666667,15.6428571428571
2014101210,"Arizona Cardinals",5.75862068965517,14.5294117647059
2014101210,"Washington Redskins",2.79166666666667,10.2142857142857
2014101211,"Dallas Cowboys",6.17391304347826,16.4166666666667
2014101211,"Seattle Seahawks",4.64285714285714,14.3846153846154
2014101212,"New York Giants",7.94736842105263,7.25
2014101212,"Philadelphia Eagles",7.27272727272727,8.81818181818182
2014101300,"San Francisco 49ers",7.95454545454545,12
2014101300,"St. Louis Rams",6.27272727272727,14.6190476190476
2014101600,"New England Patriots",8.80952380952381,12.3684210526316
2014101600,"New York Jets",5.71428571428571,9.375
2014101900,"Atlanta Falcons",4.79310344827586,9.8
2014101900,"Baltimore Ravens",8.66666666666667,15.5
2014101901,"Buffalo Bills",4.80645161290323,14.3333333333333
2014101901,"Minnesota Vikings",7,12.7
2014101902,"Chicago Bears",5.63636363636364,16.4615384615385
2014101902,"Miami Dolphins",5.19230769230769,9.57142857142857
2014101903,"Detroit Lions",5.59259259259259,11.6428571428571
2014101903,"New Orleans Saints",6.93333333333333,8.57894736842105
2014101904,"Carolina Panthers",6.73913043478261,13.4117647058824
2014101904,"Green Bay Packers",3.78947368421053,8.83333333333333
2014101905,"Cincinnati Bengals",4.22222222222222,7.54545454545455
2014101905,"Indianapolis Colts",4.59259259259259,10.4375
2014101906,"Cleveland Browns",6.58823529411765,11.375
2014101906,"Jacksonville Jaguars",3.22222222222222,16.9285714285714
2014101907,"Seattle Seahawks",7.04347826086957,9.69230769230769
2014101907,"St. Louis Rams",5.21052631578947,7.5
2014101908,"Tennessee Titans",5.94117647058824,10.5
2014101908,"Washington Redskins",5.68181818181818,14.7777777777778
2014101909,"Kansas City Chiefs",3.45,7.2
2014101909,"San Diego Chargers",10.5294117647059,19.0625
2014101910,"Dallas Cowboys",11.2352941176471,21.2
2014101910,"New York Giants",7.08695652173913,6.28571428571429
2014101911,"Arizona Cardinals",4.6,13.2727272727273
2014101911,"Oakland Raiders",7.58823529411765,14
2014101912,"Denver Broncos",8.36363636363636,12.1428571428571
2014101912,"San Francisco 49ers",6.93333333333333,16.5263157894737
2014102000,"Houston Texans",9.52380952380952,13.8181818181818
2014102000,"Pittsburgh Steelers",5.2,20.7272727272727
2014102300,"Denver Broncos",6.76923076923077,7.81818181818182
2014102300,"San Diego Chargers",4.48387096774194,15.5
2014102600,"Atlanta Falcons",4.76190476190476,12.625
2014102600,"Detroit Lions",6.28,9.04166666666667
2014102601,"Carolina Panthers",7.64285714285714,6.22222222222222
2014102601,"Seattle Seahawks",4.52380952380952,11.6363636363636
2014102602,"Baltimore Ravens",7.57894736842105,16.1875
2014102602,"Cincinnati Bengals",6.95652173913043,8.28571428571429
2014102603,"Jacksonville Jaguars",6.21052631578947,14.6666666666667
2014102603,"Miami Dolphins",6.72222222222222,15
2014102604,"Kansas City Chiefs",2.23076923076923,1.8
2014102604,"St. Louis Rams",4.5,15.5555555555556
2014102605,"Chicago Bears",5.33333333333333,13
2014102605,"New England Patriots",6.45454545454545,7
2014102606,"Buffalo Bills",11.7,12.125
2014102606,"New York Jets",3.5,9.61904761904762
2014102607,"Minnesota Vikings",6.59259259259259,12.65
2014102607,"Tampa Bay Buccaneers",5.28571428571429,9.5
2014102608,"Houston Texans",7.26315789473684,12.0588235294118
2014102608,"Tennessee Titans",6,14.8
2014102609,"Arizona Cardinals",7.36363636363636,14.4
2014102609,"Philadelphia Eagles",6.33333333333333,14.72
2014102610,"Cleveland Browns",5.8,11.7777777777778
2014102610,"Oakland Raiders",6.62857142857143,9.52380952380952
2014102611,"Indianapolis Colts",9,9.95833333333333
2014102611,"Pittsburgh Steelers",7.4,13.6
2014102612,"Green Bay Packers",5.90322580645161,8.36363636363636
2014102612,"New Orleans Saints",7.88888888888889,16.7142857142857
2014102700,"Dallas Cowboys",5.23809523809524,11.2307692307692
2014102700,"Washington Redskins",7.76,16.1666666666667
2014103000,"Carolina Panthers",8.1,15.6666666666667
2014103000,"New Orleans Saints",7.45833333333333,8.8
2014110200,"Cincinnati Bengals",7.6,11.1
2014110200,"Jacksonville Jaguars",6.27272727272727,11.7272727272727
2014110201,"Cleveland Browns",10,17
2014110201,"Tampa Bay Buccaneers",11.1111111111111,15
2014110202,"Arizona Cardinals",6.36363636363636,10.4545454545455
2014110202,"Dallas Cowboys",3.89473684210526,13.8666666666667
2014110203,"Houston Texans",6.21428571428571,13.3076923076923
2014110203,"Philadelphia Eagles",7.625,7.22222222222222
2014110204,"Kansas City Chiefs",5.14285714285714,5.18181818181818
2014110204,"New York Jets",5.04166666666667,13
2014110205,"Miami Dolphins",6.03846153846154,16.9285714285714
2014110205,"San Diego Chargers",6.76923076923077,11.6
2014110206,"Minnesota Vikings",6.96296296296296,22.75
2014110206,"Washington Redskins",6.47368421052632,20
2014110207,"San Francisco 49ers",4.68181818181818,10.4
2014110207,"St. Louis Rams",2.14285714285714,4.77777777777778
2014110208,"Denver Broncos",8.48571428571429,13.25
2014110208,"New England Patriots",6,9.90909090909091
2014110209,"Oakland Raiders",3.04166666666667,8.6
2014110209,"Seattle Seahawks",2.05263157894737,15.05
2014110210,"Baltimore Ravens",5.13333333333333,8.05882352941176
2014110210,"Pittsburgh Steelers",7.32,14
2014110300,"Indianapolis Colts",7.69230769230769,10.5714285714286
2014110300,"New York Giants",6.55555555555556,13.3846153846154
2014110600,"Cincinnati Bengals",2.73333333333333,10.48
2014110600,"Cleveland Browns",8.6,15
2014110900,"Baltimore Ravens",6.6875,14.8181818181818
2014110900,"Tennessee Titans",7.64705882352941,9.4
2014110901,"Buffalo Bills",3.48387096774194,9.36842105263158
2014110901,"Kansas City Chiefs",6,10.4166666666667
2014110902,"Detroit Lions",5.93103448275862,14.4
2014110902,"Miami Dolphins",3.7037037037037,11.1818181818182
2014110903,"Dallas Cowboys",6.18181818181818,14.2857142857143
2014110903,"Jacksonville Jaguars",4.30434782608696,7.625
2014110904,"New Orleans Saints",8.13793103448276,9.41176470588235
2014110904,"San Francisco 49ers",13.0666666666667,16.5
2014110905,"New York Jets",8.81818181818182,7.625
2014110905,"Pittsburgh Steelers",7.63333333333333,12.75
2014110906,"Atlanta Falcons",5.71428571428571,13.9333333333333
2014110906,"Tampa Bay Buccaneers",8.40740740740741,11.7857142857143
2014110907,"Denver Broncos",4.29411764705882,8.4375
2014110907,"Oakland Raiders",3.23333333333333,13.4666666666667
2014110908,"Arizona Cardinals",7.72413793103448,16.8181818181818
2014110908,"St. Louis Rams",4.52631578947368,7.46153846153846
2014110909,"New York Giants",6.2,8.6875
2014110909,"Seattle Seahawks",8.7,15
2014110910,"Chicago Bears",3.41666666666667,15.2941176470588
2014110910,"Green Bay Packers",9.26315789473684,10.2666666666667
2014111000,"Carolina Panthers",7.8,21.3076923076923
2014111000,"Philadelphia Eagles",9.9,6.11111111111111
2014111300,"Buffalo Bills",4.09090909090909,9.88888888888889
2014111300,"Miami Dolphins",3.76923076923077,18.2
2014111600,"Atlanta Falcons",5.80645161290323,6.71428571428571
2014111600,"Carolina Panthers",9.1304347826087,12.2307692307692
2014111601,"Chicago Bears",5.75,10.5
2014111601,"Minnesota Vikings",4.36842105263158,5.33333333333333
2014111602,"Cleveland Browns",10,13.7241379310345
2014111602,"Houston Texans",6.80952380952381,12.9
2014111603,"Green Bay Packers",7.875,14.3529411764706
2014111603,"Philadelphia Eagles",7.73076923076923,11.3125
2014111604,"Kansas City Chiefs",3.90909090909091,6.5
2014111604,"Seattle Seahawks",4.65,10
2014111605,"Cincinnati Bengals",8.88235294117647,10.8571428571429
2014111605,"New Orleans Saints",5.02941176470588,13.2
2014111606,"New York Giants",8.86363636363636,11.3684210526316
2014111606,"San Francisco 49ers",7.13333333333333,17.25
2014111607,"Denver Broncos",5.85714285714286,11.1
2014111607,"St. Louis Rams",6.4,13.3333333333333
2014111608,"Tampa Bay Buccaneers",13.1875,14.7777777777778
2014111608,"Washington Redskins",1.65217391304348,12
2014111609,"Oakland Raiders",7.33333333333333,10.8947368421053
2014111609,"San Diego Chargers",5.95833333333333,10.6923076923077
2014111610,"Arizona Cardinals",5.5,24.3
2014111610,"Detroit Lions",4.84210526315789,11.6923076923077
2014111611,"Indianapolis Colts",8.34782608695652,14.2
2014111611,"New England Patriots",7.15789473684211,8.36363636363636
2014111700,"Pittsburgh Steelers",7.09523809523809,18.3
2014111700,"Tennessee Titans",9.46666666666667,3.625
2014112000,"Kansas City Chiefs",4.4,5.16666666666667
2014112000,"Oakland Raiders",5.05555555555556,10.4736842105263
2014112300,"Atlanta Falcons",7.7037037037037,14.1176470588235
2014112300,"Cleveland Browns",6.54166666666667,12.0625
2014112301,"Buffalo Bills",6.20833333333333,10.8
2014112301,"New York Jets",6.23529411764706,13.2307692307692
2014112302,"Chicago Bears",2.64705882352941,6.3
2014112302,"Tampa Bay Buccaneers",9.08,10.8095238095238
2014112303,"Cincinnati Bengals",5.08333333333333,10.2727272727273
2014112303,"Houston Texans",4.66666666666667,10.2083333333333
2014112304,"Indianapolis Colts",5.72727272727273,14.4166666666667
2014112304,"Jacksonville Jaguars",-0.4,5.81818181818182
2014112305,"Green Bay Packers",5.84210526315789,19.25
2014112305,"Minnesota Vikings",5.47619047619048,10.8125
2014112306,"Detroit Lions",7,13.7878787878788
2014112306,"New England Patriots",4.45,12.6875
2014112307,"Philadelphia Eagles",5.16129032258065,11.1666666666667
2014112307,"Tennessee Titans",7.85714285714286,9.77777777777778
2014112308,"San Diego Chargers",3.03333333333333,6.6
2014112308,"St. Louis Rams",7.63636363636364,11.625
2014112309,"Arizona Cardinals",8.75,12.2307692307692
2014112309,"Seattle Seahawks",4.17647058823529,20.6
2014112310,"Denver Broncos",5.13793103448276,20.125
2014112310,"Miami Dolphins",5.46153846153846,10.2
2014112311,"San Francisco 49ers",9.14285714285714,18.75
2014112311,"Washington Redskins",4,18.7777777777778
2014112312,"Dallas Cowboys",8.73684210526316,17.75
2014112312,"New York Giants",4.86206896551724,2
2014112400,"Baltimore Ravens",6.72222222222222,8.375
2014112400,"New Orleans Saints",7.8,3.08333333333333
2014112700,"Chicago Bears",3.14705882352941,14.1176470588235
2014112700,"Detroit Lions",5.47058823529412,8
2014112701,"Dallas Cowboys",5.68421052631579,17.1
2014112701,"Philadelphia Eagles",5.45,12.3636363636364
2014112702,"San Francisco 49ers",4.05882352941176,16.0625
2014112702,"Seattle Seahawks",3.64705882352941,9.625
2014113000,"Baltimore Ravens",6.47619047619048,14.4117647058824
2014113000,"San Diego Chargers",6.02941176470588,13.7333333333333
2014113001,"Buffalo Bills",3.11764705882353,11.1333333333333
2014113001,"Cleveland Browns",5.44,8.57142857142857
2014113002,"Houston Texans",7.32,15.1
2014113002,"Tennessee Titans",9,22.75
2014113003,"Indianapolis Colts",10.7894736842105,16.625
2014113003,"Washington Redskins",5.59375,10.4736842105263
2014113004,"Jacksonville Jaguars",5.22727272727273,12.8571428571429
2014113004,"New York Giants",3.91666666666667,9.9
2014113005,"Carolina Panthers",5.45,12.25
2014113005,"Minnesota Vikings",4.2,9
2014113006,"New Orleans Saints",8.8421052631579,10.6666666666667
2014113006,"Pittsburgh Steelers",6.20588235294118,11.8461538461538
2014113007,"Oakland Raiders",4.20689655172414,11.2631578947368
2014113007,"St. Louis Rams",2.61538461538462,9.27272727272727
2014113008,"Cincinnati Bengals",4.90909090909091,12.5
2014113008,"Tampa Bay Buccaneers",5.5625,16.5714285714286
2014113009,"Arizona Cardinals",7.92307692307692,13.3076923076923
2014113009,"Atlanta Falcons",7.5,4
2014113010,"Green Bay Packers",9.66666666666667,11.2666666666667
2014113010,"New England Patriots",6.77272727272727,13.4
2014113011,"Denver Broncos",6.82352941176471,13.0526315789474
2014113011,"Kansas City Chiefs",7.06666666666667,8.42857142857143
2014120100,"Miami Dolphins",7.26923076923077,14.6
2014120100,"New York Jets",3.71428571428571,9.4
2014120400,"Chicago Bears",6.23529411764706,14.5882352941176
2014120400,"Dallas Cowboys",5.47619047619048,9
2014120700,"Cincinnati Bengals",7,11.5
2014120700,"Pittsburgh Steelers",6.68,8.35714285714286
2014120701,"Cleveland Browns",7.46153846153846,14.3529411764706
2014120701,"Indianapolis Colts",6.20833333333333,14.8620689655172
2014120702,"Detroit Lions",5.07692307692308,10.25
2014120702,"Tampa Bay Buccaneers",7.91304347826087,12.5263157894737
2014120703,"Houston Texans",6.07692307692308,14.25
2014120703,"Jacksonville Jaguars",3.8,9.08695652173913
2014120704,"Baltimore Ravens",6.52,4.71428571428571
2014120704,"Miami Dolphins",5.64,9
2014120705,"Minnesota Vikings",7.52631578947368,12.7142857142857
2014120705,"New York Jets",8.66666666666667,11.1666666666667
2014120706,"Carolina Panthers",5.14285714285714,23.25
2014120706,"New Orleans Saints",3.73333333333333,12.75
2014120707,"New York Giants",5.81481481481481,12.1875
2014120707,"Tennessee Titans",5.08333333333333,9.1
2014120708,"St. Louis Rams",6.36842105263158,15.7142857142857
2014120708,"Washington Redskins",5.25,6.81818181818182
2014120709,"Arizona Cardinals",8.625,12.8823529411765
2014120709,"Kansas City Chiefs",5.18518518518519,6.30769230769231
2014120710,"Buffalo Bills",4.25641025641026,10.8333333333333
2014120710,"Denver Broncos",7.6,10.3333333333333
2014120711,"Oakland Raiders",7.375,13.8571428571429
2014120711,"San Francisco 49ers",5.10526315789474,17.2
2014120712,"Philadelphia Eagles",5.6,13.3
2014120712,"Seattle Seahawks",9.04545454545454,13.9411764705882
2014120713,"New England Patriots",4.62068965517241,9.88888888888889
2014120713,"San Diego Chargers",3.1,12.7692307692308
2014120800,"Atlanta Falcons",7.66666666666667,8.64285714285714
2014120800,"Green Bay Packers",8,12.3333333333333
2014121100,"Arizona Cardinals",6.38888888888889,17.1875
2014121100,"St. Louis Rams",6.13636363636364,12.1666666666667
2014121400,"Atlanta Falcons",5.25925925925926,7.1
2014121400,"Pittsburgh Steelers",6.51851851851852,13.7777777777778
2014121401,"Baltimore Ravens",7.72727272727273,13.25
2014121401,"Jacksonville Jaguars",5.13636363636364,12.2
2014121402,"Buffalo Bills",4.23529411764706,9.07692307692308
2014121402,"Green Bay Packers",4.52941176470588,12.125
2014121403,"Carolina Panthers",8.64,15.375
2014121403,"Tampa Bay Buccaneers",6.38461538461539,16.9333333333333
2014121404,"Cincinnati Bengals",3.2,22.2727272727273
2014121404,"Cleveland Browns",1.91666666666667,11.5714285714286
2014121405,"Detroit Lions",1,13.3
2014121405,"Minnesota Vikings",3.41935483870968,2.5
2014121406,"Houston Texans",8.21428571428571,15.6153846153846
2014121406,"Indianapolis Colts",8.73684210526316,16.2222222222222
2014121407,"Kansas City Chiefs",6.4,8.25
2014121407,"Oakland Raiders",5.75,11.6875
2014121408,"Miami Dolphins",8.20689655172414,16
2014121408,"New England Patriots",8.42857142857143,14.9285714285714
2014121409,"New York Giants",8.16666666666667,10.7142857142857
2014121409,"Washington Redskins",3.8695652173913,11.25
2014121410,"Denver Broncos",11.7142857142857,7.33333333333333
2014121410,"San Diego Chargers",4.75,8.78947368421053
2014121411,"New York Jets",5.11111111111111,13.6153846153846
2014121411,"Tennessee Titans",7.63157894736842,10.4210526315789
2014121412,"San Francisco 49ers",6.18181818181818,7.75
2014121412,"Seattle Seahawks",9,17.1666666666667
2014121413,"Dallas Cowboys",7.78260869565217,15.6666666666667
2014121413,"Philadelphia Eagles",6.47058823529412,12.5
2014121500,"Chicago Bears",5.33333333333333,10.2727272727273
2014121500,"New Orleans Saints",6.43333333333333,11.1
2014121800,"Jacksonville Jaguars",5.07142857142857,8.3125
2014121800,"Tennessee Titans",8.83333333333333,8
2014122000,"Philadelphia Eagles",6.26315789473684,10.2
2014122000,"Washington Redskins",8.5,9.125
2014122001,"San Diego Chargers",7.02941176470588,11.5714285714286
2014122001,"San Francisco 49ers",5.64705882352941,10.9230769230769
2014122100,"Carolina Panthers",7.05263157894737,11.5384615384615
2014122100,"Cleveland Browns",8.54545454545454,10.9
2014122101,"Chicago Bears",3.43478260869565,8.5
2014122101,"Detroit Lions",5.95454545454545,11.2222222222222
2014122102,"Baltimore Ravens",3.52380952380952,15.1379310344828
2014122102,"Houston Texans",4.59090909090909,8.63636363636364
2014122103,"Miami Dolphins",5.83333333333333,8.75
2014122103,"Minnesota Vikings",6.9,3.85714285714286
2014122104,"Atlanta Falcons",5.84375,12.3
2014122104,"New Orleans Saints",7.4,12.0666666666667
2014122105,"New England Patriots",4.625,5.54545454545455
2014122105,"New York Jets",7.88235294117647,17
2014122106,"Kansas City Chiefs",3.12121212121212,11.3571428571429
2014122106,"Pittsburgh Steelers",7.22222222222222,9.88888888888889
2014122107,"Green Bay Packers",5.21875,9.11111111111111
2014122107,"Tampa Bay Buccaneers",7.33333333333333,16.6428571428571
2014122108,"New York Giants",9.33333333333333,10.5714285714286
2014122108,"St. Louis Rams",8.04,11.6666666666667
2014122109,"Dallas Cowboys",9,2
2014122109,"Indianapolis Colts",3.21212121212121,13
2014122110,"Buffalo Bills",4.39393939393939,10.1764705882353
2014122110,"Oakland Raiders",7.35294117647059,12.0588235294118
2014122111,"Arizona Cardinals",8,15.4137931034483
2014122111,"Seattle Seahawks",7.76190476190476,7.54545454545455
2014122200,"Cincinnati Bengals",2.88235294117647,13.875
2014122200,"Denver Broncos",8.4,7.28571428571429
2014122800,"Atlanta Falcons",5.27586206896552,7.47058823529412
2014122800,"Carolina Panthers",6.81818181818182,15
2014122801,"Baltimore Ravens",9.54545454545454,11.8125
2014122801,"Cleveland Browns",3.625,12.1428571428571
2014122802,"Detroit Lions",6.05,13.1904761904762
2014122802,"Green Bay Packers",6.61111111111111,3.875
2014122803,"Houston Texans",3.30769230769231,11.8181818181818
2014122803,"Jacksonville Jaguars",5.4375,6.57142857142857
2014122804,"Kansas City Chiefs",5.52941176470588,9.91666666666667
2014122804,"San Diego Chargers",9.61904761904762,13
2014122805,"Miami Dolphins",8.60869565217391,13.5555555555556
2014122805,"New York Jets",10.952380952381,3.14285714285714
2014122806,"Chicago Bears",3.625,6.23076923076923
2014122806,"Minnesota Vikings",7.29411764705882,9
2014122807,"Buffalo Bills",6.4375,8.5
2014122807,"New England Patriots",6.52631578947368,12.6470588235294
2014122808,"New York Giants",9.51724137931035,17.32
2014122808,"Philadelphia Eagles",6.73913043478261,15.4166666666667
2014122809,"Cincinnati Bengals",5.11111111111111,15.7
2014122809,"Pittsburgh Steelers",5.79166666666667,13.5625
2014122810,"New Orleans Saints",6.41666666666667,13.6666666666667
2014122810,"Tampa Bay Buccaneers",6.86666666666667,7.75
2014122811,"Indianapolis Colts",4.69565217391304,13.5833333333333
2014122811,"Tennessee Titans",2.53846153846154,11.1578947368421
2014122812,"Dallas Cowboys",6.04545454545455,14.1538461538462
2014122812,"Washington Redskins",0.888888888888889,8.91666666666667
2014122813,"Denver Broncos",8.26086956521739,12.3
2014122813,"Oakland Raiders",3.05555555555556,14.8235294117647
2014122814,"Arizona Cardinals",10.7083333333333,17.2666666666667
2014122814,"San Francisco 49ers",5.82352941176471,11.2727272727273
2014122815,"Seattle Seahawks",6.47058823529412,5.42857142857143
2014122815,"St. Louis Rams",3.57142857142857,8.66666666666667
2015091000,"New England Patriots",5.88461538461539,14.125
2015091000,"Pittsburgh Steelers",10.2962962962963,13.25
2015091300,"Chicago Bears",5.52631578947368,9.33333333333333
2015091300,"Green Bay Packers",5.89473684210526,17.25
2015091301,"Seattle Seahawks",3.15151515151515,7.75
2015091301,"St. Louis Rams",8.26315789473684,11.5555555555556
2015091302,"Carolina Panthers",5.35,12.6923076923077
2015091302,"Jacksonville Jaguars",3.95454545454545,12.125
2015091303,"Miami Dolphins",6.72727272727273,10.0769230769231
2015091303,"Washington Redskins",6.375,14.8888888888889
2015091304,"Buffalo Bills",6.73333333333333,10
2015091304,"Indianapolis Colts",6.78571428571429,10.1818181818182
2015091305,"Cleveland Browns",7.21052631578947,7.76923076923077
2015091305,"New York Jets",7.6,15
2015091306,"Houston Texans",9.23076923076923,12.0952380952381
2015091306,"Kansas City Chiefs",3.43478260869565,10.4545454545455
2015091307,"Arizona Cardinals",8.31578947368421,15.1176470588235
2015091307,"New Orleans Saints",2.54838709677419,7.94444444444444
2015091308,"Detroit Lions",3.42105263157895,14.3333333333333
2015091308,"San Diego Chargers",3.67647058823529,3.8
2015091309,"Baltimore Ravens",2.72222222222222,9.46153846153846
2015091309,"Denver Broncos",4.33333333333333,12.625
2015091310,"Cincinnati Bengals",4.81481481481481,17.8
2015091310,"Oakland Raiders",3.33333333333333,7.75
2015091311,"Tampa Bay Buccaneers",7.10526315789474,9.8125
2015091311,"Tennessee Titans",7.92307692307692,12.2
2015091312,"Dallas Cowboys",3.86486486486486,7.25
2015091312,"New York Giants",3.45,7.5625
2015091400,"Atlanta Falcons",7.46153846153846,8.9
2015091400,"Philadelphia Eagles",3.76315789473684,8.42857142857143
2015091401,"Minnesota Vikings",5.52173913043478,18.4444444444444
2015091401,"San Francisco 49ers",4.41176470588235,14.3
2015091700,"Denver Broncos",7.61538461538461,14.4285714285714
2015091700,"Kansas City Chiefs",3.64705882352941,6.42857142857143
2015092000,"Carolina Panthers",7.52631578947368,12.3157894736842
2015092000,"Houston Texans",5.07407407407407,9.81818181818182
2015092001,"Buffalo Bills",5.48,17.5
2015092001,"New England Patriots",7.15384615384615,11.5217391304348
2015092002,"Cincinnati Bengals",6.35294117647059,13.1666666666667
2015092002,"San Diego Chargers",5.09090909090909,12.5
2015092003,"Cleveland Browns",14.375,16
2015092003,"Tennessee Titans",7.27272727272727,16.1764705882353
2015092004,"Atlanta Falcons",6.96666666666667,5
2015092004,"New York Giants",4.03703703703704,16.8
2015092005,"St. Louis Rams",4.72222222222222,11.7647058823529
2015092005,"Washington Redskins",3.78260869565217,19.75
2015092006,"Arizona Cardinals",7.88888888888889,24.6666666666667
2015092006,"Chicago Bears",4.70833333333333,11.7777777777778
2015092007,"Detroit Lions",5.06060606060606,8.04347826086956
2015092007,"Minnesota Vikings",4.46666666666667,6.4
2015092008,"New Orleans Saints",4.68,16.1333333333333
2015092008,"Tampa Bay Buccaneers",9.64285714285714,15.6
2015092009,"Pittsburgh Steelers",12.3636363636364,11.5714285714286
2015092009,"San Francisco 49ers",6.81818181818182,8.15384615384615
2015092010,"Baltimore Ravens",6.3030303030303,14.6470588235294
2015092010,"Oakland Raiders",6.93333333333333,13.6111111111111
2015092011,"Jacksonville Jaguars",10.8,11.4736842105263
2015092011,"Miami Dolphins",6.96774193548387,10.5
2015092012,"Dallas Cowboys",5.42857142857143,11.7272727272727
2015092012,"Philadelphia Eagles",2,12
2015092013,"Green Bay Packers",6.2,15.5454545454545
2015092013,"Seattle Seahawks",8.31578947368421,13.4545454545455
2015092100,"Indianapolis Colts",5.33333333333333,17.6923076923077
2015092100,"New York Jets",5.69565217391304,17.7142857142857
2015092400,"New York Giants",8.70833333333333,6.54545454545455
2015092400,"Washington Redskins",6.84375,14.35
2015092700,"Atlanta Falcons",7.57692307692308,6.42857142857143
2015092700,"Dallas Cowboys",3.52173913043478,18.6
2015092701,"Carolina Panthers",8.23809523809524,16.3846153846154
2015092701,"New Orleans Saints",5.09090909090909,11.3333333333333
2015092702,"New York Jets",5.48571428571429,12.8095238095238
2015092702,"Philadelphia Eagles",3.42857142857143,9.25
2015092703,"Houston Texans",7.20833333333333,10.9333333333333
2015092703,"Tampa Bay Buccaneers",12,12.6666666666667
2015092704,"Minnesota Vikings",4.23076923076923,14.0909090909091
2015092704,"San Diego Chargers",7.59259259259259,10.2307692307692
2015092705,"Pittsburgh Steelers",5.18518518518519,4.66666666666667
2015092705,"St. Louis Rams",5.10526315789474,11.8
2015092706,"Jacksonville Jaguars",7.94444444444444,14.875
2015092706,"New England Patriots",4.37142857142857,10
2015092707,"Baltimore Ravens",4.58333333333333,11.5
2015092707,"Cincinnati Bengals",10.4545454545455,12.2
2015092708,"Cleveland Browns",8.75,13
2015092708,"Oakland Raiders",6.28571428571429,11
2015092709,"Indianapolis Colts",10.1,10.5
2015092709,"Tennessee Titans",8,11
2015092710,"Arizona Cardinals",11.1428571428571,12.3571428571429
2015092710,"San Francisco 49ers",3.22222222222222,7.5
2015092711,"Chicago Bears",4.11111111111111,12.25
2015092711,"Seattle Seahawks",6.7,8.9
2015092712,"Buffalo Bills",7.04761904761905,19.3333333333333
2015092712,"Miami Dolphins",7.2962962962963,10.95
2015092713,"Denver Broncos",5.41935483870968,9.18181818181818
2015092713,"Detroit Lions",3.0625,8.78571428571429
2015092800,"Green Bay Packers",6.33333333333333,13.5714285714286
2015092800,"Kansas City Chiefs",4.46153846153846,8.25
2015100100,"Baltimore Ravens",3.47619047619048,9.38461538461539
2015100100,"Pittsburgh Steelers",4.10526315789474,14.2857142857143
2015100400,"Miami Dolphins",5.75,13.6296296296296
2015100400,"New York Jets",7.5,10.1333333333333
2015100401,"Chicago Bears",4.41379310344828,10.3333333333333
2015100401,"Oakland Raiders",4.66666666666667,7.33333333333333
2015100402,"Atlanta Falcons",5.5,6.8
2015100402,"Houston Texans",10,18.8928571428571
2015100403,"Cincinnati Bengals",10.7058823529412,15.2857142857143
2015100403,"Kansas City Chiefs",5.15151515151515,8.42857142857143
2015100404,"Indianapolis Colts",5.09677419354839,13.1052631578947
2015100404,"Jacksonville Jaguars",6.72413793103448,10.7826086956522
2015100405,"Philadelphia Eagles",13.1875,13.7857142857143
2015100405,"Washington Redskins",5.21212121212121,11.3125
2015100406,"Carolina Panthers",4.72727272727273,14.25
2015100406,"Tampa Bay Buccaneers",6.88461538461539,8.125
2015100407,"Buffalo Bills",7.76666666666667,14.7857142857143
2015100407,"New York Giants",3.77272727272727,13
2015100408,"Cleveland Browns",3.90909090909091,6.90909090909091
2015100408,"San Diego Chargers",5.56521739130435,10.1111111111111
2015100409,"Green Bay Packers",5.04545454545455,13.1818181818182
2015100409,"San Francisco 49ers",4.15384615384615,12.4545454545455
2015100410,"Arizona Cardinals",7.46666666666667,11.5
2015100410,"St. Louis Rams",4.9375,8.88888888888889
2015100411,"Denver Broncos",7.72222222222222,10.8
2015100411,"Minnesota Vikings",7.03703703703704,10.7857142857143
2015100412,"Dallas Cowboys",7.88235294117647,11.3846153846154
2015100412,"New Orleans Saints",3.63636363636364,7
2015100500,"Detroit Lions",4.11538461538461,13.6363636363636
2015100500,"Seattle Seahawks",6.8,13.8571428571429
2015100800,"Houston Texans",7.87878787878788,14.9090909090909
2015100800,"Indianapolis Colts",8.05,9.30769230769231
2015101100,"New Orleans Saints",7.73076923076923,13.125
2015101100,"Philadelphia Eagles",4.54545454545455,17.1428571428571
2015101101,"Chicago Bears",5.96153846153846,11.5714285714286
2015101101,"Kansas City Chiefs",5.5625,7.07142857142857
2015101102,"Cincinnati Bengals",7.61290322580645,10.7058823529412
2015101102,"Seattle Seahawks",9.125,17.2857142857143
2015101103,"Atlanta Falcons",6.75,13.7777777777778
2015101103,"Washington Redskins",4.63636363636364,12.7272727272727
2015101104,"Jacksonville Jaguars",8.72,15.5555555555556
2015101104,"Tampa Bay Buccaneers",5.73333333333333,14.2857142857143
2015101105,"Baltimore Ravens",2.9,10
2015101105,"Cleveland Browns",5.65789473684211,12.6875
2015101106,"Buffalo Bills",8,11.1111111111111
2015101106,"Tennessee Titans",3.86363636363636,12.4285714285714
2015101107,"Green Bay Packers",2.71428571428571,10.1111111111111
2015101107,"St. Louis Rams",5.33333333333333,16.1875
2015101108,"Arizona Cardinals",10.6666666666667,18.1666666666667
2015101108,"Detroit Lions",5.28571428571429,12.1851851851852
2015101109,"Dallas Cowboys",3.28571428571429,10.2857142857143
2015101109,"New England Patriots",5.52173913043478,8.28571428571429
2015101110,"Denver Broncos",5.58333333333333,11.6666666666667
2015101110,"Oakland Raiders",4.03846153846154,15.7692307692308
2015101111,"New York Giants",5.30952380952381,7.92857142857143
2015101111,"San Francisco 49ers",3.75,11
2015101200,"Pittsburgh Steelers",7.30769230769231,14.5384615384615
2015101200,"San Diego Chargers",3.89473684210526,9.5
2015101500,"Atlanta Falcons",5.54838709677419,10.4285714285714
2015101500,"New Orleans Saints",4.9,8.44444444444444
2015101800,"Chicago Bears",7.11538461538461,11.0588235294118
2015101800,"Detroit Lions",8.60714285714286,8.8125
2015101801,"New York Jets",5.84210526315789,9.16666666666667
2015101801,"Washington Redskins",4.48,12.4444444444444
2015101802,"Arizona Cardinals",10.6129032258065,16.3125
2015101802,"Pittsburgh Steelers",5.72727272727273,19.5
2015101803,"Kansas City Chiefs",6.48,12.3529411764706
2015101803,"Minnesota Vikings",8.17647058823529,10.0714285714286
2015101804,"Buffalo Bills",7.27586206896552,10.7692307692308
2015101804,"Cincinnati Bengals",6.63636363636364,12.5454545454545
2015101805,"Cleveland Browns",7.1,10.1666666666667
2015101805,"Denver Broncos",5.18518518518519,15.9
2015101806,"Miami Dolphins",7.54545454545455,8.8
2015101806,"Tennessee Titans",7.03703703703704,6.66666666666667
2015101807,"Houston Texans",7.96,8.92857142857143
2015101807,"Jacksonville Jaguars",7.48387096774194,11.5
2015101808,"Carolina Panthers",8.7,15.7142857142857
2015101808,"Seattle Seahawks",9.66666666666667,16.0833333333333
2015101809,"Green Bay Packers",5.4375,14.2352941176471
2015101809,"San Diego Chargers",6.51111111111111,15.2173913043478
2015101810,"Baltimore Ravens",6.08823529411765,18.6666666666667
2015101810,"San Francisco 49ers",10.75,11.6666666666667
2015101811,"Indianapolis Colts",6.90625,13.6818181818182
2015101811,"New England Patriots",6.92307692307692,6.14285714285714
2015101900,"New York Giants",3.76,9.93333333333333
2015101900,"Philadelphia Eagles",7.12,11.8333333333333
2015102200,"San Francisco 49ers",4.84615384615385,9.63636363636364
2015102200,"Seattle Seahawks",6.94444444444444,8
2015102500,"Buffalo Bills",8.33333333333333,8.88235294117647
2015102500,"Jacksonville Jaguars",11.3333333333333,13.2352941176471
2015102501,"Cleveland Browns",5.0625,11.5
2015102501,"St. Louis Rams",3.86666666666667,10.2
2015102502,"Houston Texans",8.17391304347826,6.8
2015102502,"Miami Dolphins",3.61904761904762,11
2015102503,"New England Patriots",7.08571428571429,7.15
2015102503,"New York Jets",7.77272727272727,10.2777777777778
2015102504,"Kansas City Chiefs",6,7.36363636363636
2015102504,"Pittsburgh Steelers",8.1875,12.1538461538462
2015102505,"Tampa Bay Buccaneers",9.5,10.1
2015102505,"Washington Redskins",5.44117647058824,11.7
2015102506,"Detroit Lions",5.35,14
2015102506,"Minnesota Vikings",5.92,14
2015102507,"Indianapolis Colts",8.91666666666667,9.1
2015102507,"New Orleans Saints",4.125,15.1875
2015102508,"Atlanta Falcons",6.73913043478261,11.2857142857143
2015102508,"Tennessee Titans",5.21739130434783,16.4545454545455
2015102509,"Oakland Raiders",5.88,10.375
2015102509,"San Diego Chargers",4.09756097560976,10.6818181818182
2015102510,"Dallas Cowboys",8.44444444444444,5.875
2015102510,"New York Giants",6.69230769230769,8.15384615384615
2015102511,"Carolina Panthers",8.2,9.88888888888889
2015102511,"Philadelphia Eagles",3.15384615384615,7.66666666666667
2015102600,"Arizona Cardinals",6.8,9.63636363636364
2015102600,"Baltimore Ravens",4.27586206896552,8.46153846153846
2015102900,"Miami Dolphins",5.60714285714286,16.6666666666667
2015102900,"New England Patriots",6.20689655172414,12.8571428571429
2015110100,"Detroit Lions",5.91304347826087,9.21428571428571
2015110100,"Kansas City Chiefs",1,7.55555555555556
2015110101,"Baltimore Ravens",7.46153846153846,10.1428571428571
2015110101,"San Diego Chargers",3.6551724137931,10.2727272727273
2015110102,"Cincinnati Bengals",6.12,8
2015110102,"Pittsburgh Steelers",4.2258064516129,17.5294117647059
2015110103,"Houston Texans",6.78260869565217,8.76923076923077
2015110103,"Tennessee Titans",4.13636363636364,14.25
2015110104,"Chicago Bears",6.26086956521739,17.9090909090909
2015110104,"Minnesota Vikings",5.35294117647059,13.0769230769231
2015110105,"Atlanta Falcons",5.29268292682927,7.125
2015110105,"Tampa Bay Buccaneers",9.125,13.4210526315789
2015110106,"New Orleans Saints",7.66666666666667,10.4
2015110106,"New York Giants",7.64516129032258,13
2015110107,"San Francisco 49ers",3.35,9.56521739130435
2015110107,"St. Louis Rams",4.5,23
2015110108,"Arizona Cardinals",10.7083333333333,15.75
2015110108,"Cleveland Browns",5.42857142857143,10.1052631578947
2015110109,"New York Jets",6.2258064516129,11.7058823529412
2015110109,"Oakland Raiders",5.73913043478261,8.84615384615385
2015110110,"Dallas Cowboys",1.30769230769231,10.3571428571429
2015110110,"Seattle Seahawks",4.94736842105263,16.6
2015110111,"Denver Broncos",8.65217391304348,16.5555555555556
2015110111,"Green Bay Packers",3.13333333333333,14.0714285714286
2015110200,"Carolina Panthers",10.7647058823529,12.1111111111111
2015110200,"Indianapolis Colts",8.41666666666667,15.9047619047619
2015110500,"Cincinnati Bengals",5.66666666666667,10.7142857142857
2015110500,"Cleveland Browns",5.73333333333333,12.6111111111111
2015110800,"Minnesota Vikings",4.05882352941176,11.9230769230769
2015110800,"St. Louis Rams",6.38888888888889,11.9444444444444
2015110801,"Carolina Panthers",13.3333333333333,11.6666666666667
2015110801,"Green Bay Packers",8.2,12.3333333333333
2015110802,"New England Patriots",4.96296296296296,11.1428571428571
2015110802,"Washington Redskins",6.27272727272727,11.4705882352941
2015110803,"New Orleans Saints",8.46666666666667,11.9166666666667
2015110803,"Tennessee Titans",6.42857142857143,9.58333333333333
2015110804,"Buffalo Bills",11.1666666666667,2
2015110804,"Miami Dolphins",4.60714285714286,9.64285714285714
2015110805,"Jacksonville Jaguars",11,13.7857142857143
2015110805,"New York Jets",6.61904761904762,7.42857142857143
2015110806,"Oakland Raiders",9.58333333333333,12.05
2015110806,"Pittsburgh Steelers",6.83333333333333,13.5454545454545
2015110807,"New York Giants",6.38461538461539,10.2307692307692
2015110807,"Tampa Bay Buccaneers",6.42857142857143,15.8333333333333
2015110808,"Atlanta Falcons",6.35483870967742,7.6
2015110808,"San Francisco 49ers",5.6,14.4
2015110809,"Denver Broncos",7.28571428571429,14.7142857142857
2015110809,"Indianapolis Colts",7.13636363636364,8
2015110810,"Dallas Cowboys",6.22222222222222,11.1176470588235
2015110810,"Philadelphia Eagles",4.96,5.53846153846154
2015110900,"Chicago Bears",7.77777777777778,17.5
2015110900,"San Diego Chargers",4.78571428571429,9.85
2015111200,"Buffalo Bills",4.44444444444444,17
2015111200,"New York Jets",6.4,15.4705882352941
2015111500,"New Orleans Saints",3.57142857142857,12.1428571428571
2015111500,"Washington Redskins",3.15,12.6666666666667
2015111501,"Detroit Lions",4.95833333333333,5.07692307692308
2015111501,"Green Bay Packers",5.25,13.0344827586207
2015111502,"Dallas Cowboys",6.68421052631579,12.2
2015111502,"Tampa Bay Buccaneers",7.31818181818182,16.8888888888889
2015111503,"Carolina Panthers",8.42857142857143,19.1666666666667
2015111503,"Tennessee Titans",5.875,14.4285714285714
2015111504,"Chicago Bears",2.35,9.5
2015111504,"St. Louis Rams",3.22222222222222,12.952380952381
2015111505,"Miami Dolphins",4.47619047619048,12.5333333333333
2015111505,"Philadelphia Eagles",5.51351351351351,11.5333333333333
2015111506,"Baltimore Ravens",5.02941176470588,16.2222222222222
2015111506,"Jacksonville Jaguars",3.73913043478261,10.1739130434783
2015111507,"Cleveland Browns",5.60606060606061,9.27272727272727
2015111507,"Pittsburgh Steelers",8.56,17
2015111508,"Minnesota Vikings",1.14285714285714,10.8
2015111508,"Oakland Raiders",6.24137931034483,9.08333333333333
2015111509,"New England Patriots",8.7037037037037,13.0625
2015111509,"New York Giants",8.56,13.0416666666667
2015111510,"Denver Broncos",4.8,15.2173913043478
2015111510,"Kansas City Chiefs",3.66666666666667,9.875
2015111511,"Arizona Cardinals",11,13.9545454545455
2015111511,"Seattle Seahawks",10.5714285714286,9.57894736842105
2015111600,"Cincinnati Bengals",3.77272727272727,15.8333333333333
2015111600,"Houston Texans",8.47058823529412,10.7647058823529
2015111900,"Jacksonville Jaguars",6.90476190476191,12.8
2015111900,"Tennessee Titans",7.45454545454545,15.7222222222222
2015112200,"Chicago Bears",10.0555555555556,12.75
2015112200,"Denver Broncos",4.8,12.4285714285714
2015112201,"Detroit Lions",4.95454545454545,10.8461538461538
2015112201,"Oakland Raiders",6.78571428571429,9.21428571428571
2015112202,"Atlanta Falcons",8.8,10.8571428571429
2015112202,"Indianapolis Colts",2.8695652173913,14.1111111111111
2015112203,"Houston Texans",9.11111111111111,12.4736842105263
2015112203,"New York Jets",5.89473684210526,20.45
2015112204,"Philadelphia Eagles",4.11538461538461,5.41666666666667
2015112204,"Tampa Bay Buccaneers",10.45,11.1818181818182
2015112205,"Green Bay Packers",7.70588235294118,14.4761904761905
2015112205,"Minnesota Vikings",4.61538461538461,12.6923076923077
2015112206,"Carolina Panthers",7.59090909090909,12.9285714285714
2015112206,"Washington Redskins",5.52173913043478,13.4285714285714
2015112207,"Dallas Cowboys",9.33333333333333,10.625
2015112207,"Miami Dolphins",7.125,10
2015112208,"Baltimore Ravens",2.17857142857143,9.375
2015112208,"St. Louis Rams",6.92307692307692,12
2015112209,"Arizona Cardinals",9.95,8
2015112209,"Cincinnati Bengals",8.65217391304348,17.35
2015112210,"San Francisco 49ers",6.59090909090909,16.25
2015112210,"Seattle Seahawks",3.44,15.4
2015112211,"Kansas City Chiefs",5.25,8.125
2015112211,"San Diego Chargers",4,19.5833333333333
2015112300,"Buffalo Bills",7.61904761904762,15.0588235294118
2015112300,"New England Patriots",6.63636363636364,10.2631578947368
2015112600,"Detroit Lions",5.17857142857143,12.6363636363636
2015112600,"Philadelphia Eagles",6.15,10.625
2015112601,"Carolina Panthers",7.29411764705882,6.66666666666667
2015112601,"Dallas Cowboys",3.45833333333333,13.5384615384615
2015112602,"Chicago Bears",4.05,9.76923076923077
2015112602,"Green Bay Packers",2.60869565217391,10.5909090909091
2015112900,"New York Giants",7.92307692307692,11.3913043478261
2015112900,"Washington Redskins",6.04761904761905,17.4545454545455
2015112901,"Atlanta Falcons",8.30434782608696,11.0833333333333
2015112901,"Minnesota Vikings",2.05,10.6
2015112902,"Cincinnati Bengals",4.57142857142857,12.1666666666667
2015112902,"St. Louis Rams",2.51351351351351,8.42857142857143
2015112903,"Houston Texans",4.61904761904762,15.75
2015112903,"New Orleans Saints",4.34615384615385,9.10526315789474
2015112904,"Indianapolis Colts",7.82142857142857,6.41176470588235
2015112904,"Tampa Bay Buccaneers",8.6,19.2222222222222
2015112905,"Miami Dolphins",5.20588235294118,12.75
2015112905,"New York Jets",9.08695652173913,12
2015112906,"Jacksonville Jaguars",4.74193548387097,11.7777777777778
2015112906,"San Diego Chargers",5.25806451612903,9.13333333333333
2015112907,"Oakland Raiders",10.4166666666667,11.2666666666667
2015112907,"Tennessee Titans",9.72222222222222,11.7619047619048
2015112908,"Buffalo Bills",10.1904761904762,12.4736842105263
2015112908,"Kansas City Chiefs",9.10526315789474,11.3846153846154
2015112909,"Arizona Cardinals",8.72,12.9047619047619
2015112909,"San Francisco 49ers",5.61538461538461,12.8
2015112910,"Pittsburgh Steelers",7.64102564102564,16.3
2015112910,"Seattle Seahawks",8.38095238095238,6.77777777777778
2015112911,"Denver Broncos",7.39130434782609,12.1666666666667
2015112911,"New England Patriots",8.48,14.5454545454545
2015113000,"Baltimore Ravens",5.42105263157895,10.2727272727273
2015113000,"Cleveland Browns",6.17241379310345,12.5263157894737
2015120300,"Detroit Lions",3.39130434782609,14.7692307692308
2015120300,"Green Bay Packers",6.125,23.2857142857143
2015120600,"New York Giants",8.1,10.1176470588235
2015120600,"New York Jets",5.16666666666667,8.26666666666667
2015120601,"Buffalo Bills",12.6923076923077,17.6
2015120601,"Houston Texans",7.26923076923077,17.7647058823529
2015120602,"Baltimore Ravens",6.18181818181818,11.4615384615385
2015120602,"Miami Dolphins",7,11.2
2015120603,"Cincinnati Bengals",8.75,5.85714285714286
2015120603,"Cleveland Browns",5.61538461538461,10.9230769230769
2015120604,"Jacksonville Jaguars",7.83333333333333,9.5
2015120604,"Tennessee Titans",9,9.6
2015120605,"Chicago Bears",5.88888888888889,17.9230769230769
2015120605,"San Francisco 49ers",5.15789473684211,8.92857142857143
2015120606,"Minnesota Vikings",4.05263157894737,9.75
2015120606,"Seattle Seahawks",5.80952380952381,12.5
2015120607,"Carolina Panthers",7.93103448275862,19.7333333333333
2015120607,"New Orleans Saints",7.12,11.3333333333333
2015120608,"Atlanta Falcons",5,11.5
2015120608,"Tampa Bay Buccaneers",8.31578947368421,12.6666666666667
2015120609,"Arizona Cardinals",8.14285714285714,13.6470588235294
2015120609,"St. Louis Rams",6.06666666666667,13.4210526315789
2015120610,"Kansas City Chiefs",3.5625,13.1428571428571
2015120610,"Oakland Raiders",4.70967741935484,12
2015120611,"Denver Broncos",4.82352941176471,16.3
2015120611,"San Diego Chargers",4.05555555555556,11.7647058823529
2015120612,"New England Patriots",6.66666666666667,14.2307692307692
2015120612,"Philadelphia Eagles",4.3125,7.45454545454545
2015120613,"Indianapolis Colts",4.3,8.83333333333333
2015120613,"Pittsburgh Steelers",10.44,17.4
2015120700,"Dallas Cowboys",9.29411764705882,8.4
2015120700,"Washington Redskins",6.08,11.5454545454545
2015121000,"Arizona Cardinals",5.88,17.3
2015121000,"Minnesota Vikings",4.12,12.3571428571429
2015121300,"Buffalo Bills",8.05263157894737,15.5882352941176
2015121300,"Philadelphia Eagles",5.91666666666667,15.2
2015121301,"New York Jets",4.95238095238095,11.2
2015121301,"Tennessee Titans",9.22727272727273,13.7647058823529
2015121302,"Cincinnati Bengals",8.26923076923077,14
2015121302,"Pittsburgh Steelers",5.26666666666667,10.6666666666667
2015121303,"Houston Texans",9.30769230769231,17.4615384615385
2015121303,"New England Patriots",4.75,15.875
2015121304,"Indianapolis Colts",4.22727272727273,11.2173913043478
2015121304,"Jacksonville Jaguars",6.41176470588235,13.8666666666667
2015121305,"Kansas City Chiefs",7.75,10.5714285714286
2015121305,"San Diego Chargers",7.375,11.1578947368421
2015121306,"Chicago Bears",10.1428571428571,14.3333333333333
2015121306,"Washington Redskins",7.79166666666667,8.14285714285714
2015121307,"Atlanta Falcons",3.53571428571429,8.78571428571429
2015121307,"Carolina Panthers",9.8421052631579,11.4
2015121308,"New Orleans Saints",6.51515151515152,8.81818181818182
2015121308,"Tampa Bay Buccaneers",6.85,12.3333333333333
2015121309,"Detroit Lions",2.45161290322581,6.73333333333333
2015121309,"St. Louis Rams",6.33333333333333,12.5
2015121310,"Cleveland Browns",7.28571428571429,6.45454545454545
2015121310,"San Francisco 49ers",8.68421052631579,9.72727272727273
2015121311,"Denver Broncos",4.68571428571429,8.22222222222222
2015121311,"Oakland Raiders",8.41666666666667,11.9444444444444
2015121312,"Dallas Cowboys",5.38461538461539,11.75
2015121312,"Green Bay Packers",2.73913043478261,12.5
2015121313,"Baltimore Ravens",7.64,12.5294117647059
2015121313,"Seattle Seahawks",7.54166666666667,10.2
2015121400,"Miami Dolphins",6.34615384615385,18.6470588235294
2015121400,"New York Giants",7.77777777777778,16.1428571428571
2015121700,"St. Louis Rams",7.35714285714286,1.33333333333333
2015121700,"Tampa Bay Buccaneers",8.76666666666667,13.6
2015121900,"Dallas Cowboys",5.22222222222222,8.36363636363636
2015121900,"New York Jets",6.55555555555556,13.7692307692308
2015122000,"Carolina Panthers",6.76,18.35
2015122000,"New York Giants",4.53333333333333,9.64705882352941
2015122001,"Arizona Cardinals",8.1,25.3571428571429
2015122001,"Philadelphia Eagles",8.46428571428571,8.83333333333333
2015122002,"Chicago Bears",4,21.3
2015122002,"Minnesota Vikings",3.47058823529412,-3.33333333333333
2015122003,"Atlanta Falcons",4.83333333333333,10.6666666666667
2015122003,"Jacksonville Jaguars",8.66666666666667,10.7333333333333
2015122004,"Houston Texans",6.94117647058824,12.1538461538462
2015122004,"Indianapolis Colts",6.16666666666667,9.30769230769231
2015122005,"New England Patriots",3.625,9.58333333333333
2015122005,"Tennessee Titans",4.79166666666667,19.1111111111111
2015122006,"Baltimore Ravens",6.65384615384615,12.3888888888889
2015122006,"Kansas City Chiefs",3.19047619047619,11.25
2015122007,"Buffalo Bills",8.5625,15.5833333333333
2015122007,"Washington Redskins",8.40909090909091,6.57142857142857
2015122008,"Cleveland Browns",2.35,9
2015122008,"Seattle Seahawks",6.71428571428571,17.6666666666667
2015122009,"Green Bay Packers",6.16,14.1
2015122009,"Oakland Raiders",7.56521739130435,15.6666666666667
2015122010,"Denver Broncos",9.56521739130435,12.6521739130435
2015122010,"Pittsburgh Steelers",6.40476190476191,12.6875
2015122011,"Miami Dolphins",5.75,12.8666666666667
2015122011,"San Diego Chargers",6.66666666666667,9.91666666666667
2015122012,"Cincinnati Bengals",9,9
2015122012,"San Francisco 49ers",4.87096774193548,6.26315789473684
2015122100,"Detroit Lions",3.45454545454545,2.33333333333333
2015122100,"New Orleans Saints",5.72222222222222,10.3333333333333
2015122400,"Oakland Raiders",5.48,11.0714285714286
2015122400,"San Diego Chargers",4.21875,12.8947368421053
2015122600,"Philadelphia Eagles",4.41025641025641,8.95
2015122600,"Washington Redskins",8.29032258064516,12.75
2015122700,"Jacksonville Jaguars",6.14814814814815,15.5
2015122700,"New Orleans Saints",8.59259259259259,16.6153846153846
2015122701,"Indianapolis Colts",5.52941176470588,8.76923076923077
2015122701,"Miami Dolphins",8.25925925925926,9.08333333333333
2015122702,"New England Patriots",5.18181818181818,11.5555555555556
2015122702,"New York Jets",5.23076923076923,18.8125
2015122703,"Houston Texans",9.82352941176471,12.3636363636364
2015122703,"Tennessee Titans",5.42857142857143,10.7826086956522
2015122704,"Cleveland Browns",4.23076923076923,12.2631578947368
2015122704,"Kansas City Chiefs",4.93333333333333,18.125
2015122705,"Detroit Lions",3.72413793103448,10.4545454545455
2015122705,"San Francisco 49ers",4.77272727272727,10.5384615384615
2015122706,"Minnesota Vikings",6.93333333333333,8.7
2015122706,"New York Giants",5.09090909090909,7.16666666666667
2015122707,"Atlanta Falcons",9,5.85714285714286
2015122707,"Carolina Panthers",4.05882352941176,9.61538461538461
2015122708,"Chicago Bears",2.66666666666667,7.5
2015122708,"Tampa Bay Buccaneers",12.5625,16.2307692307692
2015122709,"Buffalo Bills",9,22.75
2015122709,"Dallas Cowboys",6.6,13.0555555555556
2015122710,"Arizona Cardinals",6.7,12.8888888888889
2015122710,"Green Bay Packers",5.70588235294118,19.25
2015122711,"Seattle Seahawks",6.88888888888889,9.22222222222222
2015122711,"St. Louis Rams",3.07142857142857,11.9
2015122712,"Baltimore Ravens",6.14285714285714,6.5
2015122712,"Pittsburgh Steelers",4.41666666666667,20.3636363636364
2015122800,"Cincinnati Bengals",5.72727272727273,15.2857142857143
2015122800,"Denver Broncos",6.37037037037037,15.7692307692308
2016010300,"Buffalo Bills",5.66666666666667,12.4545454545455
2016010300,"New York Jets",8.17647058823529,12.4736842105263
2016010301,"Miami Dolphins",10.1923076923077,18.6923076923077
2016010301,"New England Patriots",3.85714285714286,14.2
2016010302,"Baltimore Ravens",5.06666666666667,10.4230769230769
2016010302,"Cincinnati Bengals",5.72222222222222,6.09090909090909
2016010303,"Cleveland Browns",5.48148148148148,11.125
2016010303,"Pittsburgh Steelers",11.0833333333333,15.3
2016010304,"Houston Texans",4.73076923076923,10.2
2016010304,"Jacksonville Jaguars",7.61111111111111,7.92857142857143
2016010305,"Indianapolis Colts",6.14285714285714,9.625
2016010305,"Tennessee Titans",6.06666666666667,5.36363636363636
2016010306,"Kansas City Chiefs",6.46666666666667,14
2016010306,"Oakland Raiders",4.28571428571429,8.07692307692308
2016010307,"Dallas Cowboys",7.51515151515152,8.14285714285714
2016010307,"Washington Redskins",7.10526315789474,7.57142857142857
2016010308,"New York Giants",6.66666666666667,9.95
2016010308,"Philadelphia Eagles",3.70967741935484,12.4285714285714
2016010309,"Chicago Bears",9.76470588235294,16
2016010309,"Detroit Lions",6.10714285714286,13.1818181818182
2016010310,"Green Bay Packers",5.57142857142857,17
2016010310,"Minnesota Vikings",4.4,15.375
2016010311,"Atlanta Falcons",7.4,14.4166666666667
2016010311,"New Orleans Saints",5.78125,16.3846153846154
2016010312,"Carolina Panthers",6.57142857142857,24.5
2016010312,"Tampa Bay Buccaneers",5.17241379310345,9.57894736842105
2016010313,"Denver Broncos",8.3,18.4
2016010313,"San Diego Chargers",3.39130434782609,13.6875
2016010314,"Arizona Cardinals",7.65,12.9
2016010314,"Seattle Seahawks",5.43478260869565,16
2016010315,"San Francisco 49ers",3.79310344827586,8.75
2016010315,"St. Louis Rams",5.59090909090909,16.6470588235294
2016090800,"Carolina Panthers",7.10526315789474,7.47058823529412
2016090800,"Denver Broncos",4.88888888888889,4.14285714285714
2016091100,"Atlanta Falcons",3.88888888888889,12.1666666666667
2016091100,"Tampa Bay Buccaneers",7.65217391304348,16.1
2016091101,"Baltimore Ravens",6.69565217391304,9.25
2016091101,"Buffalo Bills",4.6,9
2016091102,"Chicago Bears",10.1764705882353,10.3076923076923
2016091102,"Houston Texans",7.36363636363636,18.2307692307692
2016091103,"Green Bay Packers",6.61904761904762,16.5882352941176
2016091103,"Jacksonville Jaguars",7.04166666666667,12.8666666666667
2016091104,"Kansas City Chiefs",5.64705882352941,8.61538461538461
2016091104,"San Diego Chargers",4.15384615384615,10.6923076923077
2016091105,"New Orleans Saints",7.67857142857143,10.0588235294118
2016091105,"Oakland Raiders",6.72,6.76470588235294
2016091106,"Cincinnati Bengals",8.30434782608696,8.85714285714286
2016091106,"New York Jets",4.75,7.94444444444444
2016091107,"Cleveland Browns",10.25,11.2857142857143
2016091107,"Philadelphia Eagles",7.73913043478261,5.875
2016091108,"Minnesota Vikings",9.55555555555556,11
2016091108,"Tennessee Titans",6.84,9.46666666666667
2016091109,"Miami Dolphins",3.25,14.2307692307692
2016091109,"Seattle Seahawks",4.85714285714286,9.82352941176471
2016091110,"Dallas Cowboys",6.04,12.5909090909091
2016091110,"New York Giants",7.57894736842105,7.44444444444444
2016091111,"Detroit Lions",3.80645161290323,12.2222222222222
2016091111,"Indianapolis Colts",9.09677419354839,10.4705882352941
2016091112,"Arizona Cardinals",6.91666666666667,15.4666666666667
2016091112,"New England Patriots",5.28,10.6363636363636
2016091200,"Pittsburgh Steelers",7.14814814814815,4.55555555555556
2016091200,"Washington Redskins",6.16666666666667,10.6666666666667
2016091201,"Los Angeles Rams",3.66666666666667,7.75
2016091201,"San Francisco 49ers",4.34782608695652,8.0625
2016091500,"Buffalo Bills",8.75,16.5454545454545
2016091500,"New York Jets",13.12,14.2727272727273
2016091800,"Carolina Panthers",9.73076923076923,10.2352941176471
2016091800,"San Francisco 49ers",7.82352941176471,12.4444444444444
2016091801,"Baltimore Ravens",8.33333333333333,14.7894736842105
2016091801,"Cleveland Browns",9.21739130434783,19.5454545454545
2016091802,"Detroit Lions",6.04,12.7619047619048
2016091802,"Tennessee Titans",5.23076923076923,9.88888888888889
2016091803,"Houston Texans",9.26315789473684,14.6923076923077
2016091803,"Kansas City Chiefs",5.85,11.7222222222222
2016091804,"Miami Dolphins",6.88235294117647,14.8333333333333
2016091804,"New England Patriots",4.84615384615385,12.5
2016091805,"New Orleans Saints",5.03448275862069,12.5
2016091805,"New York Giants",6.47058823529412,13.3636363636364
2016091806,"Cincinnati Bengals",5.46875,8.36
2016091806,"Pittsburgh Steelers",8.52631578947368,13.5
2016091807,"Dallas Cowboys",6.13636363636364,6.8
2016091807,"Washington Redskins",7.39285714285714,15.2777777777778
2016091808,"Arizona Cardinals",8.77777777777778,13.2352941176471
2016091808,"Tampa Bay Buccaneers",6.14285714285714,14.3913043478261
2016091809,"Los Angeles Rams",9,12
2016091809,"Seattle Seahawks",9.08333333333333,11.5
2016091810,"Denver Broncos",6.54545454545455,12.3571428571429
2016091810,"Indianapolis Colts",5.22727272727273,11.6363636363636
2016091811,"Atlanta Falcons",9.80769230769231,10.375
2016091811,"Oakland Raiders",3.41176470588235,11.5
2016091812,"Jacksonville Jaguars",5.4375,11
2016091812,"San Diego Chargers",7.35294117647059,9.27272727272727
2016091813,"Green Bay Packers",7.42857142857143,13.75
2016091813,"Minnesota Vikings",7.72727272727273,8.5
2016091900,"Chicago Bears",6.80952380952381,12.4444444444444
2016091900,"Philadelphia Eagles",5.04347826086957,13
2016092200,"Houston Texans",5.64,9.1875
2016092200,"New England Patriots",2.27272727272727,13
2016092500,"Arizona Cardinals",7.53571428571429,12.8181818181818
2016092500,"Buffalo Bills",4.86666666666667,15.0909090909091
2016092501,"Carolina Panthers",6,18.1428571428571
2016092501,"Minnesota Vikings",6.27777777777778,6.3
2016092502,"Cincinnati Bengals",6.22727272727273,7.6
2016092502,"Denver Broncos",8.08333333333333,5.25
2016092503,"Detroit Lions",8.37931034482759,12.9166666666667
2016092503,"Green Bay Packers",5.9375,18.9
2016092504,"Baltimore Ravens",3.96666666666667,11.6363636363636
2016092504,"Jacksonville Jaguars",4.36,12.4166666666667
2016092505,"Cleveland Browns",5.6,10
2016092505,"Miami Dolphins",8.30769230769231,11.0769230769231
2016092506,"New York Giants",7.22222222222222,12
2016092506,"Washington Redskins",8.43478260869565,10.2941176470588
2016092507,"Oakland Raiders",7.63636363636364,15.8
2016092507,"Tennessee Titans",8.44444444444444,12.5333333333333
2016092508,"San Francisco 49ers",5.42857142857143,9.9
2016092508,"Seattle Seahawks",9.18181818181818,10.6666666666667
2016092509,"Los Angeles Rams",9.07142857142857,6.42857142857143
2016092509,"Tampa Bay Buccaneers",6.30769230769231,7.8695652173913
2016092510,"Philadelphia Eagles",3.83333333333333,12.7
2016092510,"Pittsburgh Steelers",5.4,10
2016092511,"Indianapolis Colts",7.92307692307692,9.93333333333333
2016092511,"San Diego Chargers",5.84615384615385,8
2016092512,"Kansas City Chiefs",2.28,18.25
2016092512,"New York Jets",4.75,13.25
2016092513,"Chicago Bears",6.12903225806452,12.5263157894737
2016092513,"Dallas Cowboys",8.1578947368421,12.2857142857143
2016092600,"Atlanta Falcons",4.65,10.3636363636364
2016092600,"New Orleans Saints",6.94444444444444,10.9411764705882
2016092900,"Cincinnati Bengals",7.78260869565217,3.88888888888889
2016092900,"Miami Dolphins",5.8125,4.55555555555556
2016100200,"Indianapolis Colts",3.46428571428571,12.2352941176471
2016100200,"Jacksonville Jaguars",3.65,10.7222222222222
2016100201,"Atlanta Falcons",11.6428571428571,14.75
2016100201,"Carolina Panthers",5.09677419354839,13.7368421052632
2016100202,"Baltimore Ravens",4.41176470588235,11.1666666666667
2016100202,"Oakland Raiders",5.19230769230769,11.25
2016100203,"Chicago Bears",5.42857142857143,11.7777777777778
2016100203,"Detroit Lions",4.75,12.8461538461538
2016100204,"Houston Texans",4.92,13.7272727272727
2016100204,"Tennessee Titans",8.71428571428571,12.4210526315789
2016100205,"Buffalo Bills",5.78571428571429,13.75
2016100205,"New England Patriots",2.94444444444444,19.8181818181818
2016100206,"New York Jets",5.82608695652174,14.3333333333333
2016100206,"Seattle Seahawks",8.73913043478261,10
2016100207,"Cleveland Browns",3.33333333333333,6.5
2016100207,"Washington Redskins",3.40909090909091,16.4285714285714
2016100208,"Denver Broncos",9.42105263157895,15.6875
2016100208,"Tampa Bay Buccaneers",9.66666666666667,15.6315789473684
2016100209,"Arizona Cardinals",7.57142857142857,10.6111111111111
2016100209,"Los Angeles Rams",5.21052631578947,15.3846153846154
2016100210,"New Orleans Saints",4.26086956521739,5.63636363636364
2016100210,"San Diego Chargers",6.57142857142857,9.06666666666667
2016100211,"Dallas Cowboys",5.04347826086957,6.4
2016100211,"San Francisco 49ers",7.875,12.6666666666667
2016100212,"Kansas City Chiefs",6.03225806451613,6.71428571428571
2016100212,"Pittsburgh Steelers",9.81818181818182,17.5
2016100300,"Minnesota Vikings",4.23076923076923,10.8333333333333
2016100300,"New York Giants",3.28,10
2016100600,"Arizona Cardinals",6,16.2777777777778
2016100600,"San Francisco 49ers",5.72222222222222,13.5
2016100900,"Baltimore Ravens",4.5,12.6111111111111
2016100900,"Washington Redskins",5.5,12.0769230769231
2016100901,"Cleveland Browns",9.2,13.9375
2016100901,"New England Patriots",7.89285714285714,7.06666666666667
2016100902,"Detroit Lions",2.31578947368421,8.77777777777778
2016100902,"Philadelphia Eagles",4.84615384615385,13
2016100903,"Chicago Bears",5.97142857142857,13.6363636363636
2016100903,"Indianapolis Colts",8.27586206896552,9.46153846153846
2016100904,"Miami Dolphins",4.35714285714286,6.75
2016100904,"Tennessee Titans",4.61904761904762,19.7
2016100905,"Houston Texans",4.47368421052632,10.75
2016100905,"Minnesota Vikings",6.125,8.5
2016100906,"New York Jets",5.56,9.30769230769231
2016100906,"Pittsburgh Steelers",5.11428571428571,10.5625
2016100907,"Atlanta Falcons",8.17647058823529,10.4285714285714
2016100907,"Denver Broncos",6.17391304347826,10.5
2016100908,"Cincinnati Bengals",5.87096774193548,13.6428571428571
2016100908,"Dallas Cowboys",6.68421052631579,5.28571428571429
2016100909,"Buffalo Bills",7.15384615384615,7.16666666666667
2016100909,"Los Angeles Rams",5.85714285714286,10.1
2016100910,"Oakland Raiders",7.72,10.375
2016100910,"San Diego Chargers",10.6190476190476,23
2016100911,"Green Bay Packers",5.76,13.8095238095238
2016100911,"New York Giants",3.52631578947368,12
2016101000,"Carolina Panthers",10.7777777777778,9.625
2016101000,"Tampa Bay Buccaneers",10,15.4615384615385
2016101300,"Denver Broncos",5.25,13.3809523809524
2016101300,"San Diego Chargers",5.78947368421053,9.61538461538461
2016101600,"Buffalo Bills",7.55555555555556,8.35714285714286
2016101600,"San Francisco 49ers",6.84615384615385,12.875
2016101601,"Chicago Bears",4.13333333333333,12.5909090909091
2016101601,"Jacksonville Jaguars",8.95,10.1875
2016101602,"Detroit Lions",4.34782608695652,8.7
2016101602,"Los Angeles Rams",6.44444444444444,9.57142857142857
2016101603,"Miami Dolphins",5.64,8.375
2016101603,"Pittsburgh Steelers",4.57894736842105,14.7142857142857
2016101604,"Cincinnati Bengals",9.09090909090909,12.3333333333333
2016101604,"New England Patriots",6.06896551724138,10.125
2016101605,"Carolina Panthers",8.40740740740741,18.2173913043478
2016101605,"New Orleans Saints",7.77777777777778,7.57142857142857
2016101606,"Baltimore Ravens",5.35714285714286,15.2307692307692
2016101606,"New York Giants",5.03125,10.7333333333333
2016101607,"Cleveland Browns",6.96296296296296,15.875
2016101607,"Tennessee Titans",13.1764705882353,6.55555555555556
2016101608,"Philadelphia Eagles",11.25,10.5
2016101608,"Washington Redskins",8.5,11.3809523809524
2016101609,"Kansas City Chiefs",6.15789473684211,10.25
2016101609,"Oakland Raiders",6.65217391304348,9
2016101610,"Dallas Cowboys",6.88888888888889,12
2016101610,"Green Bay Packers",5.12903225806452,11.6363636363636
2016101611,"Atlanta Falcons",8.46428571428571,14
2016101611,"Seattle Seahawks",3.92,9.38461538461539
2016101612,"Houston Texans",6.64,11.7142857142857
2016101612,"Indianapolis Colts",5.30434782608696,12.3
2016101700,"Arizona Cardinals",6.66666666666667,11.25
2016101700,"New York Jets",6.2,7.35294117647059
2016102000,"Chicago Bears",7.91666666666667,16.2
2016102000,"Green Bay Packers",4.225,10.1818181818182
2016102300,"Los Angeles Rams",5,13.1111111111111
2016102300,"New York Giants",3.66666666666667,10.0769230769231
2016102301,"Cincinnati Bengals",10.7894736842105,14.2222222222222
2016102301,"Cleveland Browns",3,4.58333333333333
2016102302,"Detroit Lions",7.27777777777778,9.91666666666667
2016102302,"Washington Redskins",6.5625,19.5
2016102303,"Jacksonville Jaguars",6.24,9.23809523809524
2016102303,"Oakland Raiders",5.25,4.42857142857143
2016102304,"Kansas City Chiefs",6.23529411764706,17.4285714285714
2016102304,"New Orleans Saints",5.34210526315789,9.36363636363636
2016102305,"Buffalo Bills",13.0666666666667,13.1333333333333
2016102305,"Miami Dolphins",8.26666666666667,15.1818181818182
2016102306,"Baltimore Ravens",6.84,16.2941176470588
2016102306,"New York Jets",5.78571428571429,6
2016102307,"Minnesota Vikings",5.4,9.375
2016102307,"Philadelphia Eagles",2.125,13
2016102308,"Indianapolis Colts",8.85714285714286,11.5625
2016102308,"Tennessee Titans",6.18181818181818,13.6842105263158
2016102309,"Atlanta Falcons",7.875,14.1818181818182
2016102309,"San Diego Chargers",7.44444444444444,11.2352941176471
2016102310,"San Francisco 49ers",6.11764705882353,9.57894736842105
2016102310,"Tampa Bay Buccaneers",7.09090909090909,12.75
2016102311,"New England Patriots",6.36842105263158,8.875
2016102311,"Pittsburgh Steelers",5,12.7894736842105
2016102312,"Arizona Cardinals",6.38709677419355,16.5
2016102312,"Seattle Seahawks",3.92857142857143,11.0666666666667
2016102400,"Denver Broncos",7.46666666666667,14.6666666666667
2016102400,"Houston Texans",3.22727272727273,15.55
2016102700,"Jacksonville Jaguars",6.55882352941176,9
2016102700,"Tennessee Titans",7.52631578947368,10
2016103000,"Cincinnati Bengals",5.93333333333333,14.5
2016103000,"Washington Redskins",6.43589743589744,10.6666666666667
2016103001,"Atlanta Falcons",5.6,9.375
2016103001,"Green Bay Packers",5.10344827586207,12.9
2016103002,"Buffalo Bills",6.95454545454545,17.0416666666667
2016103002,"New England Patriots",8.25,15.5333333333333
2016103003,"Cleveland Browns",6.33333333333333,12.5217391304348
2016103003,"New York Jets",8.3125,12.6315789473684
2016103004,"Detroit Lions",3.32142857142857,10.7222222222222
2016103004,"Houston Texans",5.57142857142857,14.2
2016103005,"Indianapolis Colts",7.13636363636364,9.8
2016103005,"Kansas City Chiefs",5.76923076923077,12.2222222222222
2016103006,"New Orleans Saints",4.89285714285714,11.2
2016103006,"Seattle Seahawks",6.69565217391304,4.91666666666667
2016103007,"Oakland Raiders",7.34090909090909,12.3181818181818
2016103007,"Tampa Bay Buccaneers",6.61111111111111,18.2105263157895
2016103008,"Denver Broncos",8.5,13.5294117647059
2016103008,"San Diego Chargers",7.61904761904762,8.375
2016103009,"Arizona Cardinals",5.58974358974359,16
2016103009,"Carolina Panthers",8.71428571428571,13.0714285714286
2016103010,"Dallas Cowboys",10.1578947368421,12.9047619047619
2016103010,"Philadelphia Eagles",3.47058823529412,5.42857142857143
2016103100,"Chicago Bears",6.75,19.8181818181818
2016103100,"Minnesota Vikings",5.78260869565217,9.8
2016110300,"Atlanta Falcons",9.57692307692308,18.4
2016110300,"Tampa Bay Buccaneers",5.91428571428571,13.2777777777778
2016110600,"Denver Broncos",9.5,10.9047619047619
2016110600,"Oakland Raiders",5.42857142857143,12.7222222222222
2016110601,"Baltimore Ravens",5.28571428571429,11.4285714285714
2016110601,"Pittsburgh Steelers",5.96,18.7272727272727
2016110602,"Cleveland Browns",5.15789473684211,17.75
2016110602,"Dallas Cowboys",6.04545454545455,12.8571428571429
2016110603,"Jacksonville Jaguars",7.81818181818182,12.6
2016110603,"Kansas City Chiefs",4,12.3571428571429
2016110604,"Miami Dolphins",2.72222222222222,9.38461538461539
2016110604,"New York Jets",6.2,12.5
2016110605,"Detroit Lions",4.875,11.7142857142857
2016110605,"Minnesota Vikings",3.125,14.1
2016110606,"New York Giants",6.22727272727273,14.4
2016110606,"Philadelphia Eagles",8.96296296296296,14.2777777777778
2016110607,"Carolina Panthers",6.75,14
2016110607,"Los Angeles Rams",5.66666666666667,10.7894736842105
2016110608,"New Orleans Saints",7.32258064516129,9.33333333333333
2016110608,"San Francisco 49ers",5.54166666666667,8.125
2016110609,"Green Bay Packers",5.73076923076923,19.8235294117647
2016110609,"Indianapolis Colts",7.39130434782609,5.91666666666667
2016110610,"San Diego Chargers",5.23076923076923,6.41666666666667
2016110610,"Tennessee Titans",7.92857142857143,16.0666666666667
2016110700,"Buffalo Bills",6.35714285714286,16.0833333333333
2016110700,"Seattle Seahawks",9.57142857142857,19.25
2016111000,"Baltimore Ravens",5.06451612903226,11.7272727272727
2016111000,"Cleveland Browns",5.52941176470588,6.30769230769231
2016111301,"Carolina Panthers",8.54166666666667,10.6666666666667
2016111301,"Kansas City Chiefs",2.76923076923077,15.1538461538462
2016111302,"Houston Texans",4.35714285714286,10.1333333333333
2016111302,"Jacksonville Jaguars",5.3125,16.2777777777778
2016111303,"Denver Broncos",6.8,8.61538461538461
2016111303,"New Orleans Saints",9.47619047619048,13.3333333333333
2016111304,"Los Angeles Rams",5.38888888888889,7.92307692307692
2016111304,"New York Jets",3.95,6.07692307692308
2016111305,"Atlanta Falcons",9.42105263157895,14.6666666666667
2016111305,"Philadelphia Eagles",5.88,11
2016111306,"Chicago Bears",6.77777777777778,7.58333333333333
2016111306,"Tampa Bay Buccaneers",10.4166666666667,2.25
2016111307,"Green Bay Packers",6.0625,11.3478260869565
2016111307,"Tennessee Titans",9.05,15.4285714285714
2016111308,"Minnesota Vikings",3.4375,14.6666666666667
2016111308,"Washington Redskins",8.27272727272727,13.8333333333333
2016111309,"Miami Dolphins",10.2777777777778,6.57142857142857
2016111309,"San Diego Chargers",6.78260869565217,7.40909090909091
2016111310,"Arizona Cardinals",9.4,13.4761904761905
2016111310,"San Francisco 49ers",8.76470588235294,13
2016111311,"Dallas Cowboys",7.63636363636364,9.1
2016111311,"Pittsburgh Steelers",4.91891891891892,18.3846153846154
2016111312,"New England Patriots",7.26086956521739,15.0909090909091
2016111312,"Seattle Seahawks",8.84,11.4666666666667
2016111400,"Cincinnati Bengals",5.5625,17.4615384615385
2016111400,"New York Giants",5.31034482758621,7.4375
2016111700,"Carolina Panthers",9.57142857142857,9
2016111700,"New Orleans Saints",2.25,8.9
2016112000,"Buffalo Bills",4.68421052631579,6.42857142857143
2016112000,"Cincinnati Bengals",5.23076923076923,9.11764705882353
2016112001,"Cleveland Browns",6.78260869565217,9.23809523809524
2016112001,"Pittsburgh Steelers",2.39130434782609,10.875
2016112002,"Baltimore Ravens",5.91666666666667,15.8461538461538
2016112002,"Dallas Cowboys",6.82142857142857,12.4
2016112003,"Detroit Lions",3.91666666666667,10.5555555555556
2016112003,"Jacksonville Jaguars",2.54545454545455,16.0769230769231
2016112004,"Indianapolis Colts",7.73333333333333,12.9230769230769
2016112004,"Tennessee Titans",8.56,9.66666666666667
2016112005,"Kansas City Chiefs",6.375,8.57142857142857
2016112005,"Tampa Bay Buccaneers",9.25,13.7777777777778
2016112006,"Arizona Cardinals",5.8,9.6
2016112006,"Minnesota Vikings",3.82608695652174,10.4444444444444
2016112007,"Chicago Bears",8.22222222222222,10.4666666666667
2016112007,"New York Giants",5.18181818181818,13.5625
2016112008,"Los Angeles Rams",3.16666666666667,11.3333333333333
2016112008,"Miami Dolphins",4.23076923076923,13.7
2016112009,"New England Patriots",3.8,13.4705882352941
2016112009,"San Francisco 49ers",7.9375,15.6666666666667
2016112010,"Philadelphia Eagles",4.59259259259259,10.3181818181818
2016112010,"Seattle Seahawks",7.7,16.8666666666667
2016112011,"Green Bay Packers",4.03571428571429,8.35294117647059
2016112011,"Washington Redskins",11.4761904761905,4.72727272727273
2016112100,"Houston Texans",5.73076923076923,11
2016112100,"Oakland Raiders",6.09523809523809,13.2727272727273
2016112400,"Detroit Lions",5.65217391304348,15.8823529411765
2016112400,"Minnesota Vikings",3.21875,2.33333333333333
2016112401,"Dallas Cowboys",7.29411764705882,20.5714285714286
2016112401,"Washington Redskins",7.02439024390244,7.85714285714286
2016112402,"Indianapolis Colts",6.47826086956522,12.9230769230769
2016112402,"Pittsburgh Steelers",12.1333333333333,23.875
2016112700,"Arizona Cardinals",7.76923076923077,12.1428571428571
2016112700,"Atlanta Falcons",4.42307692307692,9.75
2016112701,"Baltimore Ravens",3.80769230769231,9.8
2016112701,"Cincinnati Bengals",6.18518518518519,8.84
2016112702,"Buffalo Bills",8,10.8571428571429
2016112702,"Jacksonville Jaguars",6.84615384615385,11.8571428571429
2016112703,"Chicago Bears",7.44827586206897,14.5769230769231
2016112703,"Tennessee Titans",9.11764705882353,15.5
2016112704,"Cleveland Browns",7.56,12.9090909090909
2016112704,"New York Giants",6.4375,22.4166666666667
2016112705,"Houston Texans",7.08695652173913,14.2666666666667
2016112705,"San Diego Chargers",6.78260869565217,15.5555555555556
2016112706,"Miami Dolphins",8.4,15.2727272727273
2016112706,"San Francisco 49ers",4.9,12.1578947368421
2016112707,"Los Angeles Rams",5.35,10.0909090909091
2016112707,"New Orleans Saints",5.26666666666667,10.5555555555556
2016112708,"Seattle Seahawks",5.72222222222222,18.1333333333333
2016112708,"Tampa Bay Buccaneers",7.8695652173913,25.5
2016112709,"Denver Broncos",11.4,13.2352941176471
2016112709,"Kansas City Chiefs",3.25925925925926,6.81818181818182
2016112710,"Carolina Panthers",11.2666666666667,14.2222222222222
2016112710,"Oakland Raiders",6.46153846153846,9.46153846153846
2016112711,"New England Patriots",4.83333333333333,10.5714285714286
2016112711,"New York Jets",8.82608695652174,11.3
2016112800,"Green Bay Packers",5.93548387096774,11.3636363636364
2016112800,"Philadelphia Eagles",5.56,7
2016120100,"Dallas Cowboys",6.69230769230769,12.3333333333333
2016120100,"Minnesota Vikings",5.67647058823529,14.0666666666667
2016120400,"Atlanta Falcons",5.79166666666667,11.4285714285714
2016120400,"Kansas City Chiefs",5.33333333333333,20.4
2016120401,"Baltimore Ravens",5.74358974358974,4.08333333333333
2016120401,"Miami Dolphins",3.37931034482759,10.8888888888889
2016120402,"Chicago Bears",15.7692307692308,13.5555555555556
2016120402,"San Francisco 49ers",5.66666666666667,11.6363636363636
2016120403,"Cincinnati Bengals",9.56521739130435,6.375
2016120403,"Philadelphia Eagles",5.16666666666667,11.0952380952381
2016120404,"Green Bay Packers",8.2,20.0909090909091
2016120404,"Houston Texans",5.21739130434783,13.0714285714286
2016120405,"Denver Broncos",5.75,16.7692307692308
2016120405,"Jacksonville Jaguars",3.21052631578947,8.52173913043478
2016120406,"Los Angeles Rams",5.75,9.5625
2016120406,"New England Patriots",4.88571428571429,8.84615384615385
2016120407,"Detroit Lions",5,12.5714285714286
2016120407,"New Orleans Saints",6.0625,9.54545454545454
2016120408,"Buffalo Bills",5.10526315789474,13.8823529411765
2016120408,"Oakland Raiders",7.95,11.4117647058824
2016120409,"Arizona Cardinals",4.3125,9.11111111111111
2016120409,"Washington Redskins",7.22727272727273,8.41176470588235
2016120410,"New York Giants",4.76923076923077,13.4375
2016120410,"Pittsburgh Steelers",5.16,4.58333333333333
2016120411,"San Diego Chargers",7.125,10
2016120411,"Tampa Bay Buccaneers",8.5,9.9
2016120412,"Carolina Panthers",9.46666666666667,14.3888888888889
2016120412,"Seattle Seahawks",5.10714285714286,12.4
2016120500,"Indianapolis Colts",8.08695652173913,9.11111111111111
2016120500,"New York Jets",7.6875,13.7222222222222
2016120800,"Kansas City Chiefs",9.64705882352941,4.625
2016120800,"Oakland Raiders",3.70588235294118,11.2307692307692
2016121100,"Buffalo Bills",7.11764705882353,10.8
2016121100,"Pittsburgh Steelers",4.82352941176471,14
2016121101,"Carolina Panthers",9.9,11.6666666666667
2016121101,"San Diego Chargers",7.61904761904762,15.8666666666667
2016121102,"Cincinnati Bengals",5,11.875
2016121102,"Cleveland Browns",2.75,14.25
2016121103,"Chicago Bears",6.5,10.5
2016121103,"Detroit Lions",7.38095238095238,10.1764705882353
2016121104,"Houston Texans",7.13333333333333,11.0909090909091
2016121104,"Indianapolis Colts",6.28,10.8571428571429
2016121105,"Jacksonville Jaguars",4.95652173913043,15
2016121105,"Minnesota Vikings",6.04,9.54545454545454
2016121106,"Arizona Cardinals",4.10526315789474,11.3125
2016121106,"Miami Dolphins",6.88888888888889,10.5
2016121107,"Philadelphia Eagles",5.8125,11.2666666666667
2016121107,"Washington Redskins",12.5,10.2857142857143
2016121108,"New Orleans Saints",7.28,12
2016121108,"Tampa Bay Buccaneers",8.5625,12.3076923076923
2016121109,"Denver Broncos",6.48648648648649,10.8823529411765
2016121109,"Tennessee Titans",6,11.7333333333333
2016121110,"New York Jets",6.54166666666667,19.4166666666667
2016121110,"San Francisco 49ers",4.13333333333333,12
2016121111,"Green Bay Packers",6.89473684210526,19
2016121111,"Seattle Seahawks",6.69565217391304,16.3076923076923
2016121112,"Atlanta Falcons",5.15789473684211,5.75
2016121112,"Los Angeles Rams",6.32,6.11764705882353
2016121113,"Dallas Cowboys",5.88888888888889,10.0555555555556
2016121113,"New York Giants",3.17647058823529,12.8333333333333
2016121200,"Baltimore Ravens",4.51351351351351,7.92857142857143
2016121200,"New England Patriots",7.62962962962963,11.6923076923077
2016121500,"Los Angeles Rams",6.47368421052632,14.2105263157895
2016121500,"Seattle Seahawks",7.26315789473684,8.55555555555556
2016121700,"Miami Dolphins",10.75,12.3333333333333
2016121700,"New York Jets",3.33333333333333,14.35
2016121800,"Baltimore Ravens",6.3125,10.4285714285714
2016121800,"Philadelphia Eagles",2.31818181818182,8.04761904761905
2016121801,"Buffalo Bills",6.47058823529412,8.75
2016121801,"Cleveland Browns",5.66666666666667,11.8333333333333
2016121802,"Chicago Bears",8.12903225806452,16.8181818181818
2016121802,"Green Bay Packers",10.4210526315789,17
2016121803,"Dallas Cowboys",5.8,11
2016121803,"Tampa Bay Buccaneers",11.6666666666667,13.8125
2016121804,"Houston Texans",6.9,11.7
2016121804,"Jacksonville Jaguars",3.61538461538462,13.0588235294118
2016121805,"Kansas City Chiefs",5.4,9.61538461538461
2016121805,"Tennessee Titans",7.89473684210526,9.85714285714286
2016121806,"Indianapolis Colts",7.42857142857143,8.77777777777778
2016121806,"Minnesota Vikings",3.90625,13.7
2016121807,"Detroit Lions",6.66666666666667,13.3529411764706
2016121807,"New York Giants",5.33333333333333,9.625
2016121808,"Arizona Cardinals",7.60714285714286,14.8571428571429
2016121808,"New Orleans Saints",5.60526315789474,11.1666666666667
2016121809,"Atlanta Falcons",8.27777777777778,21.5714285714286
2016121809,"San Francisco 49ers",5.75,7.69230769230769
2016121810,"Denver Broncos",7.2,11.4285714285714
2016121810,"New England Patriots",7.1875,8.05882352941176
2016121811,"Oakland Raiders",6.15789473684211,8.81818181818182
2016121811,"San Diego Chargers",6.64705882352941,12.75
2016121812,"Cincinnati Bengals",5.25,7.54545454545455
2016121812,"Pittsburgh Steelers",9.16666666666667,13.1052631578947
2016121900,"Carolina Panthers",7.42857142857143,12.4705882352941
2016121900,"Washington Redskins",5.57575757575758,7.33333333333333
2016122200,"New York Giants",5.84210526315789,14.4090909090909
2016122200,"Philadelphia Eagles",5.85714285714286,13.5454545454545
2016122400,"Buffalo Bills",9.62962962962963,17.7692307692308
2016122400,"Miami Dolphins",4.25,9.76923076923077
2016122401,"Atlanta Falcons",6.66666666666667,14.5714285714286
2016122401,"Carolina Panthers",7.05555555555556,14.9166666666667
2016122402,"Chicago Bears",9.44,9.16666666666667
2016122402,"Washington Redskins",9.05555555555556,17.8333333333333
2016122403,"Cleveland Browns",3.25,17.2307692307692
2016122403,"San Diego Chargers",7.95833333333333,9.43478260869565
2016122404,"Green Bay Packers",7.60714285714286,13.4545454545455
2016122404,"Minnesota Vikings",6.51428571428571,8.35294117647059
2016122405,"Jacksonville Jaguars",6.75,11
2016122405,"Tennessee Titans",7.5,13.4347826086957
2016122406,"New England Patriots",10,17.0714285714286
2016122406,"New York Jets",10.875,13.2142857142857
2016122407,"New Orleans Saints",8.56521739130435,9.46153846153846
2016122407,"Tampa Bay Buccaneers",6.6,13.1818181818182
2016122408,"Indianapolis Colts",8.45,7.77777777777778
2016122408,"Oakland Raiders",6.8695652173913,12.9230769230769
2016122409,"Los Angeles Rams",1.83333333333333,6.58333333333333
2016122409,"San Francisco 49ers",4.21428571428571,6.9
2016122410,"Arizona Cardinals",10.3125,16.0833333333333
2016122410,"Seattle Seahawks",7.23333333333333,14.1111111111111
2016122411,"Cincinnati Bengals",3.46428571428571,14.5
2016122411,"Houston Texans",5.05,7.8125
2016122500,"Baltimore Ravens",4.67741935483871,11
2016122500,"Pittsburgh Steelers",7.48,10.7777777777778
2016122501,"Denver Broncos",4.11111111111111,10.4615384615385
2016122501,"Kansas City Chiefs",2.42307692307692,7
2016122600,"Dallas Cowboys",8.75,13.4285714285714
2016122600,"Detroit Lions",4.65384615384615,10.2
2017010100,"Atlanta Falcons",5.25925925925926,15.6363636363636
2017010100,"New Orleans Saints",6.20689655172414,8.6
2017010101,"Baltimore Ravens",3.39393939393939,9.11111111111111
2017010101,"Cincinnati Bengals",4.83333333333333,7.81818181818182
2017010102,"Detroit Lions",8.44444444444444,13.0714285714286
2017010102,"Green Bay Packers",5.46428571428571,12.5
2017010103,"Indianapolis Colts",10.0416666666667,5.52941176470588
2017010103,"Jacksonville Jaguars",5.6,13
2017010104,"Miami Dolphins",5.48,8.44444444444444
2017010104,"New England Patriots",3.15384615384615,10.6
2017010105,"Chicago Bears",5,14.2
2017010105,"Minnesota Vikings",3.92,9.125
2017010106,"Buffalo Bills",8.66666666666667,11.5
2017010106,"New York Jets",6.15,16.7
2017010107,"Dallas Cowboys",2.25,11
2017010107,"Philadelphia Eagles",4.33333333333333,11.7647058823529
2017010108,"Cleveland Browns",4.06896551724138,9.27272727272727
2017010108,"Pittsburgh Steelers",7.44,16.9230769230769
2017010109,"Carolina Panthers",6.55555555555556,10
2017010109,"Tampa Bay Buccaneers",5.8,10.6428571428571
2017010110,"Houston Texans",5.84615384615385,8.95454545454546
2017010110,"Tennessee Titans",7.5625,6.9
2017010111,"New York Giants",5.61111111111111,6.54545454545455
2017010111,"Washington Redskins",8.77272727272727,17.8181818181818
2017010112,"Denver Broncos",3.33333333333333,12.6428571428571
2017010112,"Oakland Raiders",3.9,11.2857142857143
2017010113,"Arizona Cardinals",7.47826086956522,12.2631578947368
2017010113,"Los Angeles Rams",1.61111111111111,9.9
2017010114,"Kansas City Chiefs",6.04761904761905,6.42857142857143
2017010114,"San Diego Chargers",5.04545454545455,7.06666666666667
2017010115,"San Francisco 49ers",5.68421052631579,12.6
2017010115,"Seattle Seahawks",8.65217391304348,9.86666666666667
2017090700,"Kansas City Chiefs",5.96428571428571,14.25
2017090700,"New England Patriots",9.6875,19.2
2017091000,"Buffalo Bills",5.25,10.5
2017091000,"New York Jets",3.40740740740741,7.81818181818182
2017091001,"Atlanta Falcons",7.54545454545455,7.8
2017091001,"Chicago Bears",3.89285714285714,4.93333333333333
2017091002,"Baltimore Ravens",2.45454545454545,6.77777777777778
2017091002,"Cincinnati Bengals",3.58823529411765,12.8333333333333
2017091003,"Cleveland Browns",6.4,22
2017091003,"Pittsburgh Steelers",4.69230769230769,10.5833333333333
2017091004,"Arizona Cardinals",5.58064516129032,14.8571428571429
2017091004,"Detroit Lions",7.03448275862069,10
2017091005,"Houston Texans",4.75,11.4090909090909
2017091005,"Jacksonville Jaguars",6.09090909090909,11.3333333333333
2017091007,"Oakland Raiders",5.875,8.81818181818182
2017091007,"Tennessee Titans",7.32,11.8125
2017091008,"Philadelphia Eagles",6.42307692307692,19.1666666666667
2017091008,"Washington Redskins",4.78260869565217,17.5294117647059
2017091009,"Indianapolis Colts",9.36363636363636,11.3333333333333
2017091009,"Los Angeles Rams",8.13636363636364,8.875
2017091010,"Green Bay Packers",4.96666666666667,9.88888888888889
2017091010,"Seattle Seahawks",8.21428571428571,12.5384615384615
2017091011,"Carolina Panthers",5.86666666666667,8.83333333333333
2017091011,"San Francisco 49ers",3.41666666666667,16.1
2017091012,"Dallas Cowboys",5.58333333333333,11.1176470588235
2017091012,"New York Giants",3.66666666666667,9.81818181818182
2017091100,"Minnesota Vikings",7.82142857142857,4
2017091100,"New Orleans Saints",6.10714285714286,7.5
2017091101,"Denver Broncos",8.52941176470588,6.6
2017091101,"Los Angeles Chargers",4.31818181818182,12.0833333333333
2017091400,"Cincinnati Bengals",7.38095238095238,11.9333333333333
2017091400,"Houston Texans",6.375,10.8333333333333
2017091700,"Baltimore Ravens",3.48,6.25
2017091700,"Cleveland Browns",9.80952380952381,14.6666666666667
2017091701,"Buffalo Bills",3,15.25
2017091701,"Carolina Panthers",8.09090909090909,9.46153846153846
2017091702,"Arizona Cardinals",11.0526315789474,11.5625
2017091702,"Indianapolis Colts",5.95238095238095,11.0625
2017091703,"Jacksonville Jaguars",5.78260869565217,12.25
2017091703,"Tennessee Titans",9.75,8.09090909090909
2017091704,"Kansas City Chiefs",4.14285714285714,9.25
2017091704,"Philadelphia Eagles",8.80769230769231,16.2857142857143
2017091705,"New England Patriots",7,7.88888888888889
2017091705,"New Orleans Saints",7.55555555555556,10.95
2017091706,"Minnesota Vikings",6.78260869565217,11.2105263157895
2017091706,"Pittsburgh Steelers",6,22.7333333333333
2017091707,"Chicago Bears",7.29032258064516,6.42857142857143
2017091707,"Tampa Bay Buccaneers",9.05555555555556,17.6666666666667
2017091708,"Los Angeles Chargers",5.84375,12.1
2017091708,"Miami Dolphins",5.29166666666667,20.5
2017091709,"New York Jets",5.77777777777778,7.75
2017091709,"Oakland Raiders",4.17391304347826,9
2017091710,"Dallas Cowboys",6.25806451612903,7.55
2017091710,"Denver Broncos",4.5,13.5454545454545
2017091711,"Los Angeles Rams",3.82352941176471,9.66666666666667
2017091711,"Washington Redskins",3.42105263157895,6.9
2017091712,"San Francisco 49ers",2.66666666666667,8.72727272727273
2017091712,"Seattle Seahawks",4.21739130434783,15.6842105263158
2017091713,"Atlanta Falcons",6.78947368421053,14.2222222222222
2017091713,"Green Bay Packers",3.14285714285714,7.75
2017091800,"Detroit Lions",3.1875,32.25
2017091800,"New York Giants",6.40909090909091,17.3333333333333
2017092100,"Los Angeles Rams",7.78260869565217,11.8888888888889
2017092100,"San Francisco 49ers",9.84,6.14285714285714
2017092400,"Baltimore Ravens",1.875,15.2307692307692
2017092400,"Jacksonville Jaguars",6.05,7.86666666666667
2017092401,"Buffalo Bills",4.95,5.83333333333333
2017092401,"Denver Broncos",7.4,13.4117647058824
2017092402,"Carolina Panthers",5.21052631578947,15.5454545454545
2017092402,"New Orleans Saints",5.21739130434783,11.8571428571429
2017092403,"Chicago Bears",2,11
2017092403,"Pittsburgh Steelers",5.91304347826087,17.8421052631579
2017092404,"Atlanta Falcons",5.375,22.5
2017092404,"Detroit Lions",6.92307692307692,12.2727272727273
2017092405,"Cleveland Browns",6.36,11.3846153846154
2017092405,"Indianapolis Colts",7.52941176470588,12.7777777777778
2017092406,"Minnesota Vikings",7.84615384615385,13.7777777777778
2017092406,"Tampa Bay Buccaneers",8.68965517241379,16.7
2017092407,"Houston Texans",9.1304347826087,14.5454545454545
2017092407,"New England Patriots",10.6428571428571,14.4
2017092408,"Miami Dolphins",6.88461538461539,15.9444444444444
2017092408,"New York Jets",9.1578947368421,15.6666666666667
2017092409,"New York Giants",5.75675675675676,7.71428571428571
2017092409,"Philadelphia Eagles",5.90476190476191,13.75
2017092410,"Seattle Seahawks",8.13793103448276,10.8
2017092410,"Tennessee Titans",5.76190476190476,10.8571428571429
2017092411,"Cincinnati Bengals",5.52380952380952,18.4285714285714
2017092411,"Green Bay Packers",4.96428571428571,9.94117647058824
2017092412,"Kansas City Chiefs",3.52941176470588,9.83333333333333
2017092412,"Los Angeles Chargers",8.52380952380952,11.5714285714286
2017092413,"Oakland Raiders",2.68421052631579,12.9090909090909
2017092413,"Washington Redskins",4.88,9.8
2017092500,"Arizona Cardinals",7.2,9.90476190476191
2017092500,"Dallas Cowboys",11.5384615384615,7.85714285714286
2017092800,"Chicago Bears",6.1304347826087,11.8
2017092800,"Green Bay Packers",5.85,11.7777777777778
2017100100,"Miami Dolphins",4,9.14285714285714
2017100100,"New Orleans Saints",3.28125,4.75
2017100101,"Atlanta Falcons",6.08333333333333,11.1111111111111
2017100101,"Buffalo Bills",9.38461538461539,27
2017100102,"Baltimore Ravens",5.19354838709677,7.25
2017100102,"Pittsburgh Steelers",6,16.7272727272727
2017100103,"Cincinnati Bengals",4.08,10.1666666666667
2017100103,"Cleveland Browns",5.47619047619048,6.04347826086957
2017100104,"Dallas Cowboys",7.66666666666667,13.5
2017100104,"Los Angeles Rams",5.04761904761905,9.8125
2017100105,"Houston Texans",6.56,18.8333333333333
2017100105,"Tennessee Titans",8.5,12.6666666666667
2017100106,"Detroit Lions",5.10526315789474,8.33333333333333
2017100106,"Minnesota Vikings",10.8125,13.8125
2017100107,"Carolina Panthers",5.81818181818182,12.25
2017100107,"New England Patriots",5.55882352941176,14.2142857142857
2017100108,"Jacksonville Jaguars",3.13333333333333,11.9545454545455
2017100108,"New York Jets",5.41666666666667,9.25
2017100109,"Arizona Cardinals",7.20588235294118,13.75
2017100109,"San Francisco 49ers",4.30769230769231,10.7407407407407
2017100110,"Los Angeles Chargers",5.68181818181818,9.35
2017100110,"Philadelphia Eagles",7.55555555555556,9.53333333333333
2017100111,"New York Giants",6.73333333333333,11.95
2017100111,"Tampa Bay Buccaneers",6.40909090909091,13.5294117647059
2017100112,"Denver Broncos",5.75,19.6363636363636
2017100112,"Oakland Raiders",6.22727272727273,15.0769230769231
2017100113,"Indianapolis Colts",5.125,11.2307692307692
2017100113,"Seattle Seahawks",10.375,21.25
2017100200,"Kansas City Chiefs",7.18518518518519,7.46153846153846
2017100200,"Washington Redskins",12.0714285714286,9.7
2017100500,"New England Patriots",5.93939393939394,9.27272727272727
2017100500,"Tampa Bay Buccaneers",8.80769230769231,17.6363636363636
2017100800,"Buffalo Bills",4.2,6.23529411764706
2017100800,"Cincinnati Bengals",8.04545454545454,11.3076923076923
2017100801,"Cleveland Browns",6.45833333333333,19.3571428571429
2017100801,"New York Jets",3.8695652173913,6.71428571428571
2017100802,"Carolina Panthers",6.85185185185185,8.28571428571429
2017100802,"Detroit Lions",4.08333333333333,12.1333333333333
2017100803,"Indianapolis Colts",9.52173913043478,17.75
2017100803,"San Francisco 49ers",7.68965517241379,10.5
2017100804,"Miami Dolphins",4.83333333333333,7.64285714285714
2017100804,"Tennessee Titans",6.31818181818182,12.9090909090909
2017100805,"Los Angeles Chargers",5.45454545454545,7.96
2017100805,"New York Giants",5.63636363636364,15
2017100806,"Arizona Cardinals",5.92857142857143,15.6875
2017100806,"Philadelphia Eagles",8.57142857142857,10.2
2017100807,"Jacksonville Jaguars",5.25,13.2
2017100807,"Pittsburgh Steelers",6.35294117647059,13
2017100808,"Los Angeles Rams",8.09090909090909,14.96
2017100808,"Seattle Seahawks",4.08,14.1538461538462
2017100809,"Baltimore Ravens",8.78947368421053,7.5
2017100809,"Oakland Raiders",9.78571428571429,9.46153846153846
2017100810,"Dallas Cowboys",6.36,12.4166666666667
2017100810,"Green Bay Packers",7.84210526315789,9.72727272727273
2017100811,"Houston Texans",11.6875,17.7647058823529
2017100811,"Kansas City Chiefs",6.58620689655172,15.6
2017100900,"Chicago Bears",9.35714285714286,9.35714285714286
2017100900,"Minnesota Vikings",3.27272727272727,11.9090909090909
2017101200,"Carolina Panthers",4.46428571428571,13.2173913043478
2017101200,"Philadelphia Eagles",9.25,8.92857142857143
2017101500,"Atlanta Falcons",6.95833333333333,12.0909090909091
2017101500,"Miami Dolphins",4.57894736842105,10.6
2017101501,"Baltimore Ravens",3.29166666666667,10.9411764705882
2017101501,"Chicago Bears",8.8,12.8
2017101502,"Cleveland Browns",2.95238095238095,13.75
2017101502,"Houston Texans",4.58823529411765,12.8333333333333
2017101503,"Green Bay Packers",6.4,10
2017101503,"Minnesota Vikings",4.22222222222222,13.8125
2017101504,"Detroit Lions",5.19230769230769,7.10714285714286
2017101504,"New Orleans Saints",2.71428571428571,9.33333333333333
2017101505,"New England Patriots",9.04761904761905,13.4
2017101505,"New York Jets",6.625,14.8571428571429
2017101506,"San Francisco 49ers",8.56521739130435,11
2017101506,"Washington Redskins",3.92307692307692,11.9230769230769
2017101507,"Arizona Cardinals",9.94736842105263,6.83333333333333
2017101507,"Tampa Bay Buccaneers",8.77777777777778,14.8571428571429
2017101508,"Jacksonville Jaguars",3.47826086956522,8.5
2017101508,"Los Angeles Rams",7.36363636363636,14.3
2017101509,"Kansas City Chiefs",6.21052631578947,10.5294117647059
2017101509,"Pittsburgh Steelers",7.88235294117647,14.125
2017101510,"Los Angeles Chargers",4.6,9.09090909090909
2017101510,"Oakland Raiders",5.8695652173913,11.7777777777778
2017101511,"Denver Broncos",7.59375,11.9583333333333
2017101511,"New York Giants",3,4.375
2017101600,"Indianapolis Colts",4.47619047619048,8.52941176470588
2017101600,"Tennessee Titans",7.56521739130435,13
2017101900,"Kansas City Chiefs",8.68,6.81818181818182
2017101900,"Oakland Raiders",8.76666666666667,15.3103448275862
2017102200,"Buffalo Bills",8.75,16.4285714285714
2017102200,"Tampa Bay Buccaneers",9.09090909090909,17.5454545454545
2017102201,"Carolina Panthers",5.82608695652174,12.8181818181818
2017102201,"Chicago Bears",15.2,14.6666666666667
2017102202,"Cleveland Browns",3.125,9.6875
2017102202,"Tennessee Titans",5.72727272727273,13.6153846153846
2017102203,"Green Bay Packers",3.25,14.6470588235294
2017102203,"New Orleans Saints",5.11111111111111,8.55555555555556
2017102204,"Indianapolis Colts",4.22727272727273,13.0666666666667
2017102204,"Jacksonville Jaguars",8.36842105263158,15.8888888888889
2017102205,"Arizona Cardinals",7.46666666666667,10.1764705882353
2017102205,"Los Angeles Rams",4.40909090909091,9.93333333333333
2017102206,"Miami Dolphins",8.92592592592593,16.6923076923077
2017102206,"New York Jets",3.94444444444444,13.5555555555556
2017102207,"Baltimore Ravens",3.07407407407407,12.4615384615385
2017102207,"Minnesota Vikings",3.33333333333333,12
2017102208,"Cincinnati Bengals",4.94117647058824,16.9090909090909
2017102208,"Pittsburgh Steelers",8.86666666666667,20
2017102209,"Dallas Cowboys",4.05555555555556,5.30769230769231
2017102209,"San Francisco 49ers",5.68181818181818,5.625
2017102210,"Denver Broncos",4.57692307692308,9.27272727272727
2017102210,"Los Angeles Chargers",4.33333333333333,6.23076923076923
2017102211,"New York Giants",3.1,11.8095238095238
2017102211,"Seattle Seahawks",7.89285714285714,16.4666666666667
2017102212,"Atlanta Falcons",5.91304347826087,14.8
2017102212,"New England Patriots",7.95454545454545,10.2222222222222
2017102300,"Philadelphia Eagles",10.5,16.2222222222222
2017102300,"Washington Redskins",5.16666666666667,12.0909090909091
2017102600,"Baltimore Ravens",2.71428571428571,9.88888888888889
2017102600,"Miami Dolphins",4.88,10.8823529411765
2017102900,"Cleveland Browns",2.38888888888889,8.875
2017102900,"Minnesota Vikings",5.71428571428571,8.9
2017102901,"Buffalo Bills",5.18181818181818,14.2857142857143
2017102901,"Oakland Raiders",5.48387096774194,6.82352941176471
2017102902,"Cincinnati Bengals",4.52941176470588,8.61538461538461
2017102902,"Indianapolis Colts",3.84615384615385,13.2
2017102903,"Los Angeles Chargers",8.33333333333333,16.9285714285714
2017102903,"New England Patriots",5.21875,16.1764705882353
2017102904,"Chicago Bears",4.14285714285714,13
2017102904,"New Orleans Saints",4.41666666666667,8
2017102905,"Atlanta Falcons",9.88888888888889,8
2017102905,"New York Jets",5.88461538461539,14.6666666666667
2017102906,"Philadelphia Eagles",6.88888888888889,13.0714285714286
2017102906,"San Francisco 49ers",2.55555555555556,6.52941176470588
2017102907,"Carolina Panthers",5,18.6153846153846
2017102907,"Tampa Bay Buccaneers",7.45454545454545,15.75
2017102908,"Houston Texans",12.7894736842105,21.5555555555556
2017102908,"Seattle Seahawks",13.2962962962963,16.1666666666667
2017102909,"Dallas Cowboys",5.2,14.8888888888889
2017102909,"Washington Redskins",3.76923076923077,10.3846153846154
2017102910,"Detroit Lions",9.22222222222222,11.5555555555556
2017102910,"Pittsburgh Steelers",7.44444444444444,16.2666666666667
2017103000,"Denver Broncos",5.52631578947368,9.625
2017103000,"Kansas City Chiefs",8.07142857142857,11.3333333333333
2017110200,"Buffalo Bills",7.37931034482759,16.25
2017110200,"New York Jets",6.3125,8.5
2017110500,"Atlanta Falcons",5.64,20.7692307692308
2017110500,"Carolina Panthers",4.5,13.5454545454545
2017110501,"Houston Texans",5.25,15.3461538461538
2017110501,"Indianapolis Colts",6.47619047619048,9.75
2017110502,"Cincinnati Bengals",5.27272727272727,18.25
2017110502,"Jacksonville Jaguars",5.20833333333333,11.2
2017110503,"New Orleans Saints",4.90909090909091,19.2
2017110503,"Tampa Bay Buccaneers",3.33333333333333,14.8
2017110504,"Los Angeles Rams",8.25,11.7777777777778
2017110504,"New York Giants",5.47619047619048,11.1176470588235
2017110505,"Denver Broncos",6.1,7.72222222222222
2017110505,"Philadelphia Eagles",8.625,13.7857142857143
2017110506,"Baltimore Ravens",5.11428571428571,10.1875
2017110506,"Tennessee Titans",8,13
2017110507,"Arizona Cardinals",9.13333333333333,12
2017110507,"San Francisco 49ers",7.12,9.38461538461539
2017110508,"Seattle Seahawks",7.96296296296296,18.4285714285714
2017110508,"Washington Redskins",7.47619047619048,9.63636363636364
2017110509,"Dallas Cowboys",7.86363636363636,11.7692307692308
2017110509,"Kansas City Chiefs",4.26923076923077,13.7777777777778
2017110510,"Miami Dolphins",4.44444444444444,10.25
2017110510,"Oakland Raiders",9.47619047619048,13.9090909090909
2017110600,"Detroit Lions",6.69230769230769,16.625
2017110600,"Green Bay Packers",3.26923076923077,12.3846153846154
2017110900,"Arizona Cardinals",8.08333333333333,16
2017110900,"Seattle Seahawks",6.04166666666667,16
2017111200,"Buffalo Bills",5.61111111111111,15.5833333333333
2017111200,"New Orleans Saints",3.42857142857143,5.5
2017111201,"Chicago Bears",8,11.6428571428571
2017111201,"Green Bay Packers",6.05555555555556,9.75
2017111202,"Cleveland Browns",6.95652173913043,15.45
2017111202,"Detroit Lions",5.47058823529412,8.125
2017111203,"Indianapolis Colts",7.35714285714286,10
2017111203,"Pittsburgh Steelers",4.6,10.9230769230769
2017111204,"Jacksonville Jaguars",5.39285714285714,14.3478260869565
2017111204,"Los Angeles Chargers",4.86363636363636,13.1875
2017111205,"New York Jets",8.66666666666667,7.625
2017111205,"Tampa Bay Buccaneers",7.23529411764706,12.6470588235294
2017111206,"Cincinnati Bengals",6.2,13.5
2017111206,"Tennessee Titans",6.34615384615385,14.1363636363636
2017111207,"Minnesota Vikings",7.04761904761905,9.83333333333333
2017111207,"Washington Redskins",6.69230769230769,9.73684210526316
2017111208,"Houston Texans",9.1578947368421,11.6842105263158
2017111208,"Los Angeles Rams",6.23076923076923,8.66666666666667
2017111209,"Atlanta Falcons",5.95454545454545,15.4285714285714
2017111209,"Dallas Cowboys",6.63636363636364,13.7272727272727
2017111210,"New York Giants",6.21428571428571,15.5
2017111210,"San Francisco 49ers",7.47368421052632,11
2017111211,"Denver Broncos",6.77777777777778,10
2017111211,"New England Patriots",5.71428571428571,14.25
2017111300,"Carolina Panthers",6.42857142857143,9.73333333333333
2017111300,"Miami Dolphins",5.26086956521739,13.7333333333333
2017111600,"Pittsburgh Steelers",7.35483870967742,12.75
2017111600,"Tennessee Titans",7.04347826086957,8
2017111900,"Chicago Bears",5,10.9166666666667
2017111900,"Detroit Lions",9.36363636363636,16.8333333333333
2017111901,"Cleveland Browns",7.6875,8.71428571428571
2017111901,"Jacksonville Jaguars",4.41176470588235,7.23076923076923
2017111902,"Baltimore Ravens",3.90909090909091,9
2017111902,"Green Bay Packers",7.85714285714286,9.84615384615385
2017111903,"Arizona Cardinals",7.95652173913043,11.1666666666667
2017111903,"Houston Texans",6.68181818181818,17.3333333333333
2017111904,"Los Angeles Rams",5.73913043478261,16.7058823529412
2017111904,"Minnesota Vikings",3.5,13.0714285714286
2017111905,"New Orleans Saints",7.09677419354839,7.5
2017111905,"Washington Redskins",8.69565217391304,12.7272727272727
2017111906,"Kansas City Chiefs",4.46428571428571,12.2727272727273
2017111906,"New York Giants",7.15,7.58823529411765
2017111907,"Buffalo Bills",6.86363636363636,17.5
2017111907,"Los Angeles Chargers",7.28,9.07692307692308
2017111908,"Cincinnati Bengals",6.26666666666667,10.5833333333333
2017111908,"Denver Broncos",5.41666666666667,11.4210526315789
2017111909,"New England Patriots",6.86666666666667,13.25
2017111909,"Oakland Raiders",6.13333333333333,14.75
2017111910,"Dallas Cowboys",5.55555555555556,11.7272727272727
2017111910,"Philadelphia Eagles",7.14285714285714,11
2017111911,"Miami Dolphins",10,10.9333333333333
2017111911,"Tampa Bay Buccaneers",8.4,8.5625
2017112000,"Atlanta Falcons",7.89473684210526,13.9090909090909
2017112000,"Seattle Seahawks",3.68965517241379,13.7777777777778
2017112300,"Detroit Lions",7.55,11.5263157894737
2017112300,"Minnesota Vikings",6.85714285714286,18.4
2017112301,"Dallas Cowboys",5.71428571428571,20.2857142857143
2017112301,"Los Angeles Chargers",8,13.375
2017112302,"New York Giants",5.66666666666667,8
2017112302,"Washington Redskins",6,13.1818181818182
2017112600,"Atlanta Falcons",9.07407407407407,9.77777777777778
2017112600,"Tampa Bay Buccaneers",6.64285714285714,11.2631578947368
2017112601,"Cincinnati Bengals",4.38888888888889,10.9166666666667
2017112601,"Cleveland Browns",9.88888888888889,12.4666666666667
2017112602,"Indianapolis Colts",4.64705882352941,6.91666666666667
2017112602,"Tennessee Titans",5.88888888888889,8.83333333333333
2017112603,"Buffalo Bills",5.36842105263158,13.4
2017112603,"Kansas City Chiefs",3.30434782608696,9.23076923076923
2017112604,"Miami Dolphins",4.52173913043478,7.7
2017112604,"New England Patriots",6.89473684210526,9
2017112605,"Carolina Panthers",8.36363636363636,15.7
2017112605,"New York Jets",10.8333333333333,8.6
2017112606,"Chicago Bears",5.44444444444444,12.4375
2017112606,"Philadelphia Eagles",6.07692307692308,11.875
2017112607,"Los Angeles Rams",5.96428571428571,12.7894736842105
2017112607,"New Orleans Saints",3.75,16.0769230769231
2017112608,"San Francisco 49ers",5.84,8.3125
2017112608,"Seattle Seahawks",6.18181818181818,14.8
2017112609,"Arizona Cardinals",7.86363636363636,9.8125
2017112609,"Jacksonville Jaguars",2.05,17.5882352941176
2017112610,"Denver Broncos",6.71428571428571,14.2
2017112610,"Oakland Raiders",7.26315789473684,9.5
2017112611,"Green Bay Packers",3.47058823529412,8.33333333333333
2017112611,"Pittsburgh Steelers",5.73529411764706,10.6363636363636
2017112700,"Baltimore Ravens",4.61904761904762,16.5
2017112700,"Houston Texans",7.18181818181818,11
2017113000,"Dallas Cowboys",7.33333333333333,10.25
2017113000,"Washington Redskins",3.26923076923077,7.77777777777778
2017120300,"Atlanta Falcons",5.23529411764706,17.2142857142857
2017120300,"Minnesota Vikings",2.68,19.6666666666667
2017120301,"Baltimore Ravens",6.8695652173913,10.9285714285714
2017120301,"Detroit Lions",6.35714285714286,16.6666666666667
2017120302,"Buffalo Bills",6.3125,10.4210526315789
2017120302,"New England Patriots",8,6.375
2017120303,"Chicago Bears",4.41666666666667,1.5
2017120303,"San Francisco 49ers",7.03846153846154,8.9
2017120304,"Green Bay Packers",1,14.7777777777778
2017120304,"Tampa Bay Buccaneers",6.04545454545455,12.8181818181818
2017120305,"Indianapolis Colts",3,8.07692307692308
2017120305,"Jacksonville Jaguars",6.67857142857143,8.22222222222222
2017120306,"Denver Broncos",3.4,11.1428571428571
2017120306,"Miami Dolphins",8.77777777777778,14.0833333333333
2017120307,"Carolina Panthers",2.27777777777778,11.4285714285714
2017120307,"New Orleans Saints",4.04,9.44444444444444
2017120308,"Kansas City Chiefs",11.7894736842105,14
2017120308,"New York Jets",6.92307692307692,13.9166666666667
2017120309,"Houston Texans",6.33333333333333,8.65
2017120309,"Tennessee Titans",5.0625,17
2017120310,"Cleveland Browns",7.11764705882353,19.6
2017120310,"Los Angeles Chargers",6.74193548387097,13.3846153846154
2017120311,"Arizona Cardinals",7.55,17
2017120311,"Los Angeles Rams",4,9.9
2017120312,"New York Giants",4.95238095238095,6.85714285714286
2017120312,"Oakland Raiders",5.22727272727273,13.2142857142857
2017120313,"Philadelphia Eagles",9,13.5
2017120313,"Seattle Seahawks",5.4,11.4
2017120400,"Cincinnati Bengals",8.72727272727273,14.5
2017120400,"Pittsburgh Steelers",5.70833333333333,17.3333333333333
2017120700,"Atlanta Falcons",8.05555555555556,13
2017120700,"New Orleans Saints",4.30769230769231,7.375
2017121000,"Buffalo Bills",10.5714285714286,8.375
2017121000,"Indianapolis Colts",3.25,13.9090909090909
2017121001,"Carolina Panthers",6.07692307692308,15
2017121001,"Minnesota Vikings",5.22222222222222,10
2017121002,"Chicago Bears",6.03846153846154,13.3
2017121002,"Cincinnati Bengals",5.05555555555556,13.8333333333333
2017121003,"Cleveland Browns",4.95,19.1428571428571
2017121003,"Green Bay Packers",2.72222222222222,13.6923076923077
2017121004,"Houston Texans",9.3,15.2631578947368
2017121004,"San Francisco 49ers",9.4,18.2142857142857
2017121005,"Jacksonville Jaguars",9.44444444444444,6.55555555555556
2017121005,"Seattle Seahawks",10.1111111111111,14.7692307692308
2017121006,"Kansas City Chiefs",7.42857142857143,11.3846153846154
2017121006,"Oakland Raiders",6.04,17.1111111111111
2017121007,"Detroit Lions",4.92307692307692,8
2017121007,"Tampa Bay Buccaneers",6.48148148148148,15.2727272727273
2017121008,"Arizona Cardinals",5.11764705882353,13.8181818181818
2017121008,"Tennessee Titans",6.70588235294118,17.5333333333333
2017121009,"Denver Broncos",6,12.6153846153846
2017121009,"New York Jets",3.66666666666667,9.61538461538461
2017121010,"Los Angeles Chargers",12.4210526315789,5.93333333333333
2017121010,"Washington Redskins",6.4,16.8181818181818
2017121011,"Los Angeles Rams",5.125,9.75
2017121011,"Philadelphia Eagles",6.76666666666667,12.8333333333333
2017121012,"Dallas Cowboys",4.85,10.3636363636364
2017121012,"New York Giants",2.90625,11.5384615384615
2017121013,"Baltimore Ravens",6.2,10.4375
2017121013,"Pittsburgh Steelers",6.63636363636364,9.75
2017121100,"Miami Dolphins",4.88,13.6
2017121100,"New England Patriots",4.20833333333333,11.8695652173913
2017121400,"Denver Broncos",10.3333333333333,13.0909090909091
2017121400,"Indianapolis Colts",4.05882352941176,9.78571428571429
2017121600,"Chicago Bears",5.875,11.5
2017121600,"Detroit Lions",6,8.91666666666667
2017121601,"Kansas City Chiefs",4,2.5
2017121601,"Los Angeles Chargers",3.68181818181818,16.5
2017121700,"Buffalo Bills",7.23529411764706,14.6666666666667
2017121700,"Miami Dolphins",4.79310344827586,12.2777777777778
2017121701,"Carolina Panthers",6.4,8.33333333333333
2017121701,"Green Bay Packers",5.65384615384615,6.55555555555556
2017121702,"Baltimore Ravens",6.03846153846154,6.88235294117647
2017121702,"Cleveland Browns",3.38095238095238,10.7058823529412
2017121703,"Houston Texans",8.69230769230769,10.5555555555556
2017121703,"Jacksonville Jaguars",5.95238095238095,5.9
2017121704,"Cincinnati Bengals",4.28571428571429,11
2017121704,"Minnesota Vikings",2.80952380952381,11
2017121705,"New Orleans Saints",3.74074074074074,10.4444444444444
2017121705,"New York Jets",6,7.15789473684211
2017121706,"New York Giants",5.71052631578947,10
2017121706,"Philadelphia Eagles",5.91666666666667,14.8
2017121707,"Arizona Cardinals",7.1875,9.61538461538461
2017121707,"Washington Redskins",4.72222222222222,11.4
2017121708,"Los Angeles Rams",3.2,6.57142857142857
2017121708,"Seattle Seahawks",5.28571428571429,18.1875
2017121709,"New England Patriots",10.2727272727273,10.1428571428571
2017121709,"Pittsburgh Steelers",5.30434782608696,16.8571428571429
2017121710,"San Francisco 49ers",6.625,11.7692307692308
2017121710,"Tennessee Titans",8.08695652173913,11.6
2017121711,"Dallas Cowboys",7.26315789473684,15
2017121711,"Oakland Raiders",4.81818181818182,13.75
2017121800,"Atlanta Falcons",6.16666666666667,16.9333333333333
2017121800,"Tampa Bay Buccaneers",10.1724137931034,14
2017122300,"Baltimore Ravens",5.16666666666667,5.9
2017122300,"Indianapolis Colts",5.83333333333333,8.94444444444444
2017122301,"Green Bay Packers",5.94117647058824,18.8260869565217
2017122301,"Minnesota Vikings",6.35714285714286,19.3846153846154
2017122400,"Carolina Panthers",5.75,9
2017122400,"Tampa Bay Buccaneers",11.5238095238095,15.3636363636364
2017122401,"Chicago Bears",6.57142857142857,7.1
2017122401,"Cleveland Browns",2.66666666666667,8.8125
2017122402,"Cincinnati Bengals",3.82142857142857,15.5882352941176
2017122402,"Detroit Lions",6,13.5
2017122403,"Kansas City Chiefs",6.85185185185185,11.0666666666667
2017122403,"Miami Dolphins",8.55,13.0526315789474
2017122404,"Buffalo Bills",6.09523809523809,11.1052631578947
2017122404,"New England Patriots",5.04761904761905,22.5
2017122405,"Atlanta Falcons",6.65217391304348,8.30769230769231
2017122405,"New Orleans Saints",5.95238095238095,4.57142857142857
2017122406,"Los Angeles Chargers",7.40909090909091,10.3684210526316
2017122406,"New York Jets",6.76470588235294,12.3076923076923
2017122407,"Los Angeles Rams",5.59090909090909,12.3157894736842
2017122407,"Tennessee Titans",6.86363636363636,7.16666666666667
2017122408,"Denver Broncos",3,6.3125
2017122408,"Washington Redskins",8.4,13.2941176470588
2017122409,"Jacksonville Jaguars",6.26470588235294,11.7894736842105
2017122409,"San Francisco 49ers",6.23809523809524,12.5
2017122410,"Arizona Cardinals",7.04761904761905,13
2017122410,"New York Giants",5.48275862068965,11.1111111111111
2017122411,"Dallas Cowboys",6.22727272727273,10.9333333333333
2017122411,"Seattle Seahawks",3,17.5555555555556
2017122500,"Houston Texans",4.375,9
2017122500,"Pittsburgh Steelers",3.75,9.09090909090909
2017122501,"Oakland Raiders",4.9375,11.1538461538462
2017122501,"Philadelphia Eagles",3.1,12.35
2017123100,"Atlanta Falcons",3.5,11.7058823529412
2017123100,"Carolina Panthers",8.21428571428571,9.82352941176471
2017123101,"Baltimore Ravens",4.28,9.69565217391304
2017123101,"Cincinnati Bengals",4.91304347826087,10.0416666666667
2017123102,"Detroit Lions",6.4,10.9166666666667
2017123102,"Green Bay Packers",2.0952380952381,14
2017123103,"Houston Texans",5.8,10.8
2017123103,"Indianapolis Colts",4.2,10.5833333333333
2017123104,"Buffalo Bills",5.65,13.6666666666667
2017123104,"Miami Dolphins",3.29032258064516,12.2
2017123105,"Chicago Bears",3.7,11.8
2017123105,"Minnesota Vikings",5.39130434782609,14.3333333333333
2017123106,"New England Patriots",4.94736842105263,15.44
2017123106,"New York Jets",5.15789473684211,11.7058823529412
2017123107,"New York Giants",4.5,6.78947368421053
2017123107,"Washington Redskins",3.35,9.5
2017123108,"Dallas Cowboys",7.63157894736842,11.8571428571429
2017123108,"Philadelphia Eagles",3.84,7.36363636363636
2017123109,"Cleveland Browns",6.5,12.3571428571429
2017123109,"Pittsburgh Steelers",6.95652173913043,11.5
2017123110,"New Orleans Saints",6.95454545454545,11.875
2017123110,"Tampa Bay Buccaneers",8.07142857142857,15.65
2017123111,"Jacksonville Jaguars",3.73333333333333,14.9411764705882
2017123111,"Tennessee Titans",3.33333333333333,13.4444444444444
2017123112,"Denver Broncos",7.19047619047619,13.375
2017123112,"Kansas City Chiefs",5,11.6428571428571
2017123113,"Los Angeles Chargers",7.86206896551724,14.8
2017123113,"Oakland Raiders",6.68421052631579,5.22222222222222
2017123114,"Los Angeles Rams",5.2,11.3125
2017123114,"San Francisco 49ers",5.2,10.5
2017123115,"Arizona Cardinals",6.4,13.8571428571429
2017123115,"Seattle Seahawks",6.11111111111111,6.91666666666667
2018090600,"Atlanta Falcons",7.57142857142857,10
2018090600,"Philadelphia Eagles",4.09090909090909,11.5294117647059
2018090900,"Baltimore Ravens",5.74074074074074,9.35714285714286
2018090900,"Buffalo Bills",6.58333333333333,13.952380952381
2018090901,"Cleveland Browns",7.375,10.7307692307692
2018090901,"Pittsburgh Steelers",5.36,12
2018090902,"Cincinnati Bengals",4.95238095238095,9.625
2018090902,"Indianapolis Colts",4.45,11.6666666666667
2018090903,"Miami Dolphins",6.47619047619048,16.7142857142857
2018090903,"Tennessee Titans",5.25,7.64705882352941
2018090904,"Minnesota Vikings",4.55,10.25
2018090904,"San Francisco 49ers",7.8,13.8888888888889
2018090905,"Houston Texans",6.33333333333333,14.4444444444444
2018090905,"New England Patriots",7.07692307692308,13.3571428571429
2018090906,"New Orleans Saints",7.35135135135135,10.3
2018090906,"Tampa Bay Buccaneers",12.8636363636364,6.2
2018090907,"Jacksonville Jaguars",5.15789473684211,8.35714285714286
2018090907,"New York Giants",6.61538461538461,14.2941176470588
2018090908,"Kansas City Chiefs",9.375,17.3333333333333
2018090908,"Los Angeles Chargers",5.14705882352941,16.1
2018090909,"Arizona Cardinals",4.35,7.78571428571429
2018090909,"Washington Redskins",3.5,5.90909090909091
2018090910,"Carolina Panthers",4.57894736842105,10.0833333333333
2018090910,"Dallas Cowboys",4.9,9.42857142857143
2018090911,"Denver Broncos",6.2,13.4615384615385
2018090911,"Seattle Seahawks",6.80952380952381,13.1666666666667
2018090912,"Chicago Bears",4,11.6428571428571
2018090912,"Green Bay Packers",6.12,17.0833333333333
2018091000,"Detroit Lions",5.33333333333333,12.4
2018091000,"New York Jets",7.1875,8.8
2018091001,"Los Angeles Rams",7.33333333333333,16.6470588235294
2018091001,"Oakland Raiders",4.33333333333333,7.90909090909091
2018091300,"Baltimore Ravens",7.15625,11.2916666666667
2018091300,"Cincinnati Bengals",5.04,6.72727272727273
2018091600,"Atlanta Falcons",6.04347826086957,25.1666666666667
2018091600,"Carolina Panthers",4.75,14.3076923076923
2018091601,"Buffalo Bills",7.11111111111111,12.8571428571429
2018091601,"Los Angeles Chargers",4.30434782608696,0.5
2018091602,"Green Bay Packers",6.0625,13.9375
2018091602,"Minnesota Vikings",7.14285714285714,8.25
2018091603,"Cleveland Browns",6.77272727272727,12.5555555555556
2018091603,"New Orleans Saints",3.79310344827586,19.8888888888889
2018091604,"Miami Dolphins",3.05882352941176,14.1666666666667
2018091604,"New York Jets",6.44,16.8
2018091605,"Kansas City Chiefs",8.4,20.6666666666667
2018091605,"Pittsburgh Steelers",4.70731707317073,15.5833333333333
2018091606,"Philadelphia Eagles",4.59459459459459,12.4666666666667
2018091606,"Tampa Bay Buccaneers",9,11.8
2018091607,"Houston Texans",10.76,13.9
2018091607,"Tennessee Titans",3.5625,8.57142857142857
2018091608,"Indianapolis Colts",2.66666666666667,11.1111111111111
2018091608,"Washington Redskins",5.15151515151515,12
2018091609,"Arizona Cardinals",2.38888888888889,8.22222222222222
2018091609,"Los Angeles Rams",8.54166666666667,9.75
2018091610,"Detroit Lions",4.70588235294118,15.5
2018091610,"San Francisco 49ers",6.22222222222222,7.3
2018091611,"Denver Broncos",7.45,11.75
2018091611,"Oakland Raiders",6.5,9
2018091612,"Jacksonville Jaguars",5.9,11.5333333333333
2018091612,"New England Patriots",4.08333333333333,10.4545454545455
2018091613,"Dallas Cowboys",7,13.5
2018091613,"New York Giants",3.39393939393939,15.9090909090909
2018091700,"Chicago Bears",4.42307692307692,8.625
2018091700,"Seattle Seahawks",7.18181818181818,10.4666666666667
2018092000,"Cleveland Browns",7.19047619047619,16.75
2018092000,"New York Jets",4.06666666666667,7
2018092300,"Atlanta Falcons",8.2962962962963,12.4545454545455
2018092300,"New Orleans Saints",4.15,9.45454545454546
2018092301,"Baltimore Ravens",7.07692307692308,12.8125
2018092301,"Denver Broncos",5.95652173913043,7.2
2018092302,"Carolina Panthers",5.8,14.5555555555556
2018092302,"Cincinnati Bengals",8.58620689655172,6.4
2018092303,"Houston Texans",8.61538461538461,13.2941176470588
2018092303,"New York Giants",5.30769230769231,12
2018092304,"Jacksonville Jaguars",2.45454545454545,5.92307692307692
2018092304,"Tennessee Titans",3.15384615384615,7.88888888888889
2018092305,"Kansas City Chiefs",5.4,16.4210526315789
2018092305,"San Francisco 49ers",6.09523809523809,15.7272727272727
2018092306,"Miami Dolphins",8.13636363636364,13.5714285714286
2018092306,"Oakland Raiders",4.03571428571429,5.72727272727273
2018092307,"Buffalo Bills",3.86666666666667,20.5
2018092307,"Minnesota Vikings",3.175,14.2857142857143
2018092308,"Indianapolis Colts",3.44,13.7894736842105
2018092308,"Philadelphia Eagles",6.07692307692308,11.4615384615385
2018092309,"Green Bay Packers",3.66666666666667,14.2
2018092309,"Washington Redskins",9.91666666666667,11.3
2018092310,"Los Angeles Chargers",7.61111111111111,11.5833333333333
2018092310,"Los Angeles Rams",5.9375,13.75
2018092311,"Arizona Cardinals",6.61111111111111,11.5
2018092311,"Chicago Bears",4.32,19.2142857142857
2018092312,"Dallas Cowboys",4.26315789473684,6.92307692307692
2018092312,"Seattle Seahawks",6.75,12.3636363636364
2018092313,"Detroit Lions",4.67857142857143,10
2018092313,"New England Patriots",6.07142857142857,18.7272727272727
2018092400,"Pittsburgh Steelers",4.66666666666667,19
2018092400,"Tampa Bay Buccaneers",9.66666666666667,15.1578947368421
2018092700,"Los Angeles Rams",9,10.7777777777778
2018092700,"Minnesota Vikings",6.37837837837838,5.57142857142857
2018093000,"Atlanta Falcons",8.82758620689655,17.4
2018093000,"Cincinnati Bengals",5.61290322580645,11.1428571428571
2018093001,"Chicago Bears",11.6842105263158,10.4
2018093001,"Tampa Bay Buccaneers",8.07692307692308,13.4545454545455
2018093002,"Dallas Cowboys",7.5,9
2018093002,"Detroit Lions",6.25,12.8333333333333
2018093003,"Buffalo Bills",5.05882352941176,12.25
2018093003,"Green Bay Packers",7,16.2222222222222
2018093004,"Houston Texans",7.3,9.33333333333333
2018093004,"Indianapolis Colts",7.4,10.5416666666667
2018093005,"Jacksonville Jaguars",5.46666666666667,5.11111111111111
2018093005,"New York Jets",5.9,15.6470588235294
2018093006,"Miami Dolphins",3.4,19.75
2018093006,"New England Patriots",4.04347826086957,13.3571428571429
2018093007,"Philadelphia Eagles",6.11764705882353,10.9444444444444
2018093007,"Tennessee Titans",5.53333333333333,17.7333333333333
2018093008,"Arizona Cardinals",6.86666666666667,13.9333333333333
2018093008,"Seattle Seahawks",4.26315789473684,8
2018093009,"Cleveland Browns",7.13636363636364,11.8421052631579
2018093009,"Oakland Raiders",6.94285714285714,9.45454545454546
2018093010,"Los Angeles Chargers",5.56,8.84615384615385
2018093010,"San Francisco 49ers",5.56521739130435,8.15384615384615
2018093011,"New Orleans Saints",5.33333333333333,10
2018093011,"New York Giants",3.625,13.3
2018093012,"Baltimore Ravens",7.42857142857143,12.7857142857143
2018093012,"Pittsburgh Steelers",4.82142857142857,9.78947368421053
2018100100,"Denver Broncos",7.09523809523809,10.5
2018100100,"Kansas City Chiefs",4.54545454545455,12.3333333333333
2018100400,"Indianapolis Colts",6.53846153846154,11.1
2018100400,"New England Patriots",4.82857142857143,10.375
2018100700,"Buffalo Bills",2.72727272727273,10.6
2018100700,"Tennessee Titans",4.5,9.72727272727273
2018100701,"Carolina Panthers",4.80952380952381,14
2018100701,"New York Giants",10.8695652173913,10.3076923076923
2018100702,"Cincinnati Bengals",7.05,12.3636363636364
2018100702,"Miami Dolphins",3.33333333333333,10.2
2018100703,"Baltimore Ravens",4.06666666666667,11.9655172413793
2018100703,"Cleveland Browns",6.96,13.2941176470588
2018100704,"Detroit Lions",9.44444444444444,15.1538461538462
2018100704,"Green Bay Packers",8.03030303030303,11.1428571428571
2018100705,"Jacksonville Jaguars",8.54545454545454,13.8333333333333
2018100705,"Kansas City Chiefs",6.45454545454545,13.6666666666667
2018100706,"Denver Broncos",5.08108108108108,9.73333333333333
2018100706,"New York Jets",11.8,7.54545454545455
2018100707,"Atlanta Falcons",4.54838709677419,14.8
2018100707,"Pittsburgh Steelers",6.47368421052632,13.6363636363636
2018100708,"Los Angeles Chargers",6.04166666666667,14.1666666666667
2018100708,"Oakland Raiders",5.84,10.3636363636364
2018100709,"Minnesota Vikings",4.66666666666667,11
2018100709,"Philadelphia Eagles",7.83333333333333,11.1666666666667
2018100710,"Arizona Cardinals",9.90909090909091,11.9375
2018100710,"San Francisco 49ers",2.97142857142857,6.1
2018100711,"Los Angeles Rams",6.44,10.625
2018100711,"Seattle Seahawks",10.6923076923077,11
2018100712,"Dallas Cowboys",4.22222222222222,13.9
2018100712,"Houston Texans",5.51428571428571,12.25
2018100800,"New Orleans Saints",6.07692307692308,1.25
2018100800,"Washington Redskins",6.78260869565217,12.4666666666667
2018101100,"New York Giants",3.33333333333333,10.4444444444444
2018101100,"Philadelphia Eagles",5.15384615384615,14.3076923076923
2018101400,"Atlanta Falcons",7.125,15.5454545454545
2018101400,"Tampa Bay Buccaneers",8.8,17.9090909090909
2018101401,"Cincinnati Bengals",8.14814814814815,14.4444444444444
2018101401,"Pittsburgh Steelers",5.15625,17.8235294117647
2018101402,"Cleveland Browns",5.63636363636364,13.7727272727273
2018101402,"Los Angeles Chargers",12.25,10.7777777777778
2018101403,"Buffalo Bills",7.11111111111111,11.8181818181818
2018101403,"Houston Texans",5.53333333333333,14.75
2018101404,"Chicago Bears",7.73913043478261,20.25
2018101404,"Miami Dolphins",3.86206896551724,9.53333333333333
2018101405,"Arizona Cardinals",6.66666666666667,7.63636363636364
2018101405,"Minnesota Vikings",5.84,1.33333333333333
2018101406,"Indianapolis Colts",8.20833333333333,10.4444444444444
2018101406,"New York Jets",5.26923076923077,7
2018101407,"Oakland Raiders",1.04166666666667,11.125
2018101407,"Seattle Seahawks",7.88235294117647,13.5
2018101408,"Carolina Panthers",5.7037037037037,10
2018101408,"Washington Redskins",5.86363636363636,9.73333333333333
2018101409,"Denver Broncos",7,9.22222222222222
2018101409,"Los Angeles Rams",6.28571428571429,9.92857142857143
2018101410,"Dallas Cowboys",7.05882352941176,16
2018101410,"Jacksonville Jaguars",5.73333333333333,10.3
2018101411,"Baltimore Ravens",6.6,13.4285714285714
2018101411,"Tennessee Titans",6.27272727272727,20.4
2018101412,"Kansas City Chiefs",6.83333333333333,12.0909090909091
2018101412,"New England Patriots",7,16.7857142857143
2018101500,"Green Bay Packers",8.28,8.19047619047619
2018101500,"San Francisco 49ers",8.375,2.71428571428571
2018101800,"Arizona Cardinals",5.80952380952381,8.26666666666667
2018101800,"Denver Broncos",7,9.57142857142857
2018102100,"Los Angeles Chargers",8.73684210526316,7.57142857142857
2018102100,"Tennessee Titans",4.16666666666667,6.14285714285714
2018102101,"Baltimore Ravens",7.20833333333333,10.15
2018102101,"New Orleans Saints",6.63636363636364,8.6
2018102102,"Chicago Bears",8.11111111111111,13.8
2018102102,"New England Patriots",5.8,8.9
2018102103,"Buffalo Bills",6.2,4.11111111111111
2018102103,"Indianapolis Colts",3.73684210526316,8.14285714285714
2018102104,"Houston Texans",8.23076923076923,10.4166666666667
2018102104,"Jacksonville Jaguars",4.51851851851852,8.35714285714286
2018102105,"Cincinnati Bengals",6.31578947368421,11.4666666666667
2018102105,"Kansas City Chiefs",5.42857142857143,13.8
2018102106,"Detroit Lions",6.10526315789474,12.1428571428571
2018102106,"Miami Dolphins",7.22727272727273,17.7272727272727
2018102107,"Minnesota Vikings",6.76,14.6470588235294
2018102107,"New York Jets",5,15.2173913043478
2018102108,"Carolina Panthers",5.24,10.7857142857143
2018102108,"Philadelphia Eagles",6.06666666666667,21
2018102109,"Cleveland Browns",5.33333333333333,14.3076923076923
2018102109,"Tampa Bay Buccaneers",8.11764705882353,14.25
2018102110,"Dallas Cowboys",8.45833333333333,12.7142857142857
2018102110,"Washington Redskins",6.92857142857143,16.9166666666667
2018102111,"Los Angeles Rams",7.55555555555556,14.6666666666667
2018102111,"San Francisco 49ers",4.66666666666667,13.7
2018102200,"Atlanta Falcons",8.15625,12.4444444444444
2018102200,"New York Giants",6.96296296296296,8.09090909090909
2018102500,"Houston Texans",9.31578947368421,17.6
2018102500,"Miami Dolphins",7.26086956521739,14.1333333333333
2018102800,"Jacksonville Jaguars",5.95833333333333,7.16666666666667
2018102800,"Philadelphia Eagles",5.71428571428571,12.375
2018102801,"Baltimore Ravens",5.44827586206897,15.0625
2018102801,"Carolina Panthers",7.13636363636364,5.25
2018102802,"Chicago Bears",6.47058823529412,13.2307692307692
2018102802,"New York Jets",7.21428571428571,9
2018102803,"Cincinnati Bengals",8.47619047619048,9.35714285714286
2018102803,"Tampa Bay Buccaneers",10.8,16
2018102804,"Detroit Lions",5.10714285714286,16.6428571428571
2018102804,"Seattle Seahawks",13.1428571428571,2.5
2018102805,"Denver Broncos",7.16666666666667,13.4545454545455
2018102805,"Kansas City Chiefs",5.65384615384615,10.6363636363636
2018102806,"New York Giants",5.33333333333333,10.5882352941176
2018102806,"Washington Redskins",4.04761904761905,14.6153846153846
2018102807,"Cleveland Browns",3.04347826086957,13.2
2018102807,"Pittsburgh Steelers",5.70833333333333,13.25
2018102808,"Indianapolis Colts",7.82608695652174,9.4
2018102808,"Oakland Raiders",6.23809523809524,10.875
2018102809,"Arizona Cardinals",5.78260869565217,10.0588235294118
2018102809,"San Francisco 49ers",6.28571428571429,10.8571428571429
2018102810,"Green Bay Packers",9.44444444444444,7.25
2018102810,"Los Angeles Rams",9.14285714285714,13.8125
2018102811,"Minnesota Vikings",7.41935483870968,6.76923076923077
2018102811,"New Orleans Saints",4.26315789473684,-0.25
2018102900,"Buffalo Bills",7.16666666666667,14.2941176470588
2018102900,"New England Patriots",6.58064516129032,9.05882352941176
2018110100,"Oakland Raiders",3.64705882352941,7.28571428571429
2018110100,"San Francisco 49ers",5.0625,8.42857142857143
2018110400,"Baltimore Ravens",5.68,13.1176470588235
2018110400,"Pittsburgh Steelers",5.70967741935484,9.8
2018110401,"Buffalo Bills",1.78125,10.1578947368421
2018110401,"Chicago Bears",8.61538461538461,19.4444444444444
2018110402,"Carolina Panthers",6.31578947368421,10.4285714285714
2018110402,"Tampa Bay Buccaneers",5.56,10.5882352941176
2018110403,"Cleveland Browns",4.06666666666667,18.5384615384615
2018110403,"Kansas City Chiefs",7.16666666666667,4.7
2018110404,"Miami Dolphins",3.75,12
2018110404,"New York Jets",4.76190476190476,10.2666666666667
2018110405,"Detroit Lions",3.32,7.90909090909091
2018110405,"Minnesota Vikings",3.61111111111111,18.6666666666667
2018110406,"Atlanta Falcons",4.21428571428571,12.7692307692308
2018110406,"Washington Redskins",6.625,11.4117647058824
2018110407,"Denver Broncos",3.60714285714286,9.75
2018110407,"Houston Texans",5.82352941176471,8.57142857142857
2018110408,"Los Angeles Chargers",10.3846153846154,11.7692307692308
2018110408,"Seattle Seahawks",3.89285714285714,12.2
2018110409,"Los Angeles Rams",7.85714285714286,10
2018110409,"New Orleans Saints",7.73076923076923,13.2727272727273
2018110410,"Green Bay Packers",6.54166666666667,13.4761904761905
2018110410,"New England Patriots",5.78260869565217,10.9333333333333
2018110500,"Dallas Cowboys",5.09090909090909,12.9166666666667
2018110500,"Tennessee Titans",5.57142857142857,11.7777777777778
2018110800,"Carolina Panthers",3.78260869565217,14.1666666666667
2018110800,"Pittsburgh Steelers",4.34782608695652,5.25
2018111100,"Chicago Bears",7.8695652173913,19.4444444444444
2018111100,"Detroit Lions",4.76,12.8235294117647
2018111101,"Cincinnati Bengals",5.28571428571429,12.8571428571429
2018111101,"New Orleans Saints",5.59090909090909,5.83333333333333
2018111102,"Atlanta Falcons",4.86842105263158,5.26666666666667
2018111102,"Cleveland Browns",6.58823529411765,13.25
2018111103,"Green Bay Packers",4.7,13.4
2018111103,"Miami Dolphins",4.125,9.13333333333333
2018111104,"Indianapolis Colts",7.86363636363636,6.71428571428571
2018111104,"Jacksonville Jaguars",1.76666666666667,7.5
2018111105,"Arizona Cardinals",5.56521739130435,10.6470588235294
2018111105,"Kansas City Chiefs",5.27272727272727,11.75
2018111106,"Buffalo Bills",10.1875,15.5
2018111106,"New York Jets",1.70588235294118,7.93333333333333
2018111107,"Tampa Bay Buccaneers",8.20689655172414,16.7
2018111107,"Washington Redskins",6.52631578947368,16.5555555555556
2018111108,"New England Patriots",5.78260869565217,10.9
2018111108,"Tennessee Titans",9.58823529411765,14.7777777777778
2018111109,"Los Angeles Chargers",5.72222222222222,12.5714285714286
2018111109,"Oakland Raiders",4.875,8.14285714285714
2018111110,"Los Angeles Rams",6.10714285714286,9.09090909090909
2018111110,"Seattle Seahawks",6.70588235294118,12.9
2018111111,"Dallas Cowboys",4.46153846153846,8.9
2018111111,"Philadelphia Eagles",7.1875,12.6363636363636
2018111200,"New York Giants",5.3,14.2666666666667
2018111200,"San Francisco 49ers",6.07142857142857,10
2018111500,"Green Bay Packers",9.42857142857143,16.5555555555556
2018111500,"Seattle Seahawks",7.47619047619048,18.9090909090909
2018111800,"Atlanta Falcons",7,17.1111111111111
2018111800,"Dallas Cowboys",3.59090909090909,16.6363636363636
2018111801,"Baltimore Ravens",7.21428571428571,10.6
2018111801,"Cincinnati Bengals",5.42105263157895,13.1052631578947
2018111802,"Chicago Bears",4.61904761904762,10.3333333333333
2018111802,"Minnesota Vikings",5.53333333333333,12
2018111803,"Carolina Panthers",6.96,11.8333333333333
2018111803,"Detroit Lions",4,10.3333333333333
2018111804,"Indianapolis Colts",7.08333333333333,12.2
2018111804,"Tennessee Titans",6,7.85714285714286
2018111805,"New York Giants",6.82352941176471,22
2018111805,"Tampa Bay Buccaneers",9.14814814814815,7
2018111806,"Houston Texans",3.72222222222222,7.375
2018111806,"Washington Redskins",6.57894736842105,14.6315789473684
2018111807,"Arizona Cardinals",3.2,6.55555555555556
2018111807,"Oakland Raiders",4.89473684210526,11.8333333333333
2018111808,"Denver Broncos",3.5,6.57142857142857
2018111808,"Los Angeles Chargers",5.9,11.1538461538462
2018111809,"New Orleans Saints",10.7391304347826,14.6
2018111809,"Philadelphia Eagles",4.8,10.75
2018111810,"Jacksonville Jaguars",5.2,12.375
2018111810,"Pittsburgh Steelers",6.48148148148148,8.42105263157895
2018111900,"Kansas City Chiefs",8,13.7272727272727
2018111900,"Los Angeles Rams",6.84375,15
2018112200,"Chicago Bears",5.21428571428571,13.4
2018112200,"Detroit Lions",2.92857142857143,8.77777777777778
2018112201,"Dallas Cowboys",4.22727272727273,9.1
2018112201,"Washington Redskins",6.875,10.9166666666667
2018112202,"Atlanta Falcons",6.68571428571429,13.6666666666667
2018112202,"New Orleans Saints",9.26666666666667,18.4285714285714
2018112500,"Baltimore Ravens",7.86666666666667,8.66666666666667
2018112500,"Oakland Raiders",7.88888888888889,11.8888888888889
2018112501,"Buffalo Bills",8.81818181818182,23.0909090909091
2018112501,"Jacksonville Jaguars",4.15384615384615,8.83333333333333
2018112502,"Carolina Panthers",3.6,8.66666666666667
2018112502,"Seattle Seahawks",9.63636363636364,11.6666666666667
2018112503,"Cincinnati Bengals",5.9,12
2018112503,"Cleveland Browns",7.35,16.75
2018112504,"Indianapolis Colts",4.78125,18.4
2018112504,"Miami Dolphins",3.82352941176471,8.66666666666667
2018112505,"New England Patriots",8.7,11.5833333333333
2018112505,"New York Jets",5.61538461538461,11.5263157894737
2018112506,"New York Giants",6.30769230769231,14.8
2018112506,"Philadelphia Eagles",5.72727272727273,6.77777777777778
2018112507,"San Francisco 49ers",6.26315789473684,9.64285714285714
2018112507,"Tampa Bay Buccaneers",7.16666666666667,19.7
2018112508,"Arizona Cardinals",2.41666666666667,13.7142857142857
2018112508,"Los Angeles Chargers",4.17857142857143,4
2018112509,"Denver Broncos",8.4375,10.4666666666667
2018112509,"Pittsburgh Steelers",5.13636363636364,13.2
2018112510,"Green Bay Packers",7.76470588235294,17.0769230769231
2018112510,"Minnesota Vikings",6.37931034482759,10
2018112600,"Houston Texans",6.42105263157895,11.5
2018112600,"Tennessee Titans",5.08695652173913,17
2018112900,"Dallas Cowboys",4.70833333333333,17.2857142857143
2018112900,"New Orleans Saints",2.94444444444444,7.81818181818182
2018120200,"Atlanta Falcons",5.33333333333333,19.1333333333333
2018120200,"Baltimore Ravens",5.64705882352941,15.2307692307692
2018120201,"Cincinnati Bengals",3.30769230769231,9.46153846153846
2018120201,"Denver Broncos",7.91666666666667,6.2
2018120202,"Detroit Lions",6.86363636363636,12.625
2018120202,"Los Angeles Rams",7.78947368421053,10.2777777777778
2018120203,"Arizona Cardinals",9.41666666666667,8.72222222222222
2018120203,"Green Bay Packers",4.03125,16.3
2018120204,"Cleveland Browns",8,15.0769230769231
2018120204,"Houston Texans",5.27272727272727,12.8888888888889
2018120205,"Indianapolis Colts",4.55555555555556,11.7777777777778
2018120205,"Jacksonville Jaguars",2.1,14.4285714285714
2018120206,"Buffalo Bills",8.44444444444444,22.4
2018120206,"Miami Dolphins",6.11764705882353,15.4
2018120207,"Chicago Bears",6.62068965517241,13
2018120207,"New York Giants",7,8.17647058823529
2018120208,"Los Angeles Chargers",6.37037037037037,7.3
2018120208,"Pittsburgh Steelers",5.56666666666667,13.2777777777778
2018120209,"Carolina Panthers",5.6,21.75
2018120209,"Tampa Bay Buccaneers",7.04761904761905,13.1666666666667
2018120210,"Kansas City Chiefs",8.21739130434783,20
2018120210,"Oakland Raiders",5.73333333333333,13.9166666666667
2018120211,"New York Jets",3.68421052631579,13.6923076923077
2018120211,"Tennessee Titans",7.77272727272727,13.6666666666667
2018120212,"Minnesota Vikings",2.9375,15.4545454545455
2018120212,"New England Patriots",3.45833333333333,6.625
2018120213,"San Francisco 49ers",5.7,1.22222222222222
2018120213,"Seattle Seahawks",8,12.7777777777778
2018120300,"Philadelphia Eagles",4.57142857142857,10.7272727272727
2018120300,"Washington Redskins",2.72222222222222,12.1111111111111
2018120600,"Jacksonville Jaguars",6.8,12.4
2018120600,"Tennessee Titans",3.44444444444444,20.8333333333333
2018120900,"Buffalo Bills",5.90476190476191,9.73684210526316
2018120900,"New York Jets",6.58823529411765,6.75
2018120901,"Chicago Bears",3.6875,10.0833333333333
2018120901,"Los Angeles Rams",5.125,8.6
2018120902,"Carolina Panthers",5.14285714285714,7.875
2018120902,"Cleveland Browns",9,20.5714285714286
2018120903,"Atlanta Falcons",6.4,15
2018120903,"Green Bay Packers",5.5,13.2857142857143
2018120904,"Houston Texans",4.25925925925926,11.8461538461538
2018120904,"Indianapolis Colts",9.7037037037037,5.78571428571429
2018120905,"Baltimore Ravens",8.14285714285714,15.6153846153846
2018120905,"Kansas City Chiefs",4.43243243243243,13.7222222222222
2018120906,"Miami Dolphins",10.2,13.2857142857143
2018120906,"New England Patriots",7.68965517241379,10.8888888888889
2018120907,"New Orleans Saints",5.625,10.5
2018120907,"Tampa Bay Buccaneers",9.22222222222222,14.6521739130435
2018120908,"New York Giants",4.85714285714286,11.3076923076923
2018120908,"Washington Redskins",4.77777777777778,6.9
2018120909,"Cincinnati Bengals",5.21052631578947,7.5
2018120909,"Los Angeles Chargers",6.10526315789474,12.2
2018120910,"Denver Broncos",4.75,6.09523809523809
2018120910,"San Francisco 49ers",6.63636363636364,7.5
2018120911,"Arizona Cardinals",6.62962962962963,14.75
2018120911,"Detroit Lions",2.8125,17.7
2018120912,"Dallas Cowboys",5.55813953488372,18.8333333333333
2018120912,"Philadelphia Eagles",6.8695652173913,13.6
2018120913,"Oakland Raiders",8.88888888888889,8.9
2018120913,"Pittsburgh Steelers",3.27586206896552,11
2018121000,"Minnesota Vikings",4.71428571428571,11.2142857142857
2018121000,"Seattle Seahawks",3.1,22
2018121300,"Kansas City Chiefs",5.28,12.7857142857143
2018121300,"Los Angeles Chargers",7.57692307692308,7.625
2018121500,"Houston Texans",8.31818181818182,15.7142857142857
2018121500,"New York Jets",7.45833333333333,15.125
2018121501,"Cleveland Browns",6.26315789473684,12.4666666666667
2018121501,"Denver Broncos",2.90625,9.29411764705882
2018121600,"Arizona Cardinals",4.26086956521739,9
2018121600,"Atlanta Falcons",6.73913043478261,7.78571428571429
2018121601,"Baltimore Ravens",5.8,6.7
2018121601,"Tampa Bay Buccaneers",8.33333333333333,11.3333333333333
2018121602,"Buffalo Bills",10.0714285714286,21.75
2018121602,"Detroit Lions",6.54545454545455,7.11111111111111
2018121603,"Chicago Bears",6.15,10.7272727272727
2018121603,"Green Bay Packers",5.28,19.5882352941176
2018121604,"Cincinnati Bengals",2.73333333333333,14.35
2018121604,"Oakland Raiders",7.14285714285714,9.41176470588235
2018121605,"Dallas Cowboys",4.11538461538461,10.8125
2018121605,"Indianapolis Colts",7.23529411764706,9.35714285714286
2018121606,"Jacksonville Jaguars",1.6,8.57142857142857
2018121606,"Washington Redskins",4.58823529411765,13.6666666666667
2018121607,"Miami Dolphins",3.45454545454545,14.8461538461538
2018121607,"Minnesota Vikings",9.4375,9.44444444444444
2018121608,"New York Giants",7.66666666666667,9
2018121608,"Tennessee Titans",4.38461538461539,9.125
2018121609,"San Francisco 49ers",5.6,13.5833333333333
2018121609,"Seattle Seahawks",5.32,11.8888888888889
2018121610,"New England Patriots",6.38461538461539,16.75
2018121610,"Pittsburgh Steelers",6.86363636363636,19.9166666666667
2018121611,"Los Angeles Rams",4.13513513513514,10.1052631578947
2018121611,"Philadelphia Eagles",6.20833333333333,12
2018121700,"Carolina Panthers",4.58823529411765,6.41666666666667
2018121700,"New Orleans Saints",5.42307692307692,9
2018122200,"Tennessee Titans",7.29411764705882,7.66666666666667
2018122200,"Washington Redskins",7,13.7777777777778
2018122201,"Baltimore Ravens",7.58333333333333,10
2018122201,"Los Angeles Chargers",4.26923076923077,7.84615384615385
2018122300,"Indianapolis Colts",7.58064516129032,9.52941176470588
2018122300,"New York Giants",5.57692307692308,6.25
2018122302,"Jacksonville Jaguars",4.16666666666667,10.8571428571429
2018122302,"Miami Dolphins",4.75,7.33333333333333
2018122304,"Atlanta Falcons",8.53333333333333,15
2018122304,"Carolina Panthers",4.13157894736842,12.4285714285714
2018122305,"Cincinnati Bengals",5.76923076923077,10.5714285714286
2018122305,"Cleveland Browns",6.10344827586207,14.2727272727273
2018122306,"Dallas Cowboys",4.65,5.2
2018122306,"Tampa Bay Buccaneers",6.05555555555556,19.6666666666667
2018122307,"Detroit Lions",2.83333333333333,12.7083333333333
2018122307,"Minnesota Vikings",7.80952380952381,20
2018122308,"Buffalo Bills",6.35,15.9
2018122308,"New England Patriots",2.53846153846154,6.81818181818182
2018122309,"Green Bay Packers",5.2972972972973,11.24
2018122309,"New York Jets",8.08,14.5454545454545
2018122310,"Houston Texans",8.9,12.8333333333333
2018122310,"Philadelphia Eagles",7.35135135135135,9
2018122311,"Arizona Cardinals",6.33333333333333,13.2857142857143
2018122311,"Los Angeles Rams",7.10526315789474,9
2018122312,"Chicago Bears",5.26923076923077,13
2018122312,"San Francisco 49ers",7.26086956521739,12.8666666666667
2018122313,"New Orleans Saints",6.25,14.8666666666667
2018122313,"Pittsburgh Steelers",6.17647058823529,14.9
2018122314,"Kansas City Chiefs",5.95652173913043,15.1764705882353
2018122314,"Seattle Seahawks",11.8421052631579,12.5333333333333
2018122400,"Denver Broncos",5.16666666666667,16.4285714285714
2018122400,"Oakland Raiders",5.45,11
2018123000,"Baltimore Ravens",5.66666666666667,10.1818181818182
2018123000,"Cleveland Browns",10.9130434782609,13.8823529411765
2018123001,"Buffalo Bills",4.44444444444444,6.55555555555556
2018123001,"Miami Dolphins",2.26315789473684,17.1818181818182
2018123002,"Detroit Lions",5.80952380952381,7.58333333333333
2018123002,"Green Bay Packers",5.89473684210526,14.3
2018123003,"Houston Texans",5.42307692307692,12.0909090909091
2018123003,"Jacksonville Jaguars",3.06666666666667,15.8333333333333
2018123004,"Kansas City Chiefs",9,7.6
2018123004,"Oakland Raiders",6.04,10.4285714285714
2018123005,"Chicago Bears",6.16666666666667,18.1111111111111
2018123005,"Minnesota Vikings",3.52380952380952,16.625
2018123006,"New England Patriots",6.6,16.4
2018123006,"New York Jets",7.875,15
2018123007,"Carolina Panthers",8.33333333333333,9.3125
2018123007,"New Orleans Saints",4.64285714285714,7.25
2018123008,"Dallas Cowboys",8.3,11.7368421052632
2018123008,"New York Giants",5.41666666666667,12.5
2018123009,"Cincinnati Bengals",4.53846153846154,13.2307692307692
2018123009,"Pittsburgh Steelers",2.4375,13.0769230769231
2018123010,"Atlanta Falcons",7.125,11.8333333333333
2018123010,"Tampa Bay Buccaneers",11.6363636363636,12.25
2018123011,"Indianapolis Colts",5.92307692307692,11.2727272727273
2018123011,"Tennessee Titans",2.8,18.7
2018123012,"Philadelphia Eagles",2.31034482758621,5
2018123012,"Washington Redskins",5.07692307692308,11
2018123013,"Denver Broncos",6.2258064516129,12.7058823529412
2018123013,"Los Angeles Chargers",8.13333333333333,8.55555555555556
2018123014,"Los Angeles Rams",6.61111111111111,11.6153846153846
2018123014,"San Francisco 49ers",5.79166666666667,4.11111111111111
2018123015,"Arizona Cardinals",5.77777777777778,17.5625
2018123015,"Seattle Seahawks",7.08333333333333,13
2019090500,"Chicago Bears",6.46428571428571,13.15
2019090500,"Green Bay Packers",6.44444444444444,17.1428571428571
2019090800,"Carolina Panthers",5,9.38461538461539
2019090800,"Los Angeles Rams",4.04166666666667,12.6470588235294
2019090801,"Cleveland Browns",7.59259259259259,11.2307692307692
2019090801,"Tennessee Titans",5.35714285714286,8.75
2019090802,"Jacksonville Jaguars",7.59259259259259,3.57142857142857
2019090802,"Kansas City Chiefs",4.44444444444444,8.75
2019090803,"Baltimore Ravens",9.625,17.4
2019090803,"Miami Dolphins",9.75,15.25
2019090804,"Atlanta Falcons",5.34285714285714,14.8461538461538
2019090804,"Minnesota Vikings",5.44444444444444,5
2019090805,"Buffalo Bills",6.29166666666667,13.5384615384615
2019090805,"New York Jets",2.62068965517241,14
2019090806,"Philadelphia Eagles",7.82142857142857,11.2727272727273
2019090806,"Washington Redskins",6.59375,8.66666666666667
2019090807,"Indianapolis Colts",4.38095238095238,11
2019090807,"Los Angeles Chargers",5.88461538461539,8.33333333333333
2019090808,"Cincinnati Bengals",6.58333333333333,10.3333333333333
2019090808,"Seattle Seahawks",7.07142857142857,14.7142857142857
2019090809,"Arizona Cardinals",8.43333333333333,12.52
2019090809,"Detroit Lions",8.75,16.6842105263158
2019090810,"Dallas Cowboys",8.77777777777778,11.3333333333333
2019090810,"New York Giants",4.34285714285714,10.1333333333333
2019090811,"San Francisco 49ers",3.45,14.7
2019090811,"Tampa Bay Buccaneers",5.38095238095238,14.9333333333333
2019090812,"New England Patriots",8.19230769230769,7.38461538461539
2019090812,"Pittsburgh Steelers",4.66666666666667,14.1363636363636
2019090900,"Houston Texans",8.57142857142857,12.5
2019090900,"New Orleans Saints",7.375,7.18181818181818
2019090901,"Denver Broncos",7.5,6.41666666666667
2019090901,"Oakland Raiders",6.86363636363636,15.75
2019091200,"Carolina Panthers",9.72,11.6296296296296
2019091200,"Tampa Bay Buccaneers",8.5,18.9
2019091500,"Arizona Cardinals",7.48,7.875
2019091500,"Baltimore Ravens",7.56,15.9230769230769
2019091501,"Cincinnati Bengals",4.71428571428571,12.9375
2019091501,"San Francisco 49ers",5.11111111111111,9.28571428571429
2019091502,"Detroit Lions",7.5,13.8571428571429
2019091502,"Los Angeles Chargers",8.86363636363636,11.4375
2019091503,"Green Bay Packers",4.73913043478261,14.6923076923077
2019091503,"Minnesota Vikings",7.58823529411765,14.4705882352941
2019091504,"Houston Texans",7.94117647058824,19
2019091504,"Jacksonville Jaguars",5.92307692307692,11
2019091505,"Miami Dolphins",6.94444444444444,17.7222222222222
2019091505,"New England Patriots",8.63636363636364,12.3333333333333
2019091506,"Buffalo Bills",8.63157894736842,9
2019091506,"New York Giants",6.25925925925926,9.17647058823529
2019091507,"Pittsburgh Steelers",4.19047619047619,12.3333333333333
2019091507,"Seattle Seahawks",6.06666666666667,18.8888888888889
2019091508,"Indianapolis Colts",2.47058823529412,12.3076923076923
2019091508,"Tennessee Titans",4.36842105263158,7.27272727272727
2019091509,"Dallas Cowboys",6.69230769230769,16.2
2019091509,"Washington Redskins",4.42857142857143,9.33333333333333
2019091510,"Kansas City Chiefs",10.7352941176471,18.4705882352941
2019091510,"Oakland Raiders",3.43478260869565,14.5714285714286
2019091511,"Chicago Bears",3.17647058823529,12.5384615384615
2019091511,"Denver Broncos",4.57142857142857,6.76470588235294
2019091512,"Los Angeles Rams",6.13636363636364,7.33333333333333
2019091512,"New Orleans Saints",4.27272727272727,10.1333333333333
2019091513,"Atlanta Falcons",5.60714285714286,14.4615384615385
2019091513,"Philadelphia Eagles",6.17241379310345,11.55
2019091600,"Cleveland Browns",8.1,11.5
2019091600,"New York Jets",3.15384615384615,15.6
2019091900,"Jacksonville Jaguars",6.33333333333333,10.3333333333333
2019091900,"Tennessee Titans",10.625,11.1666666666667
2019092200,"Buffalo Bills",5.26086956521739,15.2857142857143
2019092200,"Cincinnati Bengals",6.85714285714286,8.13333333333333
2019092201,"Dallas Cowboys",8.47619047619048,19.8333333333333
2019092201,"Miami Dolphins",6.95,12.7826086956522
2019092202,"Denver Broncos",4.2,4.75
2019092202,"Green Bay Packers",9.29411764705882,8.33333333333333
2019092203,"Atlanta Falcons",6.71875,11.3333333333333
2019092203,"Indianapolis Colts",5.10714285714286,7.41666666666667
2019092204,"Baltimore Ravens",5.73913043478261,16.4761904761905
2019092204,"Kansas City Chiefs",6.81481481481481,14.4166666666667
2019092205,"Minnesota Vikings",4.73333333333333,8.375
2019092205,"Oakland Raiders",5.07407407407407,9.57142857142857
2019092206,"New England Patriots",5.8,11.125
2019092206,"New York Jets",2.61538461538462,8.18181818181818
2019092207,"Detroit Lions",8.38888888888889,10.4
2019092207,"Philadelphia Eagles",10.1428571428571,14
2019092208,"Arizona Cardinals",2,13.0909090909091
2019092208,"Carolina Panthers",8,9
2019092209,"New York Giants",7.91304347826087,12.5714285714286
2019092209,"Tampa Bay Buccaneers",11.9583333333333,14.9285714285714
2019092210,"Houston Texans",7.44,11.9
2019092210,"Los Angeles Chargers",5.4375,20.2941176470588
2019092211,"New Orleans Saints",2.38095238095238,6.33333333333333
2019092211,"Seattle Seahawks",9.09090909090909,15.0952380952381
2019092212,"Pittsburgh Steelers",2.73333333333333,11.3846153846154
2019092212,"San Francisco 49ers",7.91666666666667,9.5
2019092213,"Cleveland Browns",5.7,8.5
2019092213,"Los Angeles Rams",8.25,13.5833333333333
2019092300,"Chicago Bears",4.44,11.7777777777778
2019092300,"Washington Redskins",5.2258064516129,4.78571428571429
2019092600,"Green Bay Packers",5.97142857142857,10
2019092600,"Philadelphia Eagles",4.875,10.6666666666667
2019092900,"Atlanta Falcons",6.08108108108108,14.8947368421053
2019092900,"Tennessee Titans",5.66666666666667,3.9
2019092901,"Baltimore Ravens",6.48,9.75
2019092901,"Cleveland Browns",4.28571428571429,13.5833333333333
2019092902,"Buffalo Bills",7.68181818181818,14.3181818181818
2019092902,"New England Patriots",3.33333333333333,12.0952380952381
2019092903,"Detroit Lions",8.23809523809524,18.5
2019092903,"Kansas City Chiefs",6.41666666666667,18.7894736842105
2019092904,"Carolina Panthers",3.84,20.5454545454545
2019092904,"Houston Texans",3.25,18.0714285714286
2019092905,"Indianapolis Colts",5.48148148148148,15.2727272727273
2019092905,"Oakland Raiders",4.14285714285714,8.9
2019092906,"Los Angeles Chargers",7.19230769230769,11
2019092906,"Miami Dolphins",4.21052631578947,9.28571428571429
2019092907,"New York Giants",3.08333333333333,8.63636363636364
2019092907,"Washington Redskins",3.73333333333333,16.2
2019092908,"Arizona Cardinals",4.33333333333333,10.4
2019092908,"Seattle Seahawks",6.21739130434783,11.2857142857143
2019092909,"Los Angeles Rams",6.15217391304348,9.76923076923077
2019092909,"Tampa Bay Buccaneers",7.71428571428571,13.0833333333333
2019092910,"Chicago Bears",7.08,4.6
2019092910,"Minnesota Vikings",4.55555555555556,9.3
2019092911,"Denver Broncos",6.13636363636364,11.375
2019092911,"Jacksonville Jaguars",7.38095238095238,16.2666666666667
2019092912,"Dallas Cowboys",7.82608695652174,10.8461538461538
2019092912,"New Orleans Saints",4.45833333333333,10.5714285714286
2019093000,"Cincinnati Bengals",4.33333333333333,8.41176470588235
2019093000,"Pittsburgh Steelers",1.88888888888889,12.8
2019100300,"Los Angeles Rams",6.73333333333333,10.25
2019100300,"Seattle Seahawks",10.7222222222222,11.1428571428571
2019100600,"Carolina Panthers",3.72222222222222,7.92857142857143
2019100600,"Jacksonville Jaguars",7.10344827586207,13.6842105263158
2019100601,"Arizona Cardinals",8.47619047619048,9.07142857142857
2019100601,"Cincinnati Bengals",5.60714285714286,9.84615384615385
2019100602,"Atlanta Falcons",5.84848484848485,12
2019100602,"Houston Texans",7.92857142857143,12.5714285714286
2019100603,"New Orleans Saints",7.35714285714286,6.125
2019100603,"Tampa Bay Buccaneers",7.1875,10.4166666666667
2019100604,"Minnesota Vikings",5.39130434782609,21.2
2019100604,"New York Giants",4.21739130434783,18.9444444444444
2019100605,"Chicago Bears",6.26086956521739,9.14285714285714
2019100605,"Oakland Raiders",3.12,3.25
2019100606,"New York Jets",2.53333333333333,10.5
2019100606,"Philadelphia Eagles",6.38095238095238,9.35714285714286
2019100607,"Baltimore Ravens",4.59090909090909,10
2019100607,"Pittsburgh Steelers",5.76190476190476,16.9230769230769
2019100608,"Buffalo Bills",3.91304347826087,5.125
2019100608,"Tennessee Titans",5.28571428571429,5.9
2019100609,"New England Patriots",7.03571428571429,11.1875
2019100609,"Washington Redskins",4.73684210526316,12.8888888888889
2019100610,"Denver Broncos",5.5,9.16666666666667
2019100610,"Los Angeles Chargers",2.3030303030303,9.88888888888889
2019100611,"Dallas Cowboys",12.2222222222222,10.9333333333333
2019100611,"Green Bay Packers",3.68181818181818,14.2352941176471
2019100612,"Indianapolis Colts",2.4,11.9285714285714
2019100612,"Kansas City Chiefs",9.63636363636364,16.4285714285714
2019100700,"Cleveland Browns",7.88888888888889,11
2019100700,"San Francisco 49ers",5.09523809523809,7.88888888888889
2019101000,"New England Patriots",5.61290322580645,10.5454545454545
2019101000,"New York Giants",5.3125,12.9230769230769
2019101300,"Carolina Panthers",6.6,13.3076923076923
2019101300,"Tampa Bay Buccaneers",8.54838709677419,14
2019101301,"Baltimore Ravens",5.23809523809524,11.9166666666667
2019101301,"Cincinnati Bengals",6.63636363636364,11.85
2019101302,"Cleveland Browns",6.57692307692308,14
2019101302,"Seattle Seahawks",6.95833333333333,11.3846153846154
2019101303,"Jacksonville Jaguars",4.78571428571429,10.3333333333333
2019101303,"New Orleans Saints",3.625,10.5
2019101304,"Houston Texans",3.625,19.6666666666667
2019101304,"Kansas City Chiefs",4.95454545454545,13.75
2019101305,"Miami Dolphins",2.89285714285714,9.47058823529412
2019101305,"Washington Redskins",8.76923076923077,8.84615384615385
2019101306,"Minnesota Vikings",9.5,21.2222222222222
2019101306,"Philadelphia Eagles",6.11538461538461,14.3846153846154
2019101307,"Arizona Cardinals",6.66666666666667,8.09090909090909
2019101307,"Atlanta Falcons",8.7,9.125
2019101308,"Los Angeles Rams",2.28571428571429,10.5
2019101308,"San Francisco 49ers",2.75,9.75
2019101309,"Denver Broncos",5.44444444444444,9.22222222222222
2019101309,"Tennessee Titans",7.14285714285714,12.8571428571429
2019101310,"Dallas Cowboys",6.41935483870968,14.5333333333333
2019101310,"New York Jets",6.66666666666667,15.6
2019101311,"Los Angeles Chargers",8.10714285714286,13.5882352941176
2019101311,"Pittsburgh Steelers",0.866666666666667,15.6666666666667
2019101400,"Detroit Lions",8.5,12.5
2019101400,"Green Bay Packers",7.91666666666667,13.2777777777778
2019101700,"Denver Broncos",5.57142857142857,14.875
2019101700,"Kansas City Chiefs",3.0952380952381,10.7272727272727
2019102000,"Atlanta Falcons",8.13636363636364,9.18181818181818
2019102000,"Los Angeles Rams",5.66666666666667,15.9375
2019102001,"Buffalo Bills",6.58823529411765,15.3636363636364
2019102001,"Miami Dolphins",8.83333333333333,12.3333333333333
2019102002,"Cincinnati Bengals",7,14.7272727272727
2019102002,"Jacksonville Jaguars",8.66666666666667,7.29411764705882
2019102003,"Detroit Lions",7.19354838709677,11.2631578947368
2019102003,"Minnesota Vikings",9.33333333333333,15
2019102004,"Green Bay Packers",7.96153846153846,14.875
2019102004,"Oakland Raiders",9.37037037037037,16.5
2019102005,"Houston Texans",7.91666666666667,6.44444444444444
2019102005,"Indianapolis Colts",5.57692307692308,11.5294117647059
2019102006,"Arizona Cardinals",2.73333333333333,12
2019102006,"New York Giants",6.5,9.93333333333333
2019102007,"San Francisco 49ers",7,10
2019102007,"Washington Redskins",4,5.5
2019102008,"Los Angeles Chargers",8.875,14.5294117647059
2019102008,"Tennessee Titans",7.16,6.8
2019102009,"Chicago Bears",3.52941176470588,10.9
2019102009,"New Orleans Saints",6.82608695652174,8.6
2019102010,"Baltimore Ravens",11.7777777777778,8.63636363636364
2019102010,"Seattle Seahawks",8.85,14.7727272727273
2019102011,"Dallas Cowboys",8.13636363636364,7.33333333333333
2019102011,"Philadelphia Eagles",7.52941176470588,20.5454545454545
2019102100,"New England Patriots",4.06451612903226,7.6
2019102100,"New York Jets",6,16.7619047619048
2019102400,"Minnesota Vikings",4.21739130434783,-0.666666666666667
2019102400,"Washington Redskins",6.06666666666667,8.83333333333333
2019102700,"Atlanta Falcons",6.1,10.3846153846154
2019102700,"Seattle Seahawks",8.2,18.25
2019102701,"Buffalo Bills",5.625,12.6111111111111
2019102701,"Philadelphia Eagles",3.61111111111111,7.875
2019102702,"Chicago Bears",7.17391304347826,12.7142857142857
2019102702,"Los Angeles Chargers",7.57142857142857,11.4444444444444
2019102703,"Detroit Lions",9.84,18.1666666666667
2019102703,"New York Giants",7.13333333333333,10.4666666666667
2019102704,"Houston Texans",6.40740740740741,7.64285714285714
2019102704,"Oakland Raiders",6.52631578947368,14.6666666666667
2019102705,"Jacksonville Jaguars",6,7
2019102705,"New York Jets",5.875,12.4285714285714
2019102706,"Cincinnati Bengals",6.53125,10.952380952381
2019102706,"Los Angeles Rams",8.57894736842105,11.4666666666667
2019102707,"Arizona Cardinals",7,10.4
2019102707,"New Orleans Saints",4.38888888888889,9
2019102708,"Tampa Bay Buccaneers",10.952380952381,11.9545454545455
2019102708,"Tennessee Titans",5.57142857142857,18.3333333333333
2019102709,"Carolina Panthers",3.7,14.25
2019102709,"San Francisco 49ers",4.36842105263158,9.75
2019102710,"Denver Broncos",3.45454545454545,10.4666666666667
2019102710,"Indianapolis Colts",7.46666666666667,8.5
2019102711,"Cleveland Browns",6.52173913043478,14.5454545454545
2019102711,"New England Patriots",7.45,7.33333333333333
2019102712,"Green Bay Packers",5.17391304347826,15.1818181818182
2019102712,"Kansas City Chiefs",4.16666666666667,8.30769230769231
2019102800,"Miami Dolphins",6.14285714285714,9.54545454545454
2019102800,"Pittsburgh Steelers",7.60869565217391,21.5625
2019103100,"Arizona Cardinals",2.33333333333333,11.3333333333333
2019103100,"San Francisco 49ers",6.39285714285714,8.7
2019110300,"Houston Texans",4.60869565217391,13.8888888888889
2019110300,"Jacksonville Jaguars",6.60714285714286,10.1111111111111
2019110301,"Buffalo Bills",5.07142857142857,21.6666666666667
2019110301,"Washington Redskins",4.4,11.1428571428571
2019110302,"Carolina Panthers",9.61111111111111,15.6428571428571
2019110302,"Tennessee Titans",6.42857142857143,17.9285714285714
2019110303,"Kansas City Chiefs",8.84,6.6
2019110303,"Minnesota Vikings",4.71428571428571,9.65
2019110304,"Miami Dolphins",7.24,14.0714285714286
2019110304,"New York Jets",4.96666666666667,11.4545454545455
2019110305,"Chicago Bears",7.4,13.7272727272727
2019110305,"Philadelphia Eagles",4.46153846153846,13.625
2019110306,"Indianapolis Colts",6.47619047619048,6.45454545454545
2019110306,"Pittsburgh Steelers",3.03846153846154,13.3333333333333
2019110307,"Detroit Lions",10.3461538461538,12.4705882352941
2019110307,"Oakland Raiders",8.42857142857143,6.92307692307692
2019110308,"Seattle Seahawks",7.53333333333333,14.4117647058824
2019110308,"Tampa Bay Buccaneers",8.20689655172414,14.6111111111111
2019110309,"Cleveland Browns",2.53571428571429,7.625
2019110309,"Denver Broncos",7.25,10.3
2019110310,"Green Bay Packers",3.1304347826087,18.9166666666667
2019110310,"Los Angeles Chargers",6.63636363636364,11.375
2019110311,"Baltimore Ravens",3.05882352941176,10.4285714285714
2019110311,"New England Patriots",4.67741935483871,9.86666666666667
2019110400,"Dallas Cowboys",5.75,21
2019110400,"New York Giants",3.14814814814815,8.86666666666667
2019110700,"Los Angeles Chargers",7.1,16.2142857142857
2019110700,"Oakland Raiders",4.80952380952381,10.9166666666667
2019111000,"Chicago Bears",6.76470588235294,15.5
2019111000,"Detroit Lions",6.06666666666667,9.33333333333333
2019111001,"Baltimore Ravens",9.77777777777778,10
2019111001,"Cincinnati Bengals",5,11.5714285714286
2019111002,"Buffalo Bills",8.09090909090909,14.4761904761905
2019111002,"Cleveland Browns",4.46153846153846,10.4666666666667
2019111003,"Carolina Panthers",6.41379310344828,10.8666666666667
2019111003,"Green Bay Packers",6.78947368421053,16.625
2019111004,"Atlanta Falcons",4.61904761904762,9.11764705882353
2019111004,"New Orleans Saints",4.34285714285714,9.35714285714286
2019111005,"New York Giants",4.96153846153846,7.25
2019111005,"New York Jets",6.35,15.5384615384615
2019111006,"Arizona Cardinals",7.60714285714286,21.8333333333333
2019111006,"Tampa Bay Buccaneers",5.58064516129032,15.6666666666667
2019111007,"Kansas City Chiefs",5.28947368421053,15.5
2019111007,"Tennessee Titans",10,20.1666666666667
2019111008,"Indianapolis Colts",6.05555555555556,13.8333333333333
2019111008,"Miami Dolphins",3.45454545454545,9.33333333333333
2019111009,"Los Angeles Rams",7,6.57894736842105
2019111009,"Pittsburgh Steelers",6.22727272727273,7.16666666666667
2019111010,"Dallas Cowboys",10.6785714285714,12.3888888888889
2019111010,"Minnesota Vikings",3.04166666666667,11.5
2019111100,"San Francisco 49ers",3.38461538461538,12.6666666666667
2019111100,"Seattle Seahawks",3.54166666666667,10
2019111400,"Cleveland Browns",7.35294117647059,10.8823529411765
2019111400,"Pittsburgh Steelers",4,16.5217391304348
2019111700,"Baltimore Ravens",4.45454545454545,19.6666666666667
2019111700,"Houston Texans",4.77777777777778,13.5
2019111701,"Atlanta Falcons",10.2608695652174,4.63636363636364
2019111701,"Carolina Panthers",5.5,9.06666666666667
2019111702,"Dallas Cowboys",7.6,13.1764705882353
2019111702,"Detroit Lions",10.3125,11.3333333333333
2019111703,"Indianapolis Colts",4.375,14.3
2019111703,"Jacksonville Jaguars",5.05555555555556,18.1538461538462
2019111704,"Buffalo Bills",7.19047619047619,12.7142857142857
2019111704,"Miami Dolphins",5.84375,8.93333333333333
2019111705,"Denver Broncos",10.05,8.73913043478261
2019111705,"Minnesota Vikings",6.96774193548387,12.8571428571429
2019111706,"New Orleans Saints",3.20689655172414,8.57142857142857
2019111706,"Tampa Bay Buccaneers",6.90625,10.7
2019111707,"New York Jets",10.047619047619,10.3636363636364
2019111707,"Washington Redskins",9.05,8.2
2019111708,"Arizona Cardinals",2.84615384615385,11.6666666666667
2019111708,"San Francisco 49ers",4.81081081081081,10.1666666666667
2019111709,"Cincinnati Bengals",4.42857142857143,6.61111111111111
2019111709,"Oakland Raiders",6.5,5.66666666666667
2019111710,"New England Patriots",3.59259259259259,11.9090909090909
2019111710,"Philadelphia Eagles",7.52380952380952,13.6666666666667
2019111711,"Chicago Bears",4.07692307692308,10.952380952381
2019111711,"Los Angeles Rams",10.3076923076923,12.8333333333333
2019111800,"Kansas City Chiefs",5.08695652173913,11.0769230769231
2019111800,"Los Angeles Chargers",5.82142857142857,11.36
2019112100,"Houston Texans",12.4,18
2019112100,"Indianapolis Colts",2.5625,15.2222222222222
2019112400,"Atlanta Falcons",8,10.9285714285714
2019112400,"Tampa Bay Buccaneers",10.8947368421053,8.44444444444444
2019112401,"Buffalo Bills",7.46666666666667,5.88888888888889
2019112401,"Denver Broncos",2.63636363636364,7.14285714285714
2019112402,"Chicago Bears",6.80769230769231,11.4285714285714
2019112402,"New York Giants",4.23809523809524,10.3529411764706
2019112403,"Cincinnati Bengals",10.5833333333333,11.8823529411765
2019112403,"Pittsburgh Steelers",7.38461538461539,12.5625
2019112404,"Cleveland Browns",7.8,12.3846153846154
2019112404,"Miami Dolphins",6.38095238095238,11.5294117647059
2019112405,"Carolina Panthers",4.54166666666667,10
2019112405,"New Orleans Saints",6.7741935483871,18.3
2019112406,"New York Jets",5.54545454545455,10.5555555555556
2019112406,"Oakland Raiders",2.47368421052632,10.7857142857143
2019112407,"Detroit Lions",6,9.83333333333333
2019112407,"Washington Redskins",8.38461538461539,17
2019112408,"Jacksonville Jaguars",4.3030303030303,16.0555555555556
2019112408,"Tennessee Titans",5.28571428571429,16
2019112409,"Dallas Cowboys",3.71428571428571,9.53333333333333
2019112409,"New England Patriots",8.41176470588235,11.7142857142857
2019112410,"Green Bay Packers",-0.291666666666667,15.1666666666667
2019112410,"San Francisco 49ers",7.2,1.33333333333333
2019112411,"Philadelphia Eagles",4.60606060606061,8.1
2019112411,"Seattle Seahawks",8.66666666666667,19.3846153846154
2019112500,"Baltimore Ravens",8.875,6.22222222222222
2019112500,"Los Angeles Rams",4.33333333333333,16.9090909090909
2019112800,"Chicago Bears",8,10.75
2019112800,"Detroit Lions",7.39130434782609,10.4
2019112801,"Buffalo Bills",6.45,21.1428571428571
2019112801,"Dallas Cowboys",7.28125,10.5
2019112802,"Atlanta Falcons",6.37142857142857,11.25
2019112802,"New Orleans Saints",4.16666666666667,7.53846153846154
2019120100,"Baltimore Ravens",5.64285714285714,12.6
2019120100,"San Francisco 49ers",6.35294117647059,9.14285714285714
2019120101,"Carolina Panthers",6.48148148148148,13.1111111111111
2019120101,"Washington Redskins",7.76923076923077,10
2019120102,"Cincinnati Bengals",5.09090909090909,11.6875
2019120102,"New York Jets",5.13793103448276,10.2
2019120103,"Indianapolis Colts",6.51851851851852,8.46153846153846
2019120103,"Tennessee Titans",6.35294117647059,9.83333333333333
2019120104,"Jacksonville Jaguars",4.79166666666667,6.22222222222222
2019120104,"Tampa Bay Buccaneers",7.52380952380952,15.3333333333333
2019120105,"Kansas City Chiefs",5.75,11.7647058823529
2019120105,"Oakland Raiders",4.19047619047619,6.625
2019120106,"Miami Dolphins",9.3,8.5625
2019120106,"Philadelphia Eagles",7.39285714285714,15.5555555555556
2019120107,"Green Bay Packers",7.52380952380952,10.75
2019120107,"New York Giants",7.47619047619048,5.2
2019120108,"Arizona Cardinals",3.36842105263158,7.5
2019120108,"Los Angeles Rams",4.79411764705882,5.46153846153846
2019120109,"Denver Broncos",4.42105263157895,12.9
2019120109,"Los Angeles Chargers",7.47619047619048,6.125
2019120110,"Cleveland Browns",5.84210526315789,16.75
2019120110,"Pittsburgh Steelers",8.2,15.4285714285714
2019120111,"Houston Texans",6.47368421052632,10.1111111111111
2019120111,"New England Patriots",8.48148148148148,13.25
2019120200,"Minnesota Vikings",4.68181818181818,12.375
2019120200,"Seattle Seahawks",4.33333333333333,17.5555555555556
2019120500,"Chicago Bears",4.08695652173913,13.4
2019120500,"Dallas Cowboys",10.0740740740741,10.9545454545455
2019120800,"Atlanta Falcons",8.8,11.1333333333333
2019120800,"Carolina Panthers",3.75862068965517,18.3846153846154
2019120801,"Baltimore Ravens",2.5625,12.75
2019120801,"Buffalo Bills",3.58823529411765,15.24
2019120802,"Cincinnati Bengals",5.625,10.3333333333333
2019120802,"Cleveland Browns",5.83333333333333,10.7272727272727
2019120803,"Green Bay Packers",6.05555555555556,11
2019120803,"Washington Redskins",5.25,15.2727272727273
2019120804,"Denver Broncos",5.40909090909091,9
2019120804,"Houston Texans",4.71428571428571,13.4
2019120805,"Detroit Lions",5.73076923076923,6.375
2019120805,"Minnesota Vikings",5.24,12.1428571428571
2019120806,"New Orleans Saints",5.36666666666667,8.07692307692308
2019120806,"San Francisco 49ers",7.18518518518519,4.5
2019120807,"Miami Dolphins",8.71428571428571,10.7777777777778
2019120807,"New York Jets",6.85,16.2352941176471
2019120808,"Indianapolis Colts",6.76190476190476,14.9411764705882
2019120808,"Tampa Bay Buccaneers",7.91428571428571,8.18181818181818
2019120809,"Jacksonville Jaguars",4.04,8.93333333333333
2019120809,"Los Angeles Chargers",5.84210526315789,16.8888888888889
2019120810,"Arizona Cardinals",4.55,9.625
2019120810,"Pittsburgh Steelers",4.875,10.8
2019120811,"Kansas City Chiefs",4.44444444444444,8.25
2019120811,"New England Patriots",4.8,11.3684210526316
2019120812,"Oakland Raiders",5.61538461538461,10.5
2019120812,"Tennessee Titans",9.13636363636364,16.8333333333333
2019120813,"Los Angeles Rams",7.86363636363636,10.1111111111111
2019120813,"Seattle Seahawks",6.95652173913043,14
2019120900,"New York Giants",8,9.6
2019120900,"Philadelphia Eagles",4.79411764705882,10.4736842105263
2019121200,"Baltimore Ravens",9.625,15.8
2019121200,"New York Jets",6.42105263157895,9.46153846153846
2019121500,"Carolina Panthers",3.08,11.2857142857143
2019121500,"Seattle Seahawks",9.1,16.3333333333333
2019121501,"Cincinnati Bengals",4.11111111111111,8.66666666666667
2019121501,"New England Patriots",2.875,8.8
2019121502,"Detroit Lions",7.95833333333333,7.94117647058824
2019121502,"Tampa Bay Buccaneers",9.5,15.3076923076923
2019121503,"Chicago Bears",7.36666666666667,12.3636363636364
2019121503,"Green Bay Packers",5.75,12.5294117647059
2019121504,"Denver Broncos",3.16666666666667,8.5
2019121504,"Kansas City Chiefs",10.1851851851852,12
2019121505,"Miami Dolphins",6.33333333333333,10.6842105263158
2019121505,"New York Giants",8.82608695652174,15
2019121506,"Buffalo Bills",9.46153846153846,8.27272727272727
2019121506,"Pittsburgh Steelers",5.1304347826087,10.7272727272727
2019121507,"Houston Texans",7.78947368421053,16.5
2019121507,"Tennessee Titans",7.40909090909091,15.4666666666667
2019121508,"Philadelphia Eagles",2.53333333333333,10.875
2019121508,"Washington Redskins",6.15789473684211,9.3
2019121509,"Arizona Cardinals",4.52631578947368,15.6666666666667
2019121509,"Cleveland Browns",3.90322580645161,12.2857142857143
2019121510,"Jacksonville Jaguars",6.11764705882353,12.6428571428571
2019121510,"Oakland Raiders",4.30434782608696,11.6875
2019121511,"Dallas Cowboys",4.2,8.22222222222222
2019121511,"Los Angeles Rams",3.83333333333333,11.6315789473684
2019121512,"Atlanta Falcons",4.16,11.9375
2019121512,"San Francisco 49ers",2.36363636363636,7.23076923076923
2019121513,"Los Angeles Chargers",6.60714285714286,9.625
2019121513,"Minnesota Vikings",7.36842105263158,15.1428571428571
2019121600,"Indianapolis Colts",5.05263157894737,14.5263157894737
2019121600,"New Orleans Saints",6.96666666666667,17.75
2019122100,"Houston Texans",5.84210526315789,5.8
2019122100,"Tampa Bay Buccaneers",10.08,16.7
2019122101,"Buffalo Bills",10.4615384615385,13.9230769230769
2019122101,"New England Patriots",4.79310344827586,6.375
2019122102,"Los Angeles Rams",6.22222222222222,7.05555555555556
2019122102,"San Francisco 49ers",8.125,5.44444444444444
2019122200,"Denver Broncos",3.51724137931034,14.3333333333333
2019122200,"Detroit Lions",5.07692307692308,15.9166666666667
2019122201,"Los Angeles Chargers",3.67857142857143,10.1333333333333
2019122201,"Oakland Raiders",4.57692307692308,3.25
2019122205,"Atlanta Falcons",8.1875,6.18181818181818
2019122205,"Jacksonville Jaguars",6.53333333333333,9
2019122206,"Baltimore Ravens",6.28571428571429,10.6363636363636
2019122206,"Cleveland Browns",5.55,11.8
2019122207,"Carolina Panthers",2.25,16.1428571428571
2019122207,"Indianapolis Colts",6,15.3571428571429
2019122208,"Cincinnati Bengals",8.6969696969697,12.9583333333333
2019122208,"Miami Dolphins",9.45161290322581,9.04545454545454
2019122209,"New York Jets",4.9375,13.8181818181818
2019122209,"Pittsburgh Steelers",4.88,15.3636363636364
2019122210,"New Orleans Saints",5,11.0666666666667
2019122210,"Tennessee Titans",7.77777777777778,10.1
2019122211,"New York Giants",7.41379310344828,11.5714285714286
2019122211,"Washington Redskins",6.63333333333333,12.1818181818182
2019122212,"Dallas Cowboys",7.48,14.5263157894737
2019122212,"Philadelphia Eagles",3.6875,9
2019122213,"Arizona Cardinals",4.73333333333333,12.5833333333333
2019122213,"Seattle Seahawks",3.6875,17.2
2019122214,"Chicago Bears",3.63157894736842,12.7894736842105
2019122214,"Kansas City Chiefs",6.04,9.27272727272727
2019122300,"Green Bay Packers",2.73076923076923,13.5714285714286
2019122300,"Minnesota Vikings",6.11764705882353,9.33333333333333
2019122900,"Baltimore Ravens",4.18181818181818,8.4
2019122900,"Pittsburgh Steelers",2.22222222222222,7.35294117647059
2019122901,"Buffalo Bills",5.77272727272727,10.5294117647059
2019122901,"New York Jets",4.91304347826087,8.5
2019122902,"Carolina Panthers",5.34615384615385,11.4545454545455
2019122902,"New Orleans Saints",4.6,11.2307692307692
2019122903,"Cincinnati Bengals",6.75,7.75
2019122903,"Cleveland Browns",18,8.83333333333333
2019122904,"Dallas Cowboys",7,4.5
2019122904,"Washington Redskins",5.61111111111111,7.7
2019122905,"Detroit Lions",7.53846153846154,10.8421052631579
2019122905,"Green Bay Packers",6.82142857142857,20.8214285714286
2019122906,"Houston Texans",4.52380952380952,14.1428571428571
2019122906,"Tennessee Titans",10.0714285714286,20.4285714285714
2019122907,"Indianapolis Colts",5.25,10.3076923076923
2019122907,"Jacksonville Jaguars",6.14285714285714,7
2019122908,"Kansas City Chiefs",6.4375,7.88888888888889
2019122908,"Los Angeles Chargers",3.58064516129032,11.3125
2019122909,"Chicago Bears",4,10
2019122909,"Minnesota Vikings",5,4.125
2019122910,"Miami Dolphins",6.89655172413793,14.375
2019122910,"New England Patriots",7.83333333333333,13.8571428571429
2019122911,"New York Giants",8.28571428571429,14.25
2019122911,"Philadelphia Eagles",8,8.88888888888889
2019122912,"Atlanta Falcons",6.12903225806452,5.54545454545455
2019122912,"Tampa Bay Buccaneers",10.2142857142857,12.7
2019122913,"Denver Broncos",5.72222222222222,10.9230769230769
2019122913,"Oakland Raiders",6.36666666666667,6.77777777777778
2019122914,"Arizona Cardinals",7.3448275862069,12.5555555555556
2019122914,"Los Angeles Rams",6.75862068965517,9.94444444444444
2019122915,"San Francisco 49ers",6.94736842105263,2.75
2019122915,"Seattle Seahawks",6.76923076923077,8.16666666666667
2020091000,"Houston Texans",6.05,12.9090909090909
2020091000,"Kansas City Chiefs",3.25,9.44444444444444
2020091300,"Atlanta Falcons",8.89473684210526,8.88235294117647
2020091300,"Seattle Seahawks",5.03125,16.8
2020091301,"Baltimore Ravens",9.81818181818182,10
2020091301,"Cleveland Browns",7.38095238095238,13.1818181818182
2020091302,"Buffalo Bills",5.3030303030303,10.7058823529412
2020091302,"New York Jets",3.76190476190476,13.6428571428571
2020091303,"Carolina Panthers",6,13.3076923076923
2020091303,"Las Vegas Raiders",3.68181818181818,11.4
2020091304,"Chicago Bears",8.05,11.75
2020091304,"Detroit Lions",7,10.2380952380952
2020091305,"Indianapolis Colts",4.19444444444444,14.1
2020091305,"Jacksonville Jaguars",3.94736842105263,24
2020091306,"Green Bay Packers",6.53125,18.0769230769231
2020091306,"Minnesota Vikings",9.8421052631579,12.8
2020091307,"Miami Dolphins",6.6,13.7
2020091307,"New England Patriots",4.46666666666667,10.4
2020091308,"Philadelphia Eagles",6.54166666666667,21.1875
2020091308,"Washington Football Team",4.88235294117647,11.7857142857143
2020091309,"Cincinnati Bengals",4.70833333333333,15.1666666666667
2020091309,"Los Angeles Chargers",7.52941176470588,15.5
2020091310,"New Orleans Saints",4.31578947368421,9.07692307692308
2020091310,"Tampa Bay Buccaneers",6.47826086956522,14.4666666666667
2020091311,"Arizona Cardinals",3.73076923076923,9.86666666666667
2020091311,"San Francisco 49ers",5.15789473684211,8.71428571428571
2020091312,"Dallas Cowboys",6.96296296296296,9
2020091312,"Los Angeles Rams",3.80952380952381,5.1
2020091400,"New York Giants",6.77777777777778,5.46666666666667
2020091400,"Pittsburgh Steelers",5.90476190476191,8.81818181818182
2020091401,"Denver Broncos",3.77272727272727,20
2020091401,"Tennessee Titans",4.93333333333333,8.66666666666667
2020091700,"Cincinnati Bengals",5.15789473684211,12.04
2020091700,"Cleveland Browns",9.125,6.66666666666667
2020092000,"Chicago Bears",6.61111111111111,10.625
2020092000,"New York Giants",6.30769230769231,6.53333333333333
2020092001,"Atlanta Falcons",7,15.6
2020092001,"Dallas Cowboys",7.20588235294118,8.5625
2020092002,"Detroit Lions",5.3,13.5454545454545
2020092002,"Green Bay Packers",7.05,13
2020092003,"Indianapolis Colts",5.15,19.1428571428571
2020092003,"Minnesota Vikings",9.38461538461539,9.35714285714286
2020092004,"Buffalo Bills",10.4,9.08333333333333
2020092004,"Miami Dolphins",6.67741935483871,7.11764705882353
2020092005,"New York Jets",4.63636363636364,8.69230769230769
2020092005,"San Francisco 49ers",3.47826086956522,11.8
2020092006,"Los Angeles Rams",7.52380952380952,8.125
2020092006,"Philadelphia Eagles",5.03846153846154,7.9375
2020092007,"Denver Broncos",11.3157894736842,13.4583333333333
2020092007,"Pittsburgh Steelers",4.93103448275862,6.72727272727273
2020092008,"Carolina Panthers",6.60606060606061,8.44444444444444
2020092008,"Tampa Bay Buccaneers",4.65217391304348,11.4285714285714
2020092009,"Jacksonville Jaguars",8.1,11.1538461538462
2020092009,"Tennessee Titans",8.33333333333333,9.55555555555556
2020092010,"Arizona Cardinals",6.07142857142857,15.3333333333333
2020092010,"Washington Football Team",4.5,13.3125
2020092011,"Baltimore Ravens",5.61111111111111,14.8333333333333
2020092011,"Houston Texans",6.52,11.3636363636364
2020092012,"Kansas City Chiefs",7.35714285714286,10.5454545454545
2020092012,"Los Angeles Chargers",5.72727272727273,13.2307692307692
2020092013,"New England Patriots",9.03333333333333,7.35714285714286
2020092013,"Seattle Seahawks",7.27272727272727,16.4285714285714
2020092100,"Las Vegas Raiders",4.89285714285714,15.4285714285714
2020092100,"New Orleans Saints",3.96296296296296,8.09090909090909
2020092400,"Jacksonville Jaguars",3.80645161290323,15.1538461538462
2020092400,"Miami Dolphins",6.33333333333333,11
2020092700,"Atlanta Falcons",8.47368421052632,13
2020092700,"Chicago Bears",5.6551724137931,17.1363636363636
2020092701,"Buffalo Bills",6.38461538461539,12.5
2020092701,"Los Angeles Rams",7.26086956521739,1
2020092702,"Cleveland Browns",5.625,14.1428571428571
2020092702,"Washington Football Team",4,9.91666666666667
2020092703,"Minnesota Vikings",8.125,5.9
2020092703,"Tennessee Titans",10.1304347826087,7.76923076923077
2020092704,"Las Vegas Raiders",6,13
2020092704,"New England Patriots",2.11764705882353,7.63636363636364
2020092705,"New York Giants",8.23529411764706,10.6875
2020092705,"San Francisco 49ers",7.77777777777778,7.45454545454545
2020092706,"Cincinnati Bengals",6.0625,15.4285714285714
2020092706,"Philadelphia Eagles",4.17241379310345,14
2020092707,"Houston Texans",9.57894736842105,10.4285714285714
2020092707,"Pittsburgh Steelers",4.21739130434783,17.3125
2020092708,"Indianapolis Colts",6.05263157894737,6.125
2020092708,"New York Jets",2.70588235294118,11.7272727272727
2020092709,"Carolina Panthers",4.5,6.5
2020092709,"Los Angeles Chargers",5.07894736842105,10.7692307692308
2020092710,"Arizona Cardinals",6.56521739130435,14.0909090909091
2020092710,"Detroit Lions",7.34782608695652,14
2020092711,"Denver Broncos",5.23076923076923,9.64285714285714
2020092711,"Tampa Bay Buccaneers",7.44,9.28571428571429
2020092712,"Dallas Cowboys",7.47368421052632,7.38888888888889
2020092712,"Seattle Seahawks",8.92592592592593,12
2020092713,"Green Bay Packers",6.28571428571429,13.6428571428571
2020092713,"New Orleans Saints",3.93548387096774,3.375
2020092800,"Baltimore Ravens",4,14.3571428571429
2020092800,"Kansas City Chiefs",6.67741935483871,11.8333333333333
2020100100,"Denver Broncos",9.57894736842105,13.7857142857143
2020100100,"New York Jets",7.12,14.95
2020100400,"Arizona Cardinals",2.91666666666667,16.7777777777778
2020100400,"Carolina Panthers",3.96153846153846,12.0769230769231
2020100401,"Chicago Bears",6.84615384615385,13.2941176470588
2020100401,"Indianapolis Colts",7.3125,10.4666666666667
2020100402,"Cincinnati Bengals",7.15384615384615,21.0909090909091
2020100402,"Jacksonville Jaguars",7.59259259259259,9.21428571428571
2020100403,"Cleveland Browns",7.9,13.25
2020100403,"Dallas Cowboys",6.51219512195122,15
2020100404,"Detroit Lions",7.70588235294118,16.4
2020100404,"New Orleans Saints",8.21052631578947,14.4
2020100405,"Houston Texans",9.9,8.13333333333333
2020100405,"Minnesota Vikings",10.375,19.5714285714286
2020100406,"Miami Dolphins",6.03448275862069,10.6666666666667
2020100406,"Seattle Seahawks",8,11.8
2020100407,"Los Angeles Chargers",6.42857142857143,11.1666666666667
2020100407,"Tampa Bay Buccaneers",8.66666666666667,11.4117647058824
2020100409,"Baltimore Ravens",10.2666666666667,26.3333333333333
2020100409,"Washington Football Team",3.39393939393939,7.07692307692308
2020100410,"Los Angeles Rams",3.28,16.2857142857143
2020100410,"New York Giants",3.1304347826087,10.3333333333333
2020100412,"Buffalo Bills",8.79166666666667,0.727272727272727
2020100412,"Las Vegas Raiders",6.85714285714286,11.0769230769231
2020100413,"Philadelphia Eagles",5.10526315789474,8.5
2020100413,"San Francisco 49ers",5.3125,7.5
2020100500,"Atlanta Falcons",6.21428571428571,18.6666666666667
2020100500,"Green Bay Packers",5.7037037037037,25.4285714285714
2020100501,"Kansas City Chiefs",4.42105263157895,15.5454545454545
2020100501,"New England Patriots",5.15,10
2020100800,"Chicago Bears",4.74193548387097,15.9230769230769
2020100800,"Tampa Bay Buccaneers",5.46428571428571,14.2222222222222
2020101100,"Atlanta Falcons",6.76190476190476,9.13333333333333
2020101100,"Carolina Panthers",5,8.7
2020101101,"Baltimore Ravens",5.05263157894737,12.7777777777778
2020101101,"Cincinnati Bengals",5.15789473684211,11.4545454545455
2020101102,"Houston Texans",8.92,11.25
2020101102,"Jacksonville Jaguars",4.61290322580645,9.75
2020101103,"Kansas City Chiefs",10.2,12.0952380952381
2020101103,"Las Vegas Raiders",7.54545454545455,10.9
2020101105,"Arizona Cardinals",8.44444444444444,10.7272727272727
2020101105,"New York Jets",5.55555555555556,12.4736842105263
2020101106,"Philadelphia Eagles",10.1428571428571,15.8571428571429
2020101106,"Pittsburgh Steelers",4.41379310344828,16.25
2020101108,"Los Angeles Rams",5.57142857142857,6.4
2020101108,"Washington Football Team",0.5,11
2020101109,"Miami Dolphins",9.5,12
2020101109,"San Francisco 49ers",4.88235294117647,10.3
2020101110,"Cleveland Browns",8.36363636363636,9.07142857142857
2020101110,"Indianapolis Colts",6,10.8181818181818
2020101111,"Dallas Cowboys",7.70833333333333,5.75
2020101111,"New York Giants",6.47826086956522,6.93333333333333
2020101112,"Minnesota Vikings",5.66666666666667,10.5833333333333
2020101112,"Seattle Seahawks",7.15,20.25
2020101200,"Los Angeles Chargers",7.76190476190476,14.8666666666667
2020101200,"New Orleans Saints",6.81818181818182,5.6
2020101300,"Buffalo Bills",7.96666666666667,10.5333333333333
2020101300,"Tennessee Titans",5.68181818181818,7.77777777777778
2020101800,"Carolina Panthers",8,10.3846153846154
2020101800,"Chicago Bears",4.625,9.06666666666667
2020101801,"Cincinnati Bengals",7.32,11.1538461538462
2020101801,"Indianapolis Colts",6.59375,8
2020101802,"Detroit Lions",7.45,13.3571428571429
2020101802,"Jacksonville Jaguars",5.24,13.3157894736842
2020101803,"Atlanta Falcons",6.45161290322581,7
2020101803,"Minnesota Vikings",7.92857142857143,9.88888888888889
2020101804,"New York Giants",6.16666666666667,10.5714285714286
2020101804,"Washington Football Team",4.2258064516129,8.41666666666667
2020101805,"Baltimore Ravens",6,7.75
2020101805,"Philadelphia Eagles",6.59090909090909,12.9047619047619
2020101806,"Cleveland Browns",5.47058823529412,4
2020101806,"Pittsburgh Steelers",6.8125,12.5555555555556
2020101807,"Houston Texans",7.96428571428571,12.7272727272727
2020101807,"Tennessee Titans",6.93333333333333,6.83333333333333
2020101810,"Green Bay Packers",4.9375,11.2222222222222
2020101810,"Tampa Bay Buccaneers",5.52941176470588,14.9166666666667
2020101811,"Los Angeles Rams",7.52631578947368,18.15
2020101811,"San Francisco 49ers",1.95652173913043,9.72727272727273
2020101812,"Denver Broncos",13.9,15.1538461538462
2020101812,"New England Patriots",3.10526315789474,14.1666666666667
2020101813,"Miami Dolphins",4.25,11
2020101813,"New York Jets",4.18181818181818,12.8260869565217
2020101900,"Arizona Cardinals",7.3,11
2020101900,"Dallas Cowboys",3.17142857142857,9.13636363636364
2020101901,"Buffalo Bills",5.42857142857143,15.0666666666667
2020101901,"Kansas City Chiefs",5.76190476190476,8
2020102200,"New York Giants",4.31818181818182,12.3333333333333
2020102200,"Philadelphia Eagles",9.76,6.95
2020102500,"Atlanta Falcons",7.875,6.61538461538461
2020102500,"Detroit Lions",10.4,7
2020102502,"Cincinnati Bengals",5.63888888888889,19
2020102502,"Cleveland Browns",8.78260869565217,10.6666666666667
2020102503,"Green Bay Packers",5.04347826086957,10.6363636363636
2020102503,"Houston Texans",6.06451612903226,7.18181818181818
2020102505,"Carolina Panthers",4.20833333333333,15
2020102505,"New Orleans Saints",5,4.66666666666667
2020102506,"Buffalo Bills",5.06451612903226,12.8571428571429
2020102506,"New York Jets",6.46153846153846,8.76923076923077
2020102507,"Dallas Cowboys",5.63636363636364,8.63636363636364
2020102507,"Washington Football Team",8.26666666666667,7.33333333333333
2020102508,"Arizona Cardinals",5.44117647058824,12.6666666666667
2020102508,"Seattle Seahawks",6.76470588235294,12.6428571428571
2020102509,"Denver Broncos",3.75,11.2142857142857
2020102509,"Kansas City Chiefs",4.82352941176471,10.5
2020102510,"New England Patriots",6.9375,6.75
2020102510,"San Francisco 49ers",4.65,1
2020102511,"Las Vegas Raiders",6.125,14.9166666666667
2020102511,"Tampa Bay Buccaneers",7.12121212121212,13.8571428571429
2020102512,"Pittsburgh Steelers",3.23529411764706,9.125
2020102512,"Tennessee Titans",6.22222222222222,11
2020102513,"Jacksonville Jaguars",7.5,11.3076923076923
2020102513,"Los Angeles Chargers",5.42857142857143,14.5
2020102600,"Chicago Bears",5.32142857142857,27.2727272727273
2020102600,"Los Angeles Rams",4.34782608695652,16.6666666666667
2020102900,"Atlanta Falcons",9.09523809523809,4.88888888888889
2020102900,"Carolina Panthers",6.23529411764706,10.25
2020110100,"Buffalo Bills",6.45454545454545,15.5
2020110100,"New England Patriots",6.22222222222222,6.1
2020110101,"Cincinnati Bengals",6.51851851851852,8.5
2020110101,"Tennessee Titans",8.83333333333333,9.45454545454546
2020110102,"Cleveland Browns",4,11.1538461538462
2020110102,"Las Vegas Raiders",3.4,9.88888888888889
2020110103,"Detroit Lions",8.08333333333333,11.5555555555556
2020110103,"Indianapolis Colts",5.17391304347826,12.5
2020110104,"Green Bay Packers",5.75862068965517,10.9375
2020110104,"Minnesota Vikings",2.83333333333333,5.6
2020110105,"Kansas City Chiefs",6.65714285714286,14.1666666666667
2020110105,"New York Jets",3.27777777777778,11.3846153846154
2020110106,"Los Angeles Rams",4.78378378378378,8.83333333333333
2020110106,"Miami Dolphins",3.83333333333333,7.2
2020110108,"Chicago Bears",7.42857142857143,8.76923076923077
2020110108,"New Orleans Saints",3.58064516129032,9.66666666666667
2020110109,"San Francisco 49ers",7.17241379310345,6.41666666666667
2020110109,"Seattle Seahawks",4.92592592592593,13.1818181818182
2020110110,"Dallas Cowboys",2.85714285714286,13.05
2020110110,"Philadelphia Eagles",6.25,13.3076923076923
2020110111,"Baltimore Ravens",9.35714285714286,6.42857142857143
2020110111,"Pittsburgh Steelers",4.23809523809524,15.2857142857143
2020110112,"Denver Broncos",5.11111111111111,10.375
2020110112,"Los Angeles Chargers",4.75862068965517,8.07692307692308
2020110200,"New York Giants",5.07407407407407,13
2020110200,"Tampa Bay Buccaneers",6.60714285714286,15.0714285714286
2020110500,"Green Bay Packers",6.96,9.14285714285714
2020110500,"San Francisco 49ers",4.27272727272727,9.92307692307692
2020110800,"Atlanta Falcons",7.42307692307692,10.5
2020110800,"Denver Broncos",7.44,11.625
2020110801,"Buffalo Bills",6.96875,15.25
2020110801,"Seattle Seahawks",8.75,11.7692307692308
2020110802,"Baltimore Ravens",3.55,5
2020110802,"Indianapolis Colts",2.11538461538462,9.6
2020110803,"Houston Texans",4.57894736842105,18.1428571428571
2020110803,"Jacksonville Jaguars",6.5,11.75
2020110804,"Carolina Panthers",3.5,10.8
2020110804,"Kansas City Chiefs",8.29032258064516,11.6470588235294
2020110805,"Detroit Lions",4.45161290322581,9.08333333333333
2020110805,"Minnesota Vikings",8.15384615384615,16.5
2020110806,"Chicago Bears",5.59459459459459,7.8125
2020110806,"Tennessee Titans",8,12.2727272727273
2020110807,"New York Giants",5.20833333333333,5.33333333333333
2020110807,"Washington Football Team",3.96666666666667,3.42857142857143
2020110808,"Las Vegas Raiders",8.38461538461539,17.2
2020110808,"Los Angeles Chargers",6.96428571428571,9.17647058823529
2020110809,"Arizona Cardinals",10.1818181818182,9.11111111111111
2020110809,"Miami Dolphins",8.57142857142857,9.7
2020110810,"Dallas Cowboys",9.36363636363636,9.5
2020110810,"Pittsburgh Steelers",4.3030303030303,16.75
2020110811,"New Orleans Saints",5.48275862068965,3.33333333333333
2020110811,"Tampa Bay Buccaneers",5.86363636363636,14.8666666666667
2020110900,"New England Patriots",6.17857142857143,14
2020110900,"New York Jets",9.16666666666667,19.375
2020111200,"Indianapolis Colts",3.55172413793103,8.9
2020111200,"Tennessee Titans",4.73333333333333,10.3571428571429
2020111500,"Carolina Panthers",3.45,16.1428571428571
2020111500,"Tampa Bay Buccaneers",6.13793103448276,15.1538461538462
2020111501,"Cleveland Browns",6.41666666666667,12
2020111501,"Houston Texans",3.55,10.4545454545455
2020111502,"Detroit Lions",5.04,12.6363636363636
2020111502,"Washington Football Team",4.875,7.9
2020111503,"Green Bay Packers",4.65384615384615,13.9090909090909
2020111503,"Jacksonville Jaguars",4.27777777777778,7.29411764705882
2020111504,"New York Giants",8.59090909090909,7.42857142857143
2020111504,"Philadelphia Eagles",6.14285714285714,13.1176470588235
2020111505,"Cincinnati Bengals",5.04761904761905,12.4736842105263
2020111505,"Pittsburgh Steelers",6.42857142857143,13.0454545454545
2020111506,"Arizona Cardinals",6.60869565217391,7.1
2020111506,"Buffalo Bills",4.22222222222222,12.2941176470588
2020111507,"Denver Broncos",8.39130434782609,7.09090909090909
2020111507,"Las Vegas Raiders",5.625,15.8181818181818
2020111509,"Los Angeles Rams",5.18518518518519,12.8181818181818
2020111509,"Seattle Seahawks",4.77272727272727,18.7142857142857
2020111510,"New Orleans Saints",1.26666666666667,8.88888888888889
2020111510,"San Francisco 49ers",4.84,10.4
2020111511,"Baltimore Ravens",4.8,13.6666666666667
2020111511,"New England Patriots",5.42857142857143,7.5
2020111512,"Los Angeles Chargers",2.75,14.4545454545455
2020111512,"Miami Dolphins",8.33333333333333,14.1
2020111600,"Chicago Bears",4.0625,10.2857142857143
2020111600,"Minnesota Vikings",5.8,14.5
2020111900,"Arizona Cardinals",4.56666666666667,12.0714285714286
2020111900,"Seattle Seahawks",4.88,23.8333333333333
2020112200,"Baltimore Ravens",4.82352941176471,13.25
2020112200,"Tennessee Titans",5.52173913043478,12
2020112201,"Carolina Panthers",5.625,9.88888888888889
2020112201,"Detroit Lions",7.15789473684211,7.13333333333333
2020112202,"Cleveland Browns",13.5,11.2727272727273
2020112202,"Philadelphia Eagles",6.45454545454545,11.0769230769231
2020112203,"Houston Texans",6.7741935483871,13.8
2020112203,"New England Patriots",6.22222222222222,4.78571428571429
2020112204,"Green Bay Packers",6.55555555555556,14
2020112204,"Indianapolis Colts",5.03703703703704,11.9090909090909
2020112205,"Jacksonville Jaguars",5.82352941176471,9.33333333333333
2020112205,"Pittsburgh Steelers",4.875,16.6666666666667
2020112206,"Atlanta Falcons",8.52380952380952,10.2941176470588
2020112206,"New Orleans Saints",9.85,6.42857142857143
2020112207,"Cincinnati Bengals",5.76,15
2020112207,"Washington Football Team",4.05882352941176,11.5
2020112209,"Dallas Cowboys",5.59090909090909,7.7
2020112209,"Minnesota Vikings",8.56521739130435,10.5
2020112210,"Kansas City Chiefs",5.97222222222222,12.6428571428571
2020112210,"Las Vegas Raiders",5.21739130434783,13.5
2020112211,"Denver Broncos",7.22222222222222,16.8333333333333
2020112211,"Miami Dolphins",5.26086956521739,12.8125
2020112212,"Los Angeles Chargers",5.02631578947368,11.875
2020112212,"New York Jets",10.375,16.2941176470588
2020112300,"Los Angeles Rams",4.51282051282051,7.9
2020112300,"Tampa Bay Buccaneers",5.11538461538461,12.7727272727273
2020112600,"Detroit Lions",4.68965517241379,17
2020112600,"Houston Texans",12,15.1
2020112601,"Dallas Cowboys",5.72,9.90909090909091
2020112601,"Washington Football Team",4.75,9.625
2020112900,"Atlanta Falcons",3.86363636363636,8.36842105263158
2020112900,"Las Vegas Raiders",3.92307692307692,12
2020112901,"Buffalo Bills",5.55,7.14285714285714
2020112901,"Los Angeles Chargers",6.625,7.27272727272727
2020112902,"Cincinnati Bengals",3,13.3333333333333
2020112902,"New York Giants",8.30434782608696,8.5
2020112903,"Indianapolis Colts",5.45833333333333,10.75
2020112903,"Tennessee Titans",7.5,7.7
2020112904,"Cleveland Browns",7.42105263157895,11.5454545454545
2020112904,"Jacksonville Jaguars",5.9,16.5625
2020112905,"Carolina Panthers",6.9,10.375
2020112905,"Minnesota Vikings",6.91428571428571,12.4545454545455
2020112906,"Arizona Cardinals",4.1304347826087,11.9230769230769
2020112906,"New England Patriots",3.88888888888889,8.22222222222222
2020112907,"Miami Dolphins",6.375,10
2020112907,"New York Jets",7.375,21.3636363636364
2020112908,"Denver Broncos",-3,16.6666666666667
2020112908,"New Orleans Saints",3.55555555555556,8.85714285714286
2020112909,"Los Angeles Rams",3.84210526315789,15.6
2020112909,"San Francisco 49ers",3.20833333333333,9
2020112910,"Kansas City Chiefs",7.875,13.8461538461538
2020112910,"Tampa Bay Buccaneers",7.31034482758621,13.3076923076923
2020112911,"Chicago Bears",5.59259259259259,9.94736842105263
2020112911,"Green Bay Packers",4.23809523809524,20.2
2020113000,"Philadelphia Eagles",4.18518518518519,11.0909090909091
2020113000,"Seattle Seahawks",6,11.8181818181818
2020120200,"Baltimore Ravens",2.6,14.3333333333333
2020120200,"Pittsburgh Steelers",3.63888888888889,9.66666666666667
2020120600,"Atlanta Falcons",11.4210526315789,11.4583333333333
2020120600,"New Orleans Saints",6.53571428571429,12.2727272727273
2020120601,"Chicago Bears",4.5,12.5555555555556
2020120601,"Detroit Lions",12.3703703703704,17.2142857142857
2020120602,"Houston Texans",9.03846153846154,15.5
2020120602,"Indianapolis Colts",4.59259259259259,8.125
2020120603,"Cincinnati Bengals",2.23529411764706,13.1111111111111
2020120603,"Miami Dolphins",5.57692307692308,12.4615384615385
2020120604,"Jacksonville Jaguars",6.71428571428571,11.0833333333333
2020120604,"Minnesota Vikings",6.96666666666667,13.7058823529412
2020120605,"Las Vegas Raiders",7.58620689655172,15.1904761904762
2020120605,"New York Jets",5,15.875
2020120607,"Cleveland Browns",5.76923076923077,7.75
2020120607,"Tennessee Titans",8.83333333333333,13.7647058823529
2020120608,"Arizona Cardinals",4.09523809523809,9.55555555555556
2020120608,"Los Angeles Rams",2.71052631578947,6.91666666666667
2020120609,"New York Giants",5.92307692307692,11.75
2020120609,"Seattle Seahawks",5.67857142857143,14.125
2020120610,"Green Bay Packers",6.48,22.4444444444444
2020120610,"Philadelphia Eagles",13.8333333333333,7.5625
2020120611,"Los Angeles Chargers",3.07692307692308,8.88
2020120611,"New England Patriots",3.85714285714286,10.3333333333333
2020120612,"Denver Broncos",5.13333333333333,10.2142857142857
2020120612,"Kansas City Chiefs",7.84615384615385,14.1333333333333
2020120700,"Buffalo Bills",7.32352941176471,7.3
2020120700,"San Francisco 49ers",7.03846153846154,7.66666666666667
2020120702,"Pittsburgh Steelers",4.77142857142857,9.76190476190476
2020120702,"Washington Football Team",4.12903225806452,8.23529411764706
2020120800,"Baltimore Ravens",4.66666666666667,10.4
2020120800,"Dallas Cowboys",4.875,17.3529411764706
2020121000,"Los Angeles Rams",3.9375,6
2020121000,"New England Patriots",6.85714285714286,6
2020121300,"Carolina Panthers",4.06666666666667,10.5833333333333
2020121300,"Denver Broncos",5.90476190476191,11.25
2020121301,"Chicago Bears",3.20833333333333,7.44444444444444
2020121301,"Houston Texans",4.5,11.1111111111111
2020121302,"Cincinnati Bengals",2.75,8
2020121302,"Dallas Cowboys",7.5,8.25
2020121303,"Detroit Lions",4.64285714285714,16.4705882352941
2020121303,"Green Bay Packers",4.57692307692308,15.75
2020121304,"Jacksonville Jaguars",4.32258064516129,12.9565217391304
2020121304,"Tennessee Titans",7.31578947368421,11.6
2020121305,"Kansas City Chiefs",7.83333333333333,13.5714285714286
2020121305,"Miami Dolphins",7.33333333333333,10.5
2020121306,"Arizona Cardinals",4.83333333333333,6.81818181818182
2020121306,"New York Giants",8.84615384615385,14.1818181818182
2020121307,"Minnesota Vikings",4.125,11.2142857142857
2020121307,"Tampa Bay Buccaneers",9.26666666666667,15.1111111111111
2020121308,"Indianapolis Colts",7.31578947368421,11.3636363636364
2020121308,"Las Vegas Raiders",5.8125,10.3333333333333
2020121309,"New York Jets",6.21428571428571,13.1666666666667
2020121309,"Seattle Seahawks",5.36,11.8571428571429
2020121310,"Atlanta Falcons",6.90909090909091,13.4
2020121310,"Los Angeles Chargers",2.72222222222222,16.75
2020121311,"New Orleans Saints",6.35714285714286,8.33333333333333
2020121311,"Philadelphia Eagles",2.76470588235294,9.33333333333333
2020121312,"San Francisco 49ers",5.15384615384615,7.33333333333333
2020121312,"Washington Football Team",3.13333333333333,7.94117647058824
2020121313,"Buffalo Bills",4.73076923076923,18.7368421052632
2020121313,"Pittsburgh Steelers",3.38095238095238,9.06666666666667
2020121400,"Baltimore Ravens",9.5,13.8181818181818
2020121400,"Cleveland Browns",7.09677419354839,14.047619047619
2020121700,"Las Vegas Raiders",8.8,10.7692307692308
2020121700,"Los Angeles Chargers",10.1363636363636,14.9230769230769
2020121900,"Buffalo Bills",7.7741935483871,15.0714285714286
2020121900,"Denver Broncos",3.4,5.46153846153846
2020121901,"Carolina Panthers",5.45454545454545,8.64285714285714
2020121901,"Green Bay Packers",1.85,11.2
2020122002,"Houston Texans",7.06060606060606,10
2020122002,"Indianapolis Colts",5.68181818181818,9.625
2020122003,"Los Angeles Rams",4.31818181818182,10.9230769230769
2020122003,"New York Jets",4,6.3
2020122004,"Detroit Lions",7.22222222222222,13.7272727272727
2020122004,"Tennessee Titans",6.76190476190476,18.8571428571429
2020122005,"Atlanta Falcons",6.97058823529412,12.9333333333333
2020122005,"Tampa Bay Buccaneers",6.29032258064516,10.5
2020122006,"Baltimore Ravens",8.05263157894737,15.25
2020122006,"Jacksonville Jaguars",6.30434782608696,12.7142857142857
2020122007,"Miami Dolphins",3.9047619047619,5.4
2020122007,"New England Patriots",6.94444444444444,11.6666666666667
2020122008,"Chicago Bears",6.86666666666667,11.6
2020122008,"Minnesota Vikings",5.16,5.09090909090909
2020122009,"Cleveland Browns",7.03703703703704,9
2020122009,"New York Giants",7.15789473684211,12.4615384615385
2020122010,"Seattle Seahawks",3.44444444444444,14.4545454545455
2020122010,"Washington Football Team",4.10526315789474,11.0666666666667
2020122011,"Arizona Cardinals",8.89655172413793,12.75
2020122011,"Philadelphia Eagles",6.875,15.8260869565217
2020122012,"Kansas City Chiefs",4.39285714285714,13.4347826086957
2020122012,"New Orleans Saints",6.33333333333333,10.2
2020122013,"Dallas Cowboys",3.65,9.5
2020122013,"San Francisco 49ers",7.18518518518519,8.6875
2020122100,"Cincinnati Bengals",9.28571428571429,19
2020122100,"Pittsburgh Steelers",3.38095238095238,13.3684210526316
2020122500,"Minnesota Vikings",4.7037037037037,7.29411764705882
2020122500,"New Orleans Saints",8.09523809523809,13.8333333333333
2020122600,"Detroit Lions",2.78260869565217,9.4
2020122600,"Tampa Bay Buccaneers",10.96875,15.6428571428571
2020122601,"Arizona Cardinals",4.87096774193548,12.8421052631579
2020122601,"San Francisco 49ers",5.61538461538461,6.5
2020122602,"Las Vegas Raiders",8.90476190476191,13.2
2020122602,"Miami Dolphins",5.30769230769231,10.5555555555556
2020122702,"Denver Broncos",7,14.6666666666667
2020122702,"Los Angeles Chargers",5.90476190476191,6.92307692307692
2020122704,"Cleveland Browns",5.55172413793103,10.2413793103448
2020122704,"New York Jets",5.47058823529412,14.0625
2020122705,"Baltimore Ravens",6.88235294117647,7.11111111111111
2020122705,"New York Giants",5.88,15.2380952380952
2020122706,"Cincinnati Bengals",6.8,13.7272727272727
2020122706,"Houston Texans",7.75,16
2020122707,"Chicago Bears",5.29166666666667,15.1538461538462
2020122707,"Jacksonville Jaguars",5.64,6.81818181818182
2020122708,"Atlanta Falcons",5.75,12.5
2020122708,"Kansas City Chiefs",4.5,11.2631578947368
2020122709,"Indianapolis Colts",6.09090909090909,16.5833333333333
2020122709,"Pittsburgh Steelers",6.08823529411765,11.1052631578947
2020122710,"Carolina Panthers",6.89473684210526,18.25
2020122710,"Washington Football Team",4.85185185185185,17.1
2020122711,"Los Angeles Rams",6.5,6
2020122711,"Seattle Seahawks",7.15,14.1538461538462
2020122712,"Dallas Cowboys",6.90909090909091,13.3333333333333
2020122712,"Philadelphia Eagles",10.1428571428571,10.3333333333333
2020122713,"Green Bay Packers",5,13.6666666666667
2020122713,"Tennessee Titans",7.54545454545455,8.84615384615385
2020122800,"Buffalo Bills",6.64516129032258,19.5
2020122800,"New England Patriots",3.55555555555556,11.1428571428571
2021010300,"Buffalo Bills",11.375,12.9166666666667
2021010300,"Miami Dolphins",4.94444444444444,10.5
2021010301,"Carolina Panthers",12.4736842105263,10.3333333333333
2021010301,"New Orleans Saints",5.36363636363636,8.3
2021010302,"Chicago Bears",3.82352941176471,13.875
2021010302,"Green Bay Packers",4.52631578947368,16.5714285714286
2021010303,"Baltimore Ravens",6.90909090909091,15.5714285714286
2021010303,"Cincinnati Bengals",2.71428571428571,9.13333333333333
2021010304,"Cleveland Browns",8,12.2
2021010304,"Pittsburgh Steelers",7.85185185185185,11.8235294117647
2021010305,"Detroit Lions",10.5,21.25
2021010305,"Minnesota Vikings",6.93103448275862,8.57142857142857
2021010306,"Kansas City Chiefs",1.68,12.2222222222222
2021010306,"Los Angeles Chargers",5.86363636363636,12.8181818181818
2021010307,"New England Patriots",5.65217391304348,9.5
2021010307,"New York Jets",4.66666666666667,10.5555555555556
2021010308,"Dallas Cowboys",4.06896551724138,7.72222222222222
2021010308,"New York Giants",9.05555555555556,14.875
2021010309,"Philadelphia Eagles",5.84615384615385,10.55
2021010309,"Washington Football Team",2.95454545454545,3.5
2021010310,"Atlanta Falcons",4.82758620689655,5.625
2021010310,"Tampa Bay Buccaneers",8.26923076923077,14.3529411764706
2021010311,"Denver Broncos",4.92,11.05
2021010311,"Las Vegas Raiders",10.2,9.14285714285714
2021010312,"Houston Texans",9.9,11.2727272727273
2021010312,"Tennessee Titans",8.55555555555556,16.8888888888889
2021010313,"Indianapolis Colts",2.76470588235294,12
2021010313,"Jacksonville Jaguars",6.76923076923077,7.4375
2021010314,"Arizona Cardinals",4.4,23.8888888888889
2021010314,"Los Angeles Rams",6.27272727272727,13.9411764705882
2021010315,"San Francisco 49ers",6.80769230769231,9.75
2021010315,"Seattle Seahawks",3.35,16.0625
2021090900,"Dallas Cowboys",4.97777777777778,11.6666666666667
2021090900,"Tampa Bay Buccaneers",6.34375,12
2021091200,"Atlanta Falcons",4.47826086956522,6.17647058823529
2021091200,"Philadelphia Eagles",3.39285714285714,4.5
2021091201,"Buffalo Bills",6,14.0833333333333
2021091201,"Pittsburgh Steelers",5.72222222222222,9.3125
2021091202,"Carolina Panthers",5.04,12.8181818181818
2021091202,"New York Jets",8.33333333333333,12
2021091203,"Cincinnati Bengals",6.85,14
2021091203,"Minnesota Vikings",5,9.23529411764706
2021091204,"Detroit Lions",3.975,11.4545454545455
2021091204,"San Francisco 49ers",7.16666666666667,4.5
2021091205,"Houston Texans",9,9.46666666666667
2021091205,"Jacksonville Jaguars",6.82142857142857,8.75
2021091206,"Indianapolis Colts",4.15384615384615,8.85714285714286
2021091206,"Seattle Seahawks",7.26315789473684,17.8
2021091207,"Arizona Cardinals",6.57142857142857,10.7272727272727
2021091207,"Tennessee Titans",6.22727272727273,9.14285714285714
2021091208,"Los Angeles Chargers",7.24242424242424,8.75
2021091208,"Washington Football Team",5.86666666666667,11.5
2021091209,"Cleveland Browns",7.04761904761905,23.1428571428571
2021091209,"Kansas City Chiefs",7.46428571428571,16.5454545454545
2021091210,"Miami Dolphins",5.58823529411765,15.1
2021091210,"New England Patriots",6,7.7
2021091211,"Green Bay Packers",5.19047619047619,13
2021091211,"New Orleans Saints",6.2,9.83333333333333
2021091212,"Denver Broncos",6.32142857142857,16.875
2021091212,"New York Giants",9,6.82352941176471
2021091213,"Chicago Bears",4.03448275862069,4.4
2021091213,"Los Angeles Rams",9.05,10.4285714285714
2021091300,"Baltimore Ravens",6.78947368421053,11.9166666666667
2021091300,"Las Vegas Raiders",7.8,14.625
2021091600,"New York Giants",9.26086956521739,13.4285714285714
2021091600,"Washington Football Team",5.57142857142857,14.8333333333333
2021091900,"Carolina Panthers",5.37037037037037,10.5833333333333
2021091900,"New Orleans Saints",5.81818181818182,3.2
2021091901,"Chicago Bears",5.82352941176471,13.3333333333333
2021091901,"Cincinnati Bengals",6.68421052631579,11.75
2021091902,"Cleveland Browns",4.2,25
2021091902,"Houston Texans",5.16666666666667,16.5833333333333
2021091903,"Indianapolis Colts",6.36363636363636,11.1666666666667
2021091903,"Los Angeles Rams",6.63157894736842,7.2
2021091904,"Denver Broncos",7.57692307692308,24.6
2021091904,"Jacksonville Jaguars",5.64285714285714,17.2857142857143
2021091905,"Buffalo Bills",6.05882352941176,13.4666666666667
2021091905,"Miami Dolphins",4.14814814814815,5.84210526315789
2021091906,"New England Patriots",2.95652173913043,11.8888888888889
2021091906,"New York Jets",7.2,10.9230769230769
2021091907,"Philadelphia Eagles",7.08333333333333,19.5714285714286
2021091907,"San Francisco 49ers",2.81818181818182,6.66666666666667
2021091908,"Las Vegas Raiders",7.8,8.33333333333333
2021091908,"Pittsburgh Steelers",5.11111111111111,17.9166666666667
2021091909,"Arizona Cardinals",7.20689655172414,9.33333333333333
2021091909,"Minnesota Vikings",5.04545454545455,9.2
2021091910,"Atlanta Falcons",3.22857142857143,7.91666666666667
2021091910,"Tampa Bay Buccaneers",7.83333333333333,13.2142857142857
2021091911,"Dallas Cowboys",3.30434782608696,15.4
2021091911,"Los Angeles Chargers",6.74285714285714,9.44444444444444
2021091912,"Seattle Seahawks",7.73913043478261,13.7
2021091912,"Tennessee Titans",8.74074074074074,12.6875
2021091913,"Baltimore Ravens",6,15.3333333333333
2021091913,"Kansas City Chiefs",5.16,17.6666666666667
2021092000,"Detroit Lions",3.38461538461538,14.8888888888889
2021092000,"Green Bay Packers",5.72727272727273,23.4285714285714
2021092300,"Carolina Panthers",8.08333333333333,7
2021092300,"Houston Texans",6.63157894736842,10.1538461538462
2021092600,"Buffalo Bills",7.06060606060606,15.9166666666667
2021092600,"Washington Football Team",4.4,8.22222222222222
2021092601,"Chicago Bears",4.14285714285714,5.8
2021092601,"Cleveland Browns",7.57894736842105,15
2021092602,"Baltimore Ravens",14.125,21.4615384615385
2021092602,"Detroit Lions",2.27272727272727,11.8181818181818
2021092603,"Arizona Cardinals",6.55172413793103,9.2
2021092603,"Jacksonville Jaguars",5.66666666666667,12.6
2021092604,"Kansas City Chiefs",4.22222222222222,13.1176470588235
2021092604,"Los Angeles Chargers",4.60714285714286,8.92857142857143
2021092605,"New England Patriots",6.1,21.9473684210526
2021092605,"New Orleans Saints",5.92307692307692,15.75
2021092606,"Atlanta Falcons",2.59259259259259,7.81818181818182
2021092606,"New York Giants",5.53846153846154,8.84615384615385
2021092607,"Cincinnati Bengals",7.46666666666667,16
2021092607,"Pittsburgh Steelers",3.125,11.3
2021092608,"Indianapolis Colts",4.21052631578947,7.14285714285714
2021092608,"Tennessee Titans",4.66666666666667,15.1111111111111
2021092609,"Denver Broncos",7,11.8571428571429
2021092609,"New York Jets",5.55,8.64285714285714
2021092610,"Las Vegas Raiders",7.62962962962963,12.0625
2021092610,"Miami Dolphins",4.78787878787879,16.75
2021092611,"Los Angeles Rams",6.11111111111111,18.3846153846154
2021092611,"Tampa Bay Buccaneers",4.65116279069767,13.4285714285714
2021092612,"Minnesota Vikings",5.13333333333333,4.375
2021092612,"Seattle Seahawks",4.8695652173913,18
2021092613,"Green Bay Packers",7,21.3846153846154
2021092613,"San Francisco 49ers",5.72,6.38888888888889
2021092700,"Dallas Cowboys",5.60869565217391,19
2021092700,"Philadelphia Eagles",4.8,12
2021093000,"Cincinnati Bengals",6.42307692307692,11.1428571428571
2021093000,"Jacksonville Jaguars",7.70588235294118,12.1428571428571
2021100300,"Atlanta Falcons",8.07692307692308,16.1578947368421
2021100300,"Washington Football Team",6.34782608695652,13.8181818181818
2021100301,"Buffalo Bills",8.71428571428571,8.55555555555556
2021100301,"Houston Texans",4.25,11
2021100302,"Chicago Bears",13,14.4
2021100302,"Detroit Lions",6.625,13.1666666666667
2021100303,"Carolina Panthers",3.69230769230769,19.6923076923077
2021100303,"Dallas Cowboys",6.93333333333333,7.22222222222222
2021100304,"Indianapolis Colts",6.625,14
2021100304,"Miami Dolphins",7.40909090909091,10.4545454545455
2021100305,"Cleveland Browns",4.73333333333333,14.1
2021100305,"Minnesota Vikings",7.66666666666667,8.89473684210526
2021100306,"New Orleans Saints",8.2,5.16666666666667
2021100306,"New York Giants",7.26666666666667,12.4166666666667
2021100307,"New York Jets",9.66666666666667,10.7692307692308
2021100307,"Tennessee Titans",3.21212121212121,15.5714285714286
2021100308,"Kansas City Chiefs",6.15384615384615,9.6
2021100308,"Philadelphia Eagles",5.35294117647059,10.0588235294118
2021100309,"Arizona Cardinals",5.33333333333333,12
2021100309,"Los Angeles Rams",6.65384615384615,12.1176470588235
2021100310,"San Francisco 49ers",7,10.9444444444444
2021100310,"Seattle Seahawks",3.875,11.3333333333333
2021100311,"Baltimore Ravens",10.8260869565217,13.4
2021100311,"Denver Broncos",5.05,15.9411764705882
2021100312,"Green Bay Packers",5.75,14.3125
2021100312,"Pittsburgh Steelers",4.65384615384615,10.9285714285714
2021100313,"New England Patriots",4.51515151515152,7.63636363636364
2021100313,"Tampa Bay Buccaneers",8.375,15.1818181818182
2021100400,"Las Vegas Raiders",6.28571428571429,14.5384615384615
2021100400,"Los Angeles Chargers",4.92,13.4285714285714
2021100700,"Los Angeles Rams",9.92,19.3636363636364
2021100700,"Seattle Seahawks",8.45454545454546,17.5714285714286
2021101000,"Atlanta Falcons",7.44117647058824,9.8
2021101000,"New York Jets",5.85,13.8571428571429
2021101001,"Carolina Panthers",5.09523809523809,10.1428571428571
2021101001,"Philadelphia Eagles",4.79166666666667,13.2352941176471
2021101002,"Cincinnati Bengals",6,11.8
2021101002,"Green Bay Packers",6.88888888888889,13.2
2021101003,"Houston Texans",7.23809523809524,12.8
2021101003,"New England Patriots",6.26086956521739,17.5
2021101004,"Jacksonville Jaguars",5.875,10.1818181818182
2021101004,"Tennessee Titans",6.64285714285714,9.33333333333333
2021101005,"Detroit Lions",2.90909090909091,11.4375
2021101005,"Minnesota Vikings",7.53846153846154,6.875
2021101006,"Denver Broncos",9.375,8.30769230769231
2021101006,"Pittsburgh Steelers",6.6875,9.81818181818182
2021101007,"Miami Dolphins",4.2962962962963,12.2142857142857
2021101007,"Tampa Bay Buccaneers",6.29411764705882,18.2307692307692
2021101008,"New Orleans Saints",10.2,15
2021101008,"Washington Football Team",7,11.3181818181818
2021101009,"Cleveland Browns",4.78260869565217,22.8
2021101009,"Los Angeles Chargers",7.03846153846154,13.4761904761905
2021101010,"Chicago Bears",5.30769230769231,16.4545454545455
2021101010,"Las Vegas Raiders",4.39130434782609,15.7333333333333
2021101011,"Arizona Cardinals",6.04545454545455,12.5
2021101011,"San Francisco 49ers",6.625,10.8571428571429
2021101012,"Dallas Cowboys",9.29166666666667,8.36363636363636
2021101012,"New York Giants",7.13636363636364,10.7058823529412
2021101013,"Buffalo Bills",13.5333333333333,8.09090909090909
2021101013,"Kansas City Chiefs",4.17647058823529,12.28
2021101100,"Baltimore Ravens",7.21621621621622,6.83333333333333
2021101100,"Indianapolis Colts",6.59259259259259,6.83333333333333
2021101400,"Philadelphia Eagles",6.15384615384615,16.6875
2021101400,"Tampa Bay Buccaneers",3.11764705882353,16.875
2021101700,"Jacksonville Jaguars",7.52,8.77777777777778
2021101700,"Miami Dolphins",7.17142857142857,11.1538461538462
2021101701,"Baltimore Ravens",5.05263157894737,10.5
2021101701,"Los Angeles Chargers",4.26086956521739,9.77777777777778
2021101702,"Carolina Panthers",6.82352941176471,13.7307692307692
2021101702,"Minnesota Vikings",5.75757575757576,12.5333333333333
2021101703,"Chicago Bears",7.76470588235294,16.6363636363636
2021101703,"Green Bay Packers",4.55555555555556,18.8571428571429
2021101704,"Cincinnati Bengals",7.09090909090909,9.09090909090909
2021101704,"Detroit Lions",3.86206896551724,10
2021101705,"Houston Texans",4.48275862068965,9.30769230769231
2021101705,"Indianapolis Colts",15.5454545454545,8.11111111111111
2021101706,"Los Angeles Rams",6.34782608695652,10.1666666666667
2021101706,"New York Giants",4.41379310344828,9.05
2021101707,"Kansas City Chiefs",7.36363636363636,8.875
2021101707,"Washington Football Team",2,16.7142857142857
2021101708,"Arizona Cardinals",7.65,11.1333333333333
2021101708,"Cleveland Browns",8.57142857142857,5
2021101709,"Denver Broncos",6.21621621621622,19.3333333333333
2021101709,"Las Vegas Raiders",11.8333333333333,13.5
2021101710,"Dallas Cowboys",7.71794871794872,13.8
2021101710,"New England Patriots",8.17647058823529,7
2021101711,"Pittsburgh Steelers",3.70967741935484,15.6153846153846
2021101711,"Seattle Seahawks",3.30434782608696,2.55555555555556
2021101800,"Buffalo Bills",6.54285714285714,16.1538461538462
2021101800,"Tennessee Titans",6.6,9.9
2021102100,"Cleveland Browns",3.42857142857143,13
2021102100,"Denver Broncos",3.69565217391304,9.1
2021102400,"Baltimore Ravens",9.47619047619048,17.5
2021102400,"Cincinnati Bengals",9.21739130434783,11.5
2021102401,"Green Bay Packers",5.5,8.77777777777778
2021102401,"Washington Football Team",5.44,12
2021102402,"Atlanta Falcons",10.24,7.42857142857143
2021102402,"Miami Dolphins",5.40625,8.83333333333333
2021102403,"New England Patriots",5.79310344827586,12.7142857142857
2021102403,"New York Jets",4.03846153846154,12.4117647058824
2021102404,"Carolina Panthers",3.75,11.55
2021102404,"New York Giants",4.42307692307692,11
2021102405,"Kansas City Chiefs",5,10.2631578947368
2021102405,"Tennessee Titans",6.39130434782609,14.4285714285714
2021102406,"Detroit Lions",3.91304347826087,2.84615384615385
2021102406,"Los Angeles Rams",6.96428571428571,16.25
2021102407,"Las Vegas Raiders",5.57575757575758,6
2021102407,"Philadelphia Eagles",9.22222222222222,14.9375
2021102408,"Arizona Cardinals",8.95,7.42857142857143
2021102408,"Houston Texans",3,8.36363636363636
2021102409,"Chicago Bears",3.36363636363636,8.375
2021102409,"Tampa Bay Buccaneers",5.90909090909091,10.7368421052632
2021102410,"Indianapolis Colts",5.16666666666667,16.4615384615385
2021102410,"San Francisco 49ers",8.33333333333333,8.11111111111111
2021102500,"New Orleans Saints",3.9047619047619,14
2021102500,"Seattle Seahawks",4.91666666666667,15.6363636363636
2021102800,"Arizona Cardinals",6.1304347826087,19.5
2021102800,"Green Bay Packers",2.09090909090909,7.625
2021103100,"Atlanta Falcons",3.8,15.25
2021103100,"Carolina Panthers",4.69230769230769,5.08333333333333
2021103101,"Buffalo Bills",3.25806451612903,11.6875
2021103101,"Miami Dolphins",5.21739130434783,8
2021103102,"Chicago Bears",5.61904761904762,14.125
2021103102,"San Francisco 49ers",9.35294117647059,8.09090909090909
2021103103,"Cleveland Browns",5.4,12.8333333333333
2021103103,"Pittsburgh Steelers",3.95652173913043,10.5384615384615
2021103104,"Detroit Lions",4.46428571428571,10.4444444444444
2021103104,"Philadelphia Eagles",5,16.6
2021103105,"Houston Texans",6.62068965517241,7.22222222222222
2021103105,"Los Angeles Rams",7.63636363636364,4.15384615384615
2021103106,"Indianapolis Colts",4.25,19.3846153846154
2021103106,"Tennessee Titans",5.68,8.6
2021103107,"Cincinnati Bengals",6.09090909090909,6.53846153846154
2021103107,"New York Jets",3.275,7.36363636363636
2021103108,"Los Angeles Chargers",7,11.8
2021103108,"New England Patriots",7.88888888888889,11.2941176470588
2021103109,"Jacksonville Jaguars",2.625,7.76190476190476
2021103109,"Seattle Seahawks",7.42857142857143,8.83333333333333
2021103110,"Denver Broncos",6.2,8
2021103110,"Washington Football Team",4,9.64285714285714
2021103111,"New Orleans Saints",5.04545454545455,4.33333333333333
2021103111,"Tampa Bay Buccaneers",6.07142857142857,13
2021103112,"Dallas Cowboys",8.85185185185185,12.8333333333333
2021103112,"Minnesota Vikings",3.54166666666667,12.3125
2021110100,"Kansas City Chiefs",2.13793103448276,16.5
2021110100,"New York Giants",3.95652173913043,5.90909090909091
2021110400,"Indianapolis Colts",5.13636363636364,19.5
2021110400,"New York Jets",7.08823529411765,11.3529411764706
2021110700,"Baltimore Ravens",4.27586206896552,15
2021110700,"Minnesota Vikings",6.61111111111111,9.41666666666667
2021110701,"Carolina Panthers",3.82352941176471,7.21428571428571
2021110701,"New England Patriots",3.38461538461538,11.5
2021110702,"Cincinnati Bengals",5.06666666666667,22.3636363636364
2021110702,"Cleveland Browns",11.1428571428571,8.25
2021110703,"Dallas Cowboys",7,17.2380952380952
2021110703,"Denver Broncos",5.47368421052632,13
2021110704,"Buffalo Bills",5.2258064516129,8.13333333333333
2021110704,"Jacksonville Jaguars",4.64705882352941,13.8461538461538
2021110705,"Houston Texans",4.4,13.6875
2021110705,"Miami Dolphins",6.38461538461539,11.6470588235294
2021110706,"Atlanta Falcons",8.39130434782609,7.55555555555556
2021110706,"New Orleans Saints",6.07407407407407,12
2021110707,"Las Vegas Raiders",3.63333333333333,9.33333333333333
2021110707,"New York Giants",3.8,12.8333333333333
2021110708,"Los Angeles Chargers",5.65625,7.16666666666667
2021110708,"Philadelphia Eagles",10,16
2021110709,"Green Bay Packers",5.42105263157895,10.125
2021110709,"Kansas City Chiefs",3.38095238095238,15.7647058823529
2021110710,"Arizona Cardinals",3.75,7.75
2021110710,"San Francisco 49ers",6.92857142857143,12
2021110711,"Los Angeles Rams",3.74193548387097,10.3333333333333
2021110711,"Tennessee Titans",1.8,6.75
2021110800,"Chicago Bears",13.047619047619,18.5454545454545
2021110800,"Pittsburgh Steelers",4.375,7.91666666666667
2021111100,"Baltimore Ravens",5.07692307692308,12.2631578947368
2021111100,"Miami Dolphins",6.61904761904762,9.31578947368421
2021111400,"Atlanta Falcons",8.4,10
2021111400,"Dallas Cowboys",5.55172413793103,11
2021111401,"Indianapolis Colts",3.5,7.41666666666667
2021111401,"Jacksonville Jaguars",6,13.65
2021111402,"Cleveland Browns",2.85,13.2307692307692
2021111402,"New England Patriots",6.43478260869565,10.5
2021111403,"Buffalo Bills",12.5652173913043,11.1428571428571
2021111403,"New York Jets",4.92857142857143,6.94117647058824
2021111404,"Detroit Lions",1.73333333333333,8.16666666666667
2021111404,"Pittsburgh Steelers",4.63333333333333,11.9130434782609
2021111405,"New Orleans Saints",8.17391304347826,9.35294117647059
2021111405,"Tennessee Titans",4.21052631578947,6.66666666666667
2021111406,"Tampa Bay Buccaneers",4.45833333333333,8.11111111111111
2021111406,"Washington Football Team",6.23076923076923,11.8571428571429
2021111407,"Arizona Cardinals",3.52941176470588,15
2021111407,"Carolina Panthers",2.76923076923077,10.5714285714286
2021111408,"Los Angeles Chargers",4.63636363636364,8
2021111408,"Minnesota Vikings",5.61538461538461,11.9285714285714
2021111409,"Denver Broncos",4.81818181818182,9.26666666666667
2021111409,"Philadelphia Eagles",6.375,19.1666666666667
2021111410,"Green Bay Packers",3.34782608695652,10.8
2021111410,"Seattle Seahawks",3.45,19.3
2021111411,"Kansas City Chiefs",4.58333333333333,16.3333333333333
2021111411,"Las Vegas Raiders",5.46153846153846,12.2727272727273
2021111500,"Los Angeles Rams",4.62962962962963,11.6428571428571
2021111500,"San Francisco 49ers",5.625,9
2021111800,"Atlanta Falcons",4.57142857142857,8.88888888888889
2021111800,"New England Patriots",4.72727272727273,13.4
2021112100,"Buffalo Bills",5.125,9.57142857142857
2021112100,"Indianapolis Colts",4.36363636363636,7.54545454545455
2021112101,"Carolina Panthers",5.66666666666667,5.16666666666667
2021112101,"Washington Football Team",9.5625,12.5714285714286
2021112102,"Baltimore Ravens",4.33333333333333,9.76923076923077
2021112102,"Chicago Bears",10.4666666666667,13.6842105263158
2021112103,"Cleveland Browns",7.5,12.3529411764706
2021112103,"Detroit Lions",1.0625,9
2021112104,"Jacksonville Jaguars",4.875,12.6
2021112104,"San Francisco 49ers",6.5625,7
2021112105,"Green Bay Packers",6.96,11.5833333333333
2021112105,"Minnesota Vikings",8.29166666666667,20.5833333333333
2021112106,"Miami Dolphins",5.93103448275862,4.25
2021112106,"New York Jets",5.5,11.5333333333333
2021112107,"New Orleans Saints",6.60869565217391,8.35294117647059
2021112107,"Philadelphia Eagles",4.78571428571429,13.4545454545455
2021112108,"Houston Texans",3.78571428571429,5.18181818181818
2021112108,"Tennessee Titans",5.74285714285714,12.7857142857143
2021112109,"Cincinnati Bengals",3.15,17.3636363636364
2021112109,"Las Vegas Raiders",6.68421052631579,12.5714285714286
2021112110,"Dallas Cowboys",2.79310344827586,16.4285714285714
2021112110,"Kansas City Chiefs",4.04347826086957,7.35714285714286
2021112111,"Arizona Cardinals",4.65714285714286,6.25
2021112111,"Seattle Seahawks",9.78571428571429,12.0833333333333
2021112112,"Los Angeles Chargers",4.83333333333333,8
2021112112,"Pittsburgh Steelers",5.3448275862069,11.3888888888889
2021112200,"New York Giants",3.45833333333333,11.375
2021112200,"Tampa Bay Buccaneers",5.5,10.3125
2021112500,"Chicago Bears",7.83333333333333,9.64285714285714
2021112500,"Detroit Lions",4.33333333333333,15.2
2021112501,"Dallas Cowboys",6.78787878787879,9
2021112501,"Las Vegas Raiders",7.12,17.25
2021112502,"Buffalo Bills",6.41666666666667,14
2021112502,"New Orleans Saints",4.17647058823529,7.16666666666667
2021112800,"Cincinnati Bengals",5.33333333333333,11.6
2021112800,"Pittsburgh Steelers",6.77777777777778,7.2
2021112801,"Houston Texans",4.22222222222222,19.2222222222222
2021112801,"New York Jets",3.5,4.4
2021112802,"Indianapolis Colts",7.92592592592593,9.1875
2021112802,"Tampa Bay Buccaneers",3.88,10
2021112803,"Atlanta Falcons",3.47368421052632,4.4
2021112803,"Jacksonville Jaguars",4.8695652173913,15.2222222222222
2021112804,"Carolina Panthers",12.3636363636364,8.44444444444444
2021112804,"Miami Dolphins",2.92857142857143,9.8
2021112805,"New England Patriots",5.8695652173913,10.9
2021112805,"Tennessee Titans",5.36363636363636,7.44444444444444
2021112806,"New York Giants",4.31578947368421,6.66666666666667
2021112806,"Philadelphia Eagles",5.57142857142857,11.4285714285714
2021112807,"Denver Broncos",3.66666666666667,11.3636363636364
2021112807,"Los Angeles Chargers",5.53333333333333,7.70588235294118
2021112808,"Green Bay Packers",5.07142857142857,16.1578947368421
2021112808,"Los Angeles Rams",8.04761904761905,15.2352941176471
2021112809,"Minnesota Vikings",5.04545454545455,11.9166666666667
2021112809,"San Francisco 49ers",5,14.25
2021112810,"Baltimore Ravens",5.55,14.2
2021112810,"Cleveland Browns",7.94444444444444,11.6666666666667
2021112900,"Seattle Seahawks",7.55,12.6666666666667
2021112900,"Washington Football Team",2.2962962962963,14.1111111111111
2021120200,"Dallas Cowboys",5.57692307692308,10.7777777777778
2021120200,"New Orleans Saints",5.1,8.22222222222222
2021120500,"Atlanta Falcons",4.70967741935484,8.25
2021120500,"Tampa Bay Buccaneers",5.28947368421053,10.3846153846154
2021120501,"Arizona Cardinals",3.72727272727273,7
2021120501,"Chicago Bears",3.5,10.0769230769231
2021120502,"Cincinnati Bengals",8.24,9.5
2021120502,"Los Angeles Chargers",7.57692307692308,15
2021120503,"Detroit Lions",8.24,9.64285714285714
2021120503,"Minnesota Vikings",6.83333333333333,12
2021120504,"Houston Texans",3.69230769230769,7.66666666666667
2021120504,"Indianapolis Colts",5.125,12
2021120505,"Denver Broncos",3.66666666666667,9.83333333333333
2021120505,"Kansas City Chiefs",3,8.57142857142857
2021120506,"Miami Dolphins",5.7,11.1666666666667
2021120506,"New York Giants",3.69565217391304,9.28571428571429
2021120507,"New York Jets",5,12.9285714285714
2021120507,"Philadelphia Eagles",4.65,10.5
2021120508,"Las Vegas Raiders",4.14285714285714,20.5833333333333
2021120508,"Washington Football Team",4.32,12.125
2021120509,"Jacksonville Jaguars",2.6875,5.92857142857143
2021120509,"Los Angeles Rams",6.48148148148148,15.3076923076923
2021120510,"Baltimore Ravens",5.1304347826087,11.2857142857143
2021120510,"Pittsburgh Steelers",4,17.6
2021120511,"San Francisco 49ers",6.7,6.625
2021120511,"Seattle Seahawks",4.66666666666667,16.5
2021120600,"Buffalo Bills",6.6875,14.6
2021120600,"New England Patriots",3.5,8
2021120900,"Minnesota Vikings",10.3333333333333,11.6875
2021120900,"Pittsburgh Steelers",7.56666666666667,6.58333333333333
2021121200,"Atlanta Falcons",4.5,14
2021121200,"Carolina Panthers",7.23809523809524,8.92857142857143
2021121201,"Cincinnati Bengals",7.6,11.2222222222222
2021121201,"San Francisco 49ers",6.10344827586207,13.4285714285714
2021121202,"Baltimore Ravens",5.51612903225806,9.71428571428571
2021121202,"Cleveland Browns",5.72727272727273,9.16666666666667
2021121203,"Houston Texans",3.35294117647059,10.1666666666667
2021121203,"Seattle Seahawks",11.8888888888889,16.4615384615385
2021121204,"Kansas City Chiefs",5.25,21.3333333333333
2021121204,"Las Vegas Raiders",2.24242424242424,9.25
2021121205,"New Orleans Saints",3.3125,6.16666666666667
2021121205,"New York Jets",4.85,10.8846153846154
2021121206,"Jacksonville Jaguars",5.69230769230769,12.9230769230769
2021121206,"Tennessee Titans",3.76190476190476,6.81818181818182
2021121207,"Dallas Cowboys",5.96153846153846,8.05882352941176
2021121207,"Washington Football Team",5.5,15.3684210526316
2021121208,"Denver Broncos",5.77777777777778,10.6666666666667
2021121208,"Detroit Lions",5.25,10.2857142857143
2021121209,"Los Angeles Chargers",6.60869565217391,11.8888888888889
2021121209,"New York Giants",4.36842105263158,11.15
2021121210,"Buffalo Bills",4.16216216216216,6.72222222222222
2021121210,"Tampa Bay Buccaneers",4.96875,13.4736842105263
2021121211,"Chicago Bears",3.57894736842105,11.6875
2021121211,"Green Bay Packers",5.93103448275862,10.125
2021121300,"Arizona Cardinals",7.76470588235294,17.3333333333333
2021121300,"Los Angeles Rams",7.08,10.4444444444444
2021121600,"Kansas City Chiefs",6.51612903225806,7.82352941176471
2021121600,"Los Angeles Chargers",7.5,11
2021121801,"Indianapolis Colts",5.4,13
2021121801,"New England Patriots",7.67857142857143,15.0588235294118
2021121900,"Baltimore Ravens",4.51724137931035,10
2021121900,"Green Bay Packers",5.8695652173913,16.8181818181818
2021121901,"Arizona Cardinals",4.93103448275862,9.66666666666667
2021121901,"Detroit Lions",5.80952380952381,11.5714285714286
2021121902,"Houston Texans",5.31578947368421,10.2
2021121902,"Jacksonville Jaguars",4.52,10
2021121903,"Dallas Cowboys",4.32142857142857,10.9
2021121903,"New York Giants",6.31578947368421,8.86666666666667
2021121904,"Pittsburgh Steelers",3.23529411764706,10.6363636363636
2021121904,"Tennessee Titans",3.30434782608696,16.4
2021121905,"Cincinnati Bengals",6.6875,13.4285714285714
2021121905,"Denver Broncos",4.47368421052632,16.1052631578947
2021121906,"Atlanta Falcons",9.42105263157895,5.76923076923077
2021121906,"San Francisco 49ers",4.83333333333333,10.5714285714286
2021121908,"New Orleans Saints",8.07692307692308,9.78571428571429
2021121908,"Tampa Bay Buccaneers",4.73076923076923,12.3636363636364
2021121909,"Buffalo Bills",7.75,9.9375
2021121909,"Carolina Panthers",4.5,10.1428571428571
2021121910,"Miami Dolphins",7.6875,11.6
2021121910,"New York Jets",3.38461538461538,10.0833333333333
2021122000,"Chicago Bears",7.30769230769231,8.57142857142857
2021122000,"Minnesota Vikings",4.61538461538461,17.8333333333333
2021122001,"Cleveland Browns",3.8,13.7272727272727
2021122001,"Las Vegas Raiders",5.53846153846154,15.6153846153846
2021122100,"Philadelphia Eagles",8.33333333333333,10.2
2021122100,"Washington Football Team",4.85,10.1666666666667
2021122101,"Los Angeles Rams",5.875,11.625
2021122101,"Seattle Seahawks",4.5,22.3571428571429
2021122300,"San Francisco 49ers",3.11538461538462,17.5714285714286
2021122300,"Tennessee Titans",6.34782608695652,13
2021122500,"Cleveland Browns",4.77272727272727,12.3636363636364
2021122500,"Green Bay Packers",3.8,8.3
2021122501,"Arizona Cardinals",3.7037037037037,10.75
2021122501,"Indianapolis Colts",7.10526315789474,5.76923076923077
2021122600,"Atlanta Falcons",7.72222222222222,6.66666666666667
2021122600,"Detroit Lions",4.4,13.7777777777778
2021122601,"Carolina Panthers",5.27272727272727,11.75
2021122601,"Tampa Bay Buccaneers",7.78947368421053,9.5
2021122602,"Baltimore Ravens",6.53571428571429,8.61538461538461
2021122602,"Cincinnati Bengals",7.28947368421053,12.4
2021122603,"Houston Texans",6.52380952380952,11.875
2021122603,"Los Angeles Chargers",4.82142857142857,11.6666666666667
2021122604,"Los Angeles Rams",4.71428571428571,11.6923076923077
2021122604,"Minnesota Vikings",5.92592592592593,18.6
2021122605,"Buffalo Bills",5.58064516129032,9.61111111111111
2021122605,"New England Patriots",5.2,11.4444444444444
2021122606,"Jacksonville Jaguars",8.19230769230769,14.2
2021122606,"New York Jets",3.64285714285714,6.25
2021122607,"New York Giants",2.65217391304348,8.38095238095238
2021122607,"Philadelphia Eagles",8.11111111111111,6.15384615384615
2021122608,"Chicago Bears",3.54166666666667,13.3076923076923
2021122608,"Seattle Seahawks",4.5625,14.0909090909091
2021122609,"Kansas City Chiefs",5.08695652173913,19.5714285714286
2021122609,"Pittsburgh Steelers",3.32142857142857,9.6
2021122610,"Denver Broncos",6.4375,20.125
2021122610,"Las Vegas Raiders",6.4,5.6
2021122611,"Dallas Cowboys",7.9,16.75
2021122611,"Washington Football Team",5.75,8.41176470588235
2021122700,"Miami Dolphins",4.7,11.8888888888889
2021122700,"New Orleans Saints",4.30769230769231,0.333333333333333
2022010200,"Atlanta Falcons",3.71428571428571,13.3333333333333
2022010200,"Buffalo Bills",7.25,7.64285714285714
2022010201,"Chicago Bears",4.77777777777778,10.1764705882353
2022010201,"New York Giants",0,7.4
2022010202,"Cincinnati Bengals",5.64516129032258,9.23076923076923
2022010202,"Kansas City Chiefs",6.42857142857143,18.2
2022010203,"Arizona Cardinals",6.37037037037037,14.6428571428571
2022010203,"Dallas Cowboys",5,6.625
2022010204,"Indianapolis Colts",5.72222222222222,6
2022010204,"Las Vegas Raiders",6.54166666666667,15.6666666666667
2022010205,"Jacksonville Jaguars",6.64705882352941,8.71428571428571
2022010205,"New England Patriots",5.32,12.7777777777778
2022010206,"Carolina Panthers",2.35294117647059,6.3
2022010206,"New Orleans Saints",7,6.3
2022010207,"New York Jets",4.2,10.7857142857143
2022010207,"Tampa Bay Buccaneers",7.5,14.9333333333333
2022010208,"Miami Dolphins",6.78947368421053,13.3333333333333
2022010208,"Tennessee Titans",3.38461538461538,16
2022010209,"Philadelphia Eagles",8.58823529411765,13.1111111111111
2022010209,"Washington Football Team",4.22222222222222,7.625
2022010210,"Denver Broncos",6.3,13.7272727272727
2022010210,"Los Angeles Chargers",4.54545454545455,12.1
2022010211,"Houston Texans",6.40909090909091,11.7857142857143
2022010211,"San Francisco 49ers",10.125,17.2857142857143
2022010212,"Baltimore Ravens",7,10.5
2022010212,"Los Angeles Rams",7.03846153846154,3.71428571428571
2022010213,"Detroit Lions",6.45454545454545,6.07692307692308
2022010213,"Seattle Seahawks",5.75,11.8
2022010214,"Green Bay Packers",5.29032258064516,8
2022010214,"Minnesota Vikings",4.16,9.25
2022010300,"Cleveland Browns",7.125,6.77272727272727
2022010300,"Pittsburgh Steelers",1.76,12.2727272727273
2022010800,"Denver Broncos",7.53846153846154,14.5833333333333
2022010800,"Kansas City Chiefs",2.25,12.3888888888889
2022010801,"Dallas Cowboys",9.72727272727273,5.57142857142857
2022010801,"Philadelphia Eagles",4.6,9.07142857142857
2022010900,"Atlanta Falcons",7.65,12.3076923076923
2022010900,"New Orleans Saints",4.75,14.5555555555556
2022010901,"Baltimore Ravens",4.5625,12.0714285714286
2022010901,"Pittsburgh Steelers",3.83870967741935,10.3076923076923
2022010902,"Buffalo Bills",5.32,13.304347826087
2022010902,"New York Jets",7.71428571428571,6.30769230769231
2022010903,"Cincinnati Bengals",1.8,10.7333333333333
2022010903,"Cleveland Browns",3.76470588235294,5.16666666666667
2022010904,"Detroit Lions",6.31818181818182,10.9
2022010904,"Green Bay Packers",4.125,9.44444444444444
2022010905,"Houston Texans",8.56521739130435,17.6
2022010905,"Tennessee Titans",7.8695652173913,16.2222222222222
2022010906,"Indianapolis Colts",6.70588235294118,15.1666666666667
2022010906,"Jacksonville Jaguars",5.65217391304348,7.63636363636364
2022010907,"Miami Dolphins",2.8,12.8
2022010907,"New England Patriots",7.8,9.36363636363636
2022010908,"Chicago Bears",4.54545454545455,12.5714285714286
2022010908,"Minnesota Vikings",14.2,11
2022010909,"New York Giants",2.66666666666667,11.5333333333333
2022010909,"Washington Football Team",6.77777777777778,9.22222222222222
2022010911,"Carolina Panthers",2.1,14.2307692307692
2022010911,"Tampa Bay Buccaneers",6.17241379310345,13.1
2022010912,"Arizona Cardinals",4.66666666666667,13.4166666666667
2022010912,"Seattle Seahawks",9.875,15.4
2022010914,"Los Angeles Rams",8.09523809523809,2.4
2022010914,"San Francisco 49ers",7,9.25
2022010915,"Las Vegas Raiders",4,13.6190476190476
2022010915,"Los Angeles Chargers",7.8,12.3870967741935
2022090800,"Buffalo Bills",7.03846153846154,9
2022090800,"Los Angeles Rams",4,11.6
2022091100,"Atlanta Falcons",6.85,15.3333333333333
2022091100,"New Orleans Saints",9,8.25
2022091101,"Carolina Panthers",4.94117647058824,6.25
2022091101,"Cleveland Browns",5,11.1578947368421
2022091102,"Chicago Bears",6.75,11
2022091102,"San Francisco 49ers",8.64285714285714,6.4
2022091103,"Cincinnati Bengals",4.87878787878788,10.6315789473684
2022091103,"Pittsburgh Steelers",5.57142857142857,10.3888888888889
2022091104,"Detroit Lions",4.57142857142857,14.8235294117647
2022091104,"Philadelphia Eagles",5.84210526315789,3.33333333333333
2022091105,"Houston Texans",6.91304347826087,11.1875
2022091105,"Indianapolis Colts",5.21212121212121,8.77777777777778
2022091106,"Miami Dolphins",6.60869565217391,12.3
2022091106,"New England Patriots",6,18.9
2022091107,"Baltimore Ravens",8.64705882352941,17.5384615384615
2022091107,"New York Jets",4.78947368421053,5.45454545454545
2022091108,"New York Giants",5.05555555555556,5.33333333333333
2022091108,"Tennessee Titans",7.61904761904762,10.7333333333333
2022091109,"Jacksonville Jaguars",7.79166666666667,9.4
2022091109,"Washington Commanders",4.93103448275862,11.2857142857143
2022091110,"Arizona Cardinals",3.75,12.6428571428571
2022091110,"Kansas City Chiefs",5.45161290322581,14.9090909090909
2022091111,"Las Vegas Raiders",7.68181818181818,8.41666666666667
2022091111,"Los Angeles Chargers",6.23076923076923,9.5
2022091112,"Green Bay Packers",3.46153846153846,7
2022091112,"Minnesota Vikings",5.43478260869565,5.9
2022091113,"Dallas Cowboys",6.21739130434783,11.3809523809524
2022091113,"Tampa Bay Buccaneers",6.94444444444444,22
2022091200,"Denver Broncos",3.79310344827586,14.7333333333333
2022091200,"Seattle Seahawks",4.54166666666667,10.375
2022091500,"Kansas City Chiefs",5.5,12.2307692307692
2022091500,"Los Angeles Chargers",4.72727272727273,6.8
2022091800,"Baltimore Ravens",8.19047619047619,18.2727272727273
2022091800,"Miami Dolphins",6.64864864864865,5.83333333333333
2022091801,"Cleveland Browns",4.95454545454545,4.8
2022091801,"New York Jets",6.86206896551724,12.8888888888889
2022091802,"Detroit Lions",6.3,11.5
2022091802,"Washington Commanders",6.63333333333333,12.6
2022091803,"Indianapolis Colts",7.82352941176471,6.90909090909091
2022091803,"Jacksonville Jaguars",3.96153846153846,21.3333333333333
2022091804,"New Orleans Saints",6.96153846153846,24.4615384615385
2022091804,"Tampa Bay Buccaneers",5.73684210526316,12.6470588235294
2022091805,"Carolina Panthers",6.33333333333333,9.61111111111111
2022091805,"New York Giants",5.65217391304348,9.53846153846154
2022091806,"New England Patriots",8.21739130434783,9.69230769230769
2022091806,"Pittsburgh Steelers",4.38095238095238,13.6363636363636
2022091807,"Atlanta Falcons",6.70588235294118,12.875
2022091807,"Los Angeles Rams",5.55555555555556,9.71428571428571
2022091808,"San Francisco 49ers",4.93333333333333,14.4615384615385
2022091808,"Seattle Seahawks",6.48,6.25
2022091809,"Cincinnati Bengals",3.79166666666667,9.16666666666667
2022091809,"Dallas Cowboys",6.26315789473684,6
2022091810,"Denver Broncos",10.4,8.65
2022091810,"Houston Texans",4.9,12.1052631578947
2022091811,"Arizona Cardinals",3.78787878787879,6.22222222222222
2022091811,"Las Vegas Raiders",3.88461538461538,11.625
2022091812,"Chicago Bears",5.28571428571429,21.3333333333333
2022091812,"Green Bay Packers",5.47368421052632,5.28571428571429
2022091900,"Buffalo Bills",8.46153846153846,10.3529411764706
2022091900,"Tennessee Titans",4.92857142857143,10.1
2022091901,"Minnesota Vikings",4.33333333333333,7.05882352941176
2022091901,"Philadelphia Eagles",7.29032258064516,22.75
2022092200,"Cleveland Browns",4.80952380952381,10
2022092200,"Pittsburgh Steelers",8.71428571428571,16.0666666666667
2022092500,"Carolina Panthers",2,10.2307692307692
2022092500,"New Orleans Saints",11.5185185185185,12.75
2022092501,"Chicago Bears",7.625,5
2022092501,"Houston Texans",5,12
2022092502,"Indianapolis Colts",4.17857142857143,6.81818181818182
2022092502,"Kansas City Chiefs",5,12.7222222222222
2022092503,"Buffalo Bills",4.52380952380952,8.68181818181818
2022092503,"Miami Dolphins",10.0666666666667,5.125
2022092504,"Detroit Lions",5.8,11.2941176470588
2022092504,"Minnesota Vikings",5.875,11.2727272727273
2022092505,"Baltimore Ravens",5.83333333333333,15.1
2022092505,"New England Patriots",9.39130434782609,18.7142857142857
2022092506,"Cincinnati Bengals",6,10.1428571428571
2022092506,"New York Jets",5.55172413793103,13.9130434782609
2022092507,"Las Vegas Raiders",8.60714285714286,12.4
2022092507,"Tennessee Titans",6.52380952380952,5.42857142857143
2022092508,"Philadelphia Eagles",8.5,18.1333333333333
2022092508,"Washington Commanders",6.11538461538461,10.6315789473684
2022092509,"Jacksonville Jaguars",3.21428571428571,8.72727272727273
2022092509,"Los Angeles Chargers",4.96,11.1363636363636
2022092510,"Arizona Cardinals",4,11.0454545454545
2022092510,"Los Angeles Rams",3.83333333333333,21.5714285714286
2022092511,"Atlanta Falcons",10.4615384615385,21.8888888888889
2022092511,"Seattle Seahawks",6.57575757575758,14.2727272727273
2022092512,"Green Bay Packers",2.85185185185185,13.2857142857143
2022092512,"Tampa Bay Buccaneers",4.5625,8.38461538461539
2022092513,"Denver Broncos",4.75,15.4
2022092513,"San Francisco 49ers",7.16666666666667,9.27272727272727
2022092600,"Dallas Cowboys",5.85714285714286,12.8
2022092600,"New York Giants",4.22727272727273,10.8333333333333
2022092900,"Cincinnati Bengals",7.77272727272727,14.9090909090909
2022092900,"Miami Dolphins",8.59090909090909,13.6875
2022100200,"Minnesota Vikings",6.89285714285714,11.2666666666667
2022100200,"New Orleans Saints",8.57142857142857,16.375
2022100201,"Atlanta Falcons",11.8571428571429,13.4545454545455
2022100201,"Cleveland Browns",7.22727272727273,6.71428571428571
2022100202,"Baltimore Ravens",3.72727272727273,9.88888888888889
2022100202,"Buffalo Bills",6.31578947368421,8.41176470588235
2022100203,"Arizona Cardinals",4.84,10.8888888888889
2022100203,"Carolina Panthers",4.47826086956522,7.91666666666667
2022100204,"Dallas Cowboys",9.2,10.1428571428571
2022100204,"Washington Commanders",2.28,12.5882352941176
2022100205,"Detroit Lions",8.5,13.2857142857143
2022100205,"Seattle Seahawks",8.88,15.5
2022100206,"Houston Texans",5.92592592592593,10.4
2022100206,"Los Angeles Chargers",6.62962962962963,11.5384615384615
2022100207,"Indianapolis Colts",7.59259259259259,6.1
2022100207,"Tennessee Titans",3,7.16666666666667
2022100208,"Chicago Bears",9.09090909090909,9.75
2022100208,"New York Giants",4.72727272727273,13.5
2022100209,"Jacksonville Jaguars",7.72727272727273,8.58333333333333
2022100209,"Philadelphia Eagles",4.41176470588235,7
2022100210,"New York Jets",7.75,9.05555555555556
2022100210,"Pittsburgh Steelers",8.38888888888889,23.4285714285714
2022100211,"Green Bay Packers",6.09523809523809,16.7142857142857
2022100211,"New England Patriots",4.06666666666667,9
2022100212,"Denver Broncos",9.61111111111111,14.25
2022100212,"Las Vegas Raiders",5.09523809523809,13.5
2022100213,"Kansas City Chiefs",5.47826086956522,8.5
2022100213,"Tampa Bay Buccaneers",5.1219512195122,11.0666666666667
2022100300,"Los Angeles Rams",3.875,8.5
2022100300,"San Francisco 49ers",2.75,9.72727272727273
2022100600,"Denver Broncos",4.66666666666667,14.0588235294118
2022100600,"Indianapolis Colts",5.32142857142857,9.0625
2022100900,"Green Bay Packers",2.88,18.5625
2022100900,"New York Giants",4.66666666666667,6.83333333333333
2022100901,"Buffalo Bills",10.2272727272727,15.0714285714286
2022100901,"Pittsburgh Steelers",5.8,8.61111111111111
2022100902,"Cleveland Browns",8.54545454545454,10.3846153846154
2022100902,"Los Angeles Chargers",3.43478260869565,7.92307692307692
2022100903,"Houston Texans",3.8125,9.22222222222222
2022100903,"Jacksonville Jaguars",6.19230769230769,13.8421052631579
2022100904,"Chicago Bears",5.8,18
2022100904,"Minnesota Vikings",4.23529411764706,7.9
2022100905,"Detroit Lions",6.3,10.375
2022100905,"New England Patriots",4.66666666666667,28
2022100906,"New Orleans Saints",5.89473684210526,12.8571428571429
2022100906,"Seattle Seahawks",13.2352941176471,15.5454545454545
2022100907,"Miami Dolphins",4.94736842105263,12.8235294117647
2022100907,"New York Jets",5.42857142857143,16.25
2022100908,"Atlanta Falcons",6.5625,13
2022100908,"Tampa Bay Buccaneers",4.94285714285714,10.8888888888889
2022100909,"Tennessee Titans",6.25,12
2022100909,"Washington Commanders",8.38461538461539,11.8
2022100910,"Carolina Panthers",6,12.8888888888889
2022100910,"San Francisco 49ers",6.05263157894737,10.0769230769231
2022100911,"Arizona Cardinals",3.78571428571429,11.3076923076923
2022100911,"Philadelphia Eagles",2.80769230769231,6.4
2022100912,"Dallas Cowboys",6.1,9.33333333333333
2022100912,"Los Angeles Rams",4.89655172413793,12.8666666666667
2022100913,"Baltimore Ravens",5.21052631578947,14.1666666666667
2022100913,"Cincinnati Bengals",2.24,8.92307692307692
2022101000,"Kansas City Chiefs",5.06666666666667,10.2
2022101000,"Las Vegas Raiders",6.95,16.8461538461538
2022101300,"Chicago Bears",8.2,12.5
2022101300,"Washington Commanders",2.25,12.4166666666667
2022101600,"Atlanta Falcons",4.85714285714286,10.5
2022101600,"San Francisco 49ers",3.67741935483871,16.9
2022101601,"Cleveland Browns",8.40909090909091,13.1739130434783
2022101601,"New England Patriots",5.56,5.53846153846154
2022101602,"Green Bay Packers",5.24137931034483,13.8
2022101602,"New York Jets",5.9,9.77777777777778
2022101603,"Indianapolis Colts",4.28571428571429,7.76190476190476
2022101603,"Jacksonville Jaguars",2.8,11.5
2022101604,"Miami Dolphins",7.78787878787879,8.9375
2022101604,"Minnesota Vikings",3.8,10.7272727272727
2022101605,"Cincinnati Bengals",4.42857142857143,12.1818181818182
2022101605,"New Orleans Saints",5.57894736842105,10.9411764705882
2022101606,"Baltimore Ravens",8.29411764705882,12.0714285714286
2022101606,"New York Giants",4.6,10.5
2022101607,"Pittsburgh Steelers",7.09523809523809,7.27272727272727
2022101607,"Tampa Bay Buccaneers",6.24,9.35294117647059
2022101608,"Carolina Panthers",-1.30769230769231,4.14285714285714
2022101608,"Los Angeles Rams",3.84615384615385,7.14285714285714
2022101609,"Arizona Cardinals",4.69565217391304,14.9230769230769
2022101609,"Seattle Seahawks",4.95,9.07692307692308
2022101610,"Buffalo Bills",7.74074074074074,7.78571428571429
2022101610,"Kansas City Chiefs",5.88888888888889,9
2022101611,"Dallas Cowboys",5.3,9.27777777777778
2022101611,"Philadelphia Eagles",3.13333333333333,8.6
2022101700,"Denver Broncos",7.73333333333333,12.6666666666667
2022101700,"Los Angeles Chargers",2.52631578947368,15.0833333333333
2022102000,"Arizona Cardinals",5.5,11.7777777777778
2022102000,"New Orleans Saints",5.78125,12.2666666666667
2022102300,"Baltimore Ravens",7.11111111111111,5.375
2022102300,"Cleveland Browns",7.625,9.28571428571429
2022102301,"Carolina Panthers",6.0625,15
2022102301,"Tampa Bay Buccaneers",5.21212121212121,11.9411764705882
2022102302,"Atlanta Falcons",10.125,7.85714285714286
2022102302,"Cincinnati Bengals",8.94285714285714,6.375
2022102303,"Dallas Cowboys",6.73684210526316,20.625
2022102303,"Detroit Lions",4.45454545454545,5.33333333333333
2022102304,"Jacksonville Jaguars",8.91304347826087,12.5909090909091
2022102304,"New York Giants",5.42105263157895,9.93333333333333
2022102305,"Indianapolis Colts",3.75757575757576,5
2022102305,"Tennessee Titans",6.46153846153846,7.5
2022102306,"Green Bay Packers",3.04166666666667,11.3529411764706
2022102306,"Washington Commanders",4.65,8.08333333333333
2022102307,"Denver Broncos",5.41666666666667,16.695652173913
2022102307,"New York Jets",1.17647058823529,11.7272727272727
2022102308,"Houston Texans",4.25,7.5
2022102308,"Las Vegas Raiders",6.47619047619048,9.85714285714286
2022102309,"Los Angeles Chargers",2.79411764705882,12.2352941176471
2022102309,"Seattle Seahawks",6.04761904761905,13.1666666666667
2022102310,"Kansas City Chiefs",9.14814814814815,5.46153846153846
2022102310,"San Francisco 49ers",7,8.5
2022102311,"Miami Dolphins",8.09523809523809,12.5
2022102311,"Pittsburgh Steelers",4.37142857142857,9.66666666666667
2022102400,"Chicago Bears",8.46153846153846,11.75
2022102400,"New England Patriots",7.44444444444444,11.8888888888889
2022102700,"Baltimore Ravens",3.96428571428571,11
2022102700,"Tampa Bay Buccaneers",5.62962962962963,10.0952380952381
2022103000,"Denver Broncos",7.27777777777778,17.3636363636364
2022103000,"Jacksonville Jaguars",2.95,9.23076923076923
2022103001,"Atlanta Falcons",4.45,19
2022103001,"Carolina Panthers",9.21052631578947,13.7894736842105
2022103002,"Chicago Bears",3.84210526315789,19.2222222222222
2022103002,"Dallas Cowboys",7.38095238095238,2.4
2022103003,"Detroit Lions",4.89655172413793,13.2727272727273
2022103003,"Miami Dolphins",10.6,11.875
2022103004,"Houston Texans",4.94444444444444,14.0769230769231
2022103004,"Tennessee Titans",2.33333333333333,15
2022103005,"Arizona Cardinals",3.94117647058824,8.92307692307692
2022103005,"Minnesota Vikings",5.29166666666667,10.0714285714286
2022103006,"Las Vegas Raiders",2.43478260869565,17
2022103006,"New Orleans Saints",4.60869565217391,8.77777777777778
2022103007,"New England Patriots",2.45833333333333,7.5
2022103007,"New York Jets",8.05,10.6666666666667
2022103008,"Philadelphia Eagles",9.28571428571429,15.6363636363636
2022103008,"Pittsburgh Steelers",2.83333333333333,13.9285714285714
2022103009,"Indianapolis Colts",6.47058823529412,16.5714285714286
2022103009,"Washington Commanders",5.17391304347826,6.71428571428571
2022103010,"Los Angeles Rams",4,4.30769230769231
2022103010,"San Francisco 49ers",6.13636363636364,14.5
2022103011,"New York Giants",4.70588235294118,11.7142857142857
2022103011,"Seattle Seahawks",3.39130434782609,17.7272727272727
2022103012,"Buffalo Bills",9.6,18.25
2022103012,"Green Bay Packers",5.55,13.8
2022103100,"Cincinnati Bengals",4.34615384615385,10.1
2022103100,"Cleveland Browns",10.2352941176471,8.25
2022110300,"Houston Texans",4.69230769230769,12.7
2022110300,"Philadelphia Eagles",6.54545454545455,11.4285714285714
2022110600,"Atlanta Falcons",7.25,23.2727272727273
2022110600,"Los Angeles Chargers",4.61290322580645,8.66666666666667
2022110601,"Chicago Bears",3.64705882352941,16.4166666666667
2022110601,"Miami Dolphins",8.90909090909091,13.4545454545455
2022110602,"Carolina Panthers",4.17647058823529,9.16666666666667
2022110602,"Cincinnati Bengals",5.6,8.14285714285714
2022110603,"Detroit Lions",2.93333333333333,5.08333333333333
2022110603,"Green Bay Packers",7.24,13.3684210526316
2022110604,"Jacksonville Jaguars",5.88,4.83333333333333
2022110604,"Las Vegas Raiders",6.09090909090909,14.5333333333333
2022110605,"Indianapolis Colts",2.5625,11.3076923076923
2022110605,"New England Patriots",3.1,10.2
2022110606,"Buffalo Bills",7.47368421052632,19.7857142857143
2022110606,"New York Jets",3.77777777777778,13.1428571428571
2022110607,"Minnesota Vikings",8.39130434782609,9.70588235294118
2022110607,"Washington Commanders",6.875,8.83333333333333
2022110608,"Arizona Cardinals",3.08,13.6
2022110608,"Seattle Seahawks",2.33333333333333,6
2022110609,"Los Angeles Rams",5,12.4285714285714
2022110609,"Tampa Bay Buccaneers",4.37837837837838,6.58333333333333
2022110610,"Kansas City Chiefs",5.35555555555556,10.68
2022110610,"Tennessee Titans",2.5,15.5833333333333
2022110700,"Baltimore Ravens",6.84615384615385,15.6
2022110700,"New Orleans Saints",6.4,9.55555555555556
2022111000,"Atlanta Falcons",8.25,15.4545454545455
2022111000,"Carolina Panthers",3.7,8.66666666666667
2022111300,"Seattle Seahawks",6.73913043478261,9
2022111300,"Tampa Bay Buccaneers",7.54545454545455,10.7142857142857
2022111301,"Buffalo Bills",7.75862068965517,9.76923076923077
2022111301,"Minnesota Vikings",8.29032258064516,8.66666666666667
2022111302,"Chicago Bears",8.5,14.125
2022111302,"Detroit Lions",4.73684210526316,12
2022111303,"Jacksonville Jaguars",4.53125,13.6363636363636
2022111303,"Kansas City Chiefs",7.57692307692308,7.33333333333333
2022111304,"Cleveland Browns",6.04347826086957,14.8666666666667
2022111304,"Miami Dolphins",6.76923076923077,10.3333333333333
2022111305,"Houston Texans",5.36,8.2
2022111305,"New York Giants",5.07692307692308,7.6
2022111306,"New Orleans Saints",7.61111111111111,11.5
2022111306,"Pittsburgh Steelers",5.88888888888889,9.47058823529412
2022111307,"Denver Broncos",4.52173913043478,14.5238095238095
2022111307,"Tennessee Titans",6.68421052631579,7.94444444444444
2022111308,"Indianapolis Colts",5.08695652173913,9.14285714285714
2022111308,"Las Vegas Raiders",3.22222222222222,16
2022111309,"Dallas Cowboys",6.22222222222222,9.52631578947368
2022111309,"Green Bay Packers",7.8125,15.3333333333333
2022111310,"Arizona Cardinals",5.59259259259259,5.58333333333333
2022111310,"Los Angeles Rams",3.96,11.9166666666667
2022111311,"Los Angeles Chargers",4.90476190476191,6.125
2022111311,"San Francisco 49ers",5.36842105263158,8.88888888888889
2022111400,"Philadelphia Eagles",7.29411764705882,8.11111111111111
2022111400,"Washington Commanders",8.83333333333333,10.8181818181818
2022111700,"Green Bay Packers",5.70833333333333,14.2
2022111700,"Tennessee Titans",7.8,17
2022112000,"Atlanta Falcons",4.92857142857143,9.25
2022112000,"Chicago Bears",6.2,13.1428571428571
2022112001,"Baltimore Ravens",4.76,5.55555555555556
2022112001,"Carolina Panthers",5.61904761904762,8
2022112002,"Buffalo Bills",8.11111111111111,7.2
2022112002,"Cleveland Browns",5.68965517241379,13.8888888888889
2022112003,"Houston Texans",2.14285714285714,14
2022112003,"Washington Commanders",7.25,10.4166666666667
2022112004,"Indianapolis Colts",4.33333333333333,9.44444444444444
2022112004,"Philadelphia Eagles",5.23809523809524,17.125
2022112005,"New England Patriots",3.69565217391304,10.5
2022112005,"New York Jets",6,10.9230769230769
2022112006,"Los Angeles Rams",9.41176470588235,10.1666666666667
2022112006,"New Orleans Saints",7.18181818181818,12.6666666666667
2022112007,"Detroit Lions",3.27777777777778,9.36363636363636
2022112007,"New York Giants",7.44827586206897,9.25
2022112008,"Denver Broncos",3.75,17.6666666666667
2022112008,"Las Vegas Raiders",8.26086956521739,13.6875
2022112009,"Kansas City Chiefs",9.35,11.4375
2022112009,"Los Angeles Chargers",7.34782608695652,8.66666666666667
2022112010,"Dallas Cowboys",4.61538461538461,4.25
2022112010,"Minnesota Vikings",4.77777777777778,8.93333333333333
2022112011,"Cincinnati Bengals",7.66666666666667,8.84615384615385
2022112011,"Pittsburgh Steelers",7.69230769230769,15.3
2022112100,"Arizona Cardinals",4.8,7.83333333333333
2022112100,"San Francisco 49ers",3.85714285714286,11.1111111111111
2022112400,"Buffalo Bills",8.25,13.7368421052632
2022112400,"Detroit Lions",4.54166666666667,10.8
2022112401,"Dallas Cowboys",8.04166666666667,22.1111111111111
2022112401,"New York Giants",5.73913043478261,7.26666666666667
2022112402,"Minnesota Vikings",5.75,3.57142857142857
2022112402,"New England Patriots",7.10714285714286,10.0909090909091
2022112700,"Carolina Panthers",8.72727272727273,12.25
2022112700,"Denver Broncos",5.4,17.2941176470588
2022112701,"Cleveland Browns",4.2,19.8461538461538
2022112701,"Tampa Bay Buccaneers",3.64516129032258,21.4666666666667
2022112702,"Baltimore Ravens",11.1764705882353,13.0625
2022112702,"Jacksonville Jaguars",6.55172413793103,7.22222222222222
2022112703,"Houston Texans",3.46153846153846,8.18181818181818
2022112703,"Miami Dolphins",9.73913043478261,12.9473684210526
2022112704,"Chicago Bears",4.92857142857143,9.6
2022112704,"New York Jets",6,3.28571428571429
2022112705,"Cincinnati Bengals",7.20833333333333,6.6875
2022112705,"Tennessee Titans",6.04347826086957,12.1666666666667
2022112706,"Atlanta Falcons",6.26666666666667,5.33333333333333
2022112706,"Washington Commanders",5.86666666666667,5.25
2022112707,"Arizona Cardinals",5.5,18.3
2022112707,"Los Angeles Chargers",2.88888888888889,6.41666666666667
2022112708,"Las Vegas Raiders",6.52,11.7777777777778
2022112708,"Seattle Seahawks",7.39285714285714,9.2
2022112709,"Kansas City Chiefs",5.53571428571429,11
2022112709,"Los Angeles Rams",4.57142857142857,8.625
2022112710,"New Orleans Saints",6.22222222222222,12.375
2022112710,"San Francisco 49ers",4.30769230769231,8.72727272727273
2022112711,"Green Bay Packers",5.76470588235294,10.6666666666667
2022112711,"Philadelphia Eagles",5.875,8.58333333333333
2022112800,"Indianapolis Colts",5.39130434782609,7.41666666666667
2022112800,"Pittsburgh Steelers",4.65,8.75
2022120100,"Buffalo Bills",6.875,14.25
2022120100,"New England Patriots",2.68181818181818,11.75
2022120400,"Atlanta Falcons",9.23076923076923,23.6
2022120400,"Pittsburgh Steelers",5.4375,13.6666666666667
2022120401,"Baltimore Ravens",3.63333333333333,14.875
2022120401,"Denver Broncos",8.05882352941176,16.8333333333333
2022120402,"Chicago Bears",9.57142857142857,5.66666666666667
2022120402,"Green Bay Packers",5,18.2666666666667
2022120403,"Detroit Lions",5.83870967741935,5.83333333333333
2022120403,"Jacksonville Jaguars",5.42105263157895,11.6
2022120404,"Cleveland Browns",5.58333333333333,6.44444444444444
2022120404,"Houston Texans",4.42857142857143,14.2222222222222
2022120405,"Minnesota Vikings",6.09523809523809,13.6875
2022120405,"New York Jets",4.65625,11.9615384615385
2022120406,"New York Giants",3.07692307692308,17.1666666666667
2022120406,"Washington Commanders",4.59259259259259,14.0666666666667
2022120407,"Philadelphia Eagles",7.13333333333333,18.4285714285714
2022120407,"Tennessee Titans",6,6.90909090909091
2022120408,"Los Angeles Rams",6.42857142857143,11.7272727272727
2022120408,"Seattle Seahawks",7.96428571428571,4.91666666666667
2022120409,"Miami Dolphins",9.72222222222222,13.9230769230769
2022120409,"San Francisco 49ers",4.66666666666667,7.6875
2022120410,"Cincinnati Bengals",5.80769230769231,15.7
2022120410,"Kansas City Chiefs",7.76470588235294,14.1818181818182
2022120411,"Las Vegas Raiders",10.5,12.5384615384615
2022120411,"Los Angeles Chargers",5.46428571428571,12.4761904761905
2022120412,"Dallas Cowboys",2.5,18.6
2022120412,"Indianapolis Colts",6.33333333333333,5.42857142857143
2022120500,"New Orleans Saints",6.52380952380952,10
2022120500,"Tampa Bay Buccaneers",3.44736842105263,12.4210526315789
2022120800,"Las Vegas Raiders",8.58333333333333,8.14285714285714
2022120800,"Los Angeles Rams",7.8695652173913,12.1428571428571
2022121100,"Buffalo Bills",4.625,13.0714285714286
2022121100,"New York Jets",7.03571428571429,8.68421052631579
2022121101,"Cincinnati Bengals",8.85,7.5
2022121101,"Cleveland Browns",6.53846153846154,10.25
2022121102,"Dallas Cowboys",7.79166666666667,9
2022121102,"Houston Texans",6.8,4
2022121103,"Detroit Lions",7.88888888888889,4.08333333333333
2022121103,"Minnesota Vikings",9.29032258064516,15.5454545454545
2022121104,"New York Giants",5,8.77777777777778
2022121104,"Philadelphia Eagles",5.59090909090909,17.4545454545455
2022121105,"Baltimore Ravens",6.63636363636364,10.1666666666667
2022121105,"Pittsburgh Steelers",9.45454545454546,9.25
2022121106,"Jacksonville Jaguars",6.1,10.6153846153846
2022121106,"Tennessee Titans",6.07407407407407,16.6153846153846
2022121107,"Los Angeles Chargers",3.94871794871795,10.0769230769231
2022121107,"Miami Dolphins",7.9,15.75
2022121108,"Carolina Panthers",1.78571428571429,6.3
2022121108,"Seattle Seahawks",10.1428571428571,12.5
2022121109,"San Francisco 49ers",7,0.142857142857143
2022121109,"Tampa Bay Buccaneers",4.72222222222222,9.89473684210526
2022121110,"Denver Broncos",3.14285714285714,10.7647058823529
2022121110,"Kansas City Chiefs",2.82142857142857,16.8181818181818
2022121200,"Arizona Cardinals",5.29032258064516,13.2666666666667
2022121200,"New England Patriots",3.69230769230769,6.8
2022121500,"San Francisco 49ers",5.42105263157895,7.66666666666667
2022121500,"Seattle Seahawks",5.03030303030303,3.92307692307692
2022121700,"Indianapolis Colts",5.36842105263158,10.9285714285714
2022121700,"Minnesota Vikings",5.19444444444444,11.952380952381
2022121701,"Baltimore Ravens",4.29411764705882,11.2857142857143
2022121701,"Cleveland Browns",4.61111111111111,4.6
2022121702,"Buffalo Bills",8.52,13.9
2022121702,"Miami Dolphins",8.52941176470588,8.5
2022121800,"Carolina Panthers",9.13333333333333,11.3
2022121800,"Pittsburgh Steelers",6.94117647058824,7.2
2022121801,"Chicago Bears",5.42857142857143,11
2022121801,"Philadelphia Eagles",7.82608695652174,18.8461538461538
2022121802,"Houston Texans",4.71428571428571,13
2022121802,"Kansas City Chiefs",3.63888888888889,19.2
2022121803,"Dallas Cowboys",6.52173913043478,16.3333333333333
2022121803,"Jacksonville Jaguars",6.2962962962963,12.9285714285714
2022121804,"Detroit Lions",3.65217391304348,7.73333333333333
2022121804,"New York Jets",14.5,13.2352941176471
2022121805,"Arizona Cardinals",4.23809523809524,9.33333333333333
2022121805,"Denver Broncos",2.80952380952381,8.25
2022121806,"Los Angeles Chargers",6.92857142857143,7.84615384615385
2022121806,"Tennessee Titans",4.05555555555556,10.75
2022121807,"Cincinnati Bengals",3.18518518518519,10.2727272727273
2022121807,"Tampa Bay Buccaneers",6.23333333333333,9.38461538461539
2022121808,"Las Vegas Raiders",8.18181818181818,17.7777777777778
2022121808,"New England Patriots",3.92307692307692,13.6842105263158
2022121809,"Atlanta Falcons",3.15384615384615,15.875
2022121809,"New Orleans Saints",10.3846153846154,11.1666666666667
2022121810,"New York Giants",3.71428571428571,3.66666666666667
2022121810,"Washington Commanders",9.61111111111111,13.25
2022121900,"Green Bay Packers",3.95454545454545,7.44444444444444
2022121900,"Los Angeles Rams",3.66666666666667,8
2022122200,"Jacksonville Jaguars",2.57142857142857,9.63636363636364
2022122200,"New York Jets",5,13.6153846153846
2022122400,"Atlanta Falcons",4.56521739130435,8.25
2022122400,"Baltimore Ravens",9,14.75
2022122401,"Carolina Panthers",6.73333333333333,9
2022122401,"Detroit Lions",9.12,4.6
2022122402,"Buffalo Bills",8.26666666666667,14.4
2022122402,"Chicago Bears",4.8,7.44444444444444
2022122403,"Cleveland Browns",4.76470588235294,14.1875
2022122403,"New Orleans Saints",3,11.8333333333333
2022122404,"Kansas City Chiefs",4.0625,11.8571428571429
2022122404,"Seattle Seahawks",5.44,8.6875
2022122405,"Minnesota Vikings",4.41176470588235,12.2857142857143
2022122405,"New York Giants",5.7,6.92307692307692
2022122406,"Cincinnati Bengals",5.09756097560976,9.63636363636364
2022122406,"New England Patriots",7.85714285714286,17.2857142857143
2022122407,"Houston Texans",8.42857142857143,13.1666666666667
2022122407,"Tennessee Titans",4.8,4.57142857142857
2022122408,"San Francisco 49ers",8.625,6.16666666666667
2022122408,"Washington Commanders",8.73076923076923,15.625
2022122409,"Dallas Cowboys",7.81481481481481,7.75
2022122409,"Philadelphia Eagles",10.75,7.8125
2022122410,"Las Vegas Raiders",5.75,11.2727272727273
2022122410,"Pittsburgh Steelers",5.44444444444444,4.41666666666667
2022122500,"Green Bay Packers",5.79166666666667,11.6153846153846
2022122500,"Miami Dolphins",11.7058823529412,5.5
2022122501,"Denver Broncos",9.10526315789474,10.1666666666667
2022122501,"Los Angeles Rams",3.08333333333333,6
2022122502,"Arizona Cardinals",3.38461538461538,10.55
2022122502,"Tampa Bay Buccaneers",1.97058823529412,10
2022122600,"Indianapolis Colts",5,11
2022122600,"Los Angeles Chargers",6.08,16.1666666666667
2022122900,"Dallas Cowboys",4.56666666666667,17
2022122900,"Tennessee Titans",6.35,11.5555555555556
2023010100,"Arizona Cardinals",5.83333333333333,15.5555555555556
2023010100,"Atlanta Falcons",4.05263157894737,10.8571428571429
2023010101,"Baltimore Ravens",6.28571428571429,9.28571428571429
2023010101,"Pittsburgh Steelers",7.2,9.58333333333333
2023010102,"Chicago Bears",3.44444444444444,13.1538461538462
2023010102,"Detroit Lions",5.90476190476191,11.4444444444444
2023010103,"Houston Texans",3.4,14.2857142857143
2023010103,"Jacksonville Jaguars",3.40909090909091,11.625
2023010104,"Denver Broncos",4.81481481481481,9.23076923076923
2023010104,"Kansas City Chiefs",4.86206896551724,13.2307692307692
2023010105,"Miami Dolphins",5.75,11.0666666666667
2023010105,"New England Patriots",6.15,13.25
2023010106,"Indianapolis Colts",5.05882352941176,10
2023010106,"New York Giants",5.65,7
2023010107,"New Orleans Saints",6,4.75
2023010107,"Philadelphia Eagles",7.63157894736842,12
2023010108,"Carolina Panthers",9.26086956521739,8.29411764705882
2023010108,"Tampa Bay Buccaneers",6.83333333333333,10.6923076923077
2023010109,"Cleveland Browns",6.3,6.1
2023010109,"Washington Commanders",5.8125,8.8
2023010110,"Las Vegas Raiders",9.69565217391304,11.9166666666667
2023010110,"San Francisco 49ers",5.17391304347826,10.1428571428571
2023010111,"New York Jets",6.17391304347826,7.81818181818182
2023010111,"Seattle Seahawks",5.16666666666667,14.4166666666667
2023010112,"Green Bay Packers",5.58823529411765,19.2
2023010112,"Minnesota Vikings",6.73913043478261,7.6
2023010113,"Los Angeles Chargers",4,13.5714285714286
2023010113,"Los Angeles Rams",8.81818181818182,14.1111111111111
2023010700,"Kansas City Chiefs",5.94444444444444,17.3333333333333
2023010700,"Las Vegas Raiders",5.875,10.8571428571429
2023010701,"Jacksonville Jaguars",6.65,10.9230769230769
2023010701,"Tennessee Titans",3.55,9.88888888888889
2023010800,"Atlanta Falcons",8.15,17.9090909090909
2023010800,"Tampa Bay Buccaneers",1.09090909090909,13.75
2023010801,"Buffalo Bills",10.45,18
2023010801,"New England Patriots",5.64285714285714,9.5
2023010802,"Chicago Bears",6,11.3333333333333
2023010802,"Minnesota Vikings",6.39285714285714,19.25
2023010803,"Baltimore Ravens",7.3,7.33333333333333
2023010803,"Cincinnati Bengals",4.28,14.1111111111111
2023010804,"Detroit Lions",4.64,8.27272727272727
2023010804,"Green Bay Packers",7,13.6
2023010805,"Houston Texans",7.95833333333333,7.14285714285714
2023010805,"Indianapolis Colts",4.30434782608696,15.5454545454545
2023010807,"Miami Dolphins",5.19047619047619,9.45454545454546
2023010807,"New York Jets",5.52631578947368,13.4375
2023010808,"Carolina Panthers",4,9.55555555555556
2023010808,"New Orleans Saints",5,16
2023010809,"New York Giants",4,6.58823529411765
2023010809,"Philadelphia Eagles",4.85714285714286,9.42857142857143
2023010810,"Cleveland Browns",6.2,10.6
2023010810,"Pittsburgh Steelers",8.64285714285714,14.1052631578947
2023010811,"Dallas Cowboys",6.73333333333333,13.1739130434783
2023010811,"Washington Commanders",7.46153846153846,11
2023010812,"Denver Broncos",11.5625,13.2
2023010812,"Los Angeles Chargers",3.96666666666667,11.4285714285714
2023010814,"Los Angeles Rams",4.92857142857143,11.3076923076923
2023010814,"Seattle Seahawks",7.52631578947368,10
2023010815,"Arizona Cardinals",2.8,8.2
2023010815,"San Francisco 49ers",4.73333333333333,7.2
2023090700,"Detroit Lions",6.54545454545455,8
2023090700,"Kansas City Chiefs",5.73913043478261,15.4444444444444
2023091000,"Atlanta Falcons",3.3125,7.66666666666667
2023091000,"Carolina Panthers",2.81818181818182,11.9444444444444
2023091001,"Baltimore Ravens",4.47368421052632,9.83333333333333
2023091001,"Houston Texans",4.15625,10.1764705882353
2023091002,"Cincinnati Bengals",2.06666666666667,11.7368421052632
2023091002,"Cleveland Browns",5.75,18.8333333333333
2023091003,"Indianapolis Colts",3.42307692307692,8
2023091003,"Jacksonville Jaguars",6.76,9.57142857142857
2023091004,"Minnesota Vikings",6.03030303030303,8.45454545454546
2023091004,"Tampa Bay Buccaneers",4.28571428571429,12.4615384615385
2023091005,"New Orleans Saints",8.78260869565217,17.1
2023091005,"Tennessee Titans",4.35294117647059,9.47058823529412
2023091006,"Pittsburgh Steelers",3.93548387096774,11.7333333333333
2023091006,"San Francisco 49ers",8.73684210526316,7.6
2023091007,"Arizona Cardinals",3.08695652173913,12.8
2023091007,"Washington Commanders",6.75,10.2307692307692
2023091008,"Chicago Bears",3.58333333333333,1.16666666666667
2023091008,"Green Bay Packers",6.4,14.9166666666667
2023091009,"Denver Broncos",3.41379310344828,8.88888888888889
2023091009,"Las Vegas Raiders",6.9,7.25
2023091010,"Los Angeles Chargers",4.65217391304348,12.4285714285714
2023091010,"Miami Dolphins",10.8571428571429,11.8823529411765
2023091011,"New England Patriots",3.6,14.7222222222222
2023091011,"Philadelphia Eagles",4.91666666666667,20.5454545454545
2023091012,"Los Angeles Rams",9.5,13.75
2023091012,"Seattle Seahawks",2.5625,7.71428571428571
2023091013,"Dallas Cowboys",5.53846153846154,12.1333333333333
2023091013,"New York Giants",1.72222222222222,11.1818181818182
2023091100,"Buffalo Bills",3.73333333333333,12.6666666666667
2023091100,"New York Jets",3.42857142857143,7.875
2023091400,"Minnesota Vikings",6.42424242424242,16.7142857142857
2023091400,"Philadelphia Eagles",7.78947368421053,16
2023091700,"Atlanta Falcons",6.94736842105263,7.6875
2023091700,"Green Bay Packers",5.5,17.7692307692308
2023091701,"Buffalo Bills",3.90322580645161,10.8571428571429
2023091701,"Las Vegas Raiders",7.5625,13.8571428571429
2023091702,"Baltimore Ravens",6.625,14.9090909090909
2023091702,"Cincinnati Bengals",2.89285714285714,10.2142857142857
2023091703,"Detroit Lions",7.06896551724138,12.8571428571429
2023091703,"Seattle Seahawks",6.51515151515152,5.54545454545455
2023091704,"Houston Texans",8.5,10.2941176470588
2023091704,"Indianapolis Colts",3.92307692307692,5.75
2023091705,"Jacksonville Jaguars",4.60869565217391,9.80952380952381
2023091705,"Kansas City Chiefs",4.70967741935484,9
2023091706,"Chicago Bears",5.82352941176471,6.18181818181818
2023091706,"Tampa Bay Buccaneers",6.51851851851852,10
2023091707,"Los Angeles Chargers",7.11111111111111,19.1875
2023091707,"Tennessee Titans",9.15,9.5
2023091708,"Arizona Cardinals",6.36363636363636,15.4545454545455
2023091708,"New York Giants",8.38461538461539,12.3
2023091709,"Los Angeles Rams",4.97142857142857,9.63157894736842
2023091709,"San Francisco 49ers",6.64705882352941,13.4
2023091710,"Dallas Cowboys",3.03225806451613,10.1111111111111
2023091710,"New York Jets",6.66666666666667,11.4285714285714
2023091711,"Denver Broncos",11,7.26666666666667
2023091711,"Washington Commanders",5.07142857142857,7.21428571428571
2023091712,"Miami Dolphins",5.71428571428571,13.8888888888889
2023091712,"New England Patriots",4.4375,21.3636363636364
2023091800,"Carolina Panthers",3.36363636363636,17.4166666666667
2023091800,"New Orleans Saints",7.72727272727273,6.0625
2023091801,"Cleveland Browns",6.18181818181818,14.5
2023091801,"Pittsburgh Steelers",4.73333333333333,7
2023092100,"New York Giants",3.54545454545455,12.75
2023092100,"San Francisco 49ers",4.42307692307692,9
2023092400,"Baltimore Ravens",5,9.88888888888889
2023092400,"Indianapolis Colts",4.92592592592593,12.3529411764706
2023092401,"Cleveland Browns",6.77777777777778,18
2023092401,"Tennessee Titans",4.35714285714286,17.1538461538462
2023092402,"Atlanta Falcons",5.47619047619048,11.1052631578947
2023092402,"Detroit Lions",7.91304347826087,7.09090909090909
2023092403,"Green Bay Packers",7.29166666666667,16.0434782608696
2023092403,"New Orleans Saints",5.26086956521739,14
2023092404,"Houston Texans",6.6,12
2023092404,"Jacksonville Jaguars",4.87096774193548,12.9230769230769
2023092405,"Denver Broncos",7.64,15.4
2023092405,"Miami Dolphins",6.69230769230769,9.33333333333333
2023092406,"Los Angeles Chargers",5.97619047619048,15.7142857142857
2023092406,"Minnesota Vikings",6.66666666666667,11.3684210526316
2023092407,"New England Patriots",6.75,12.0714285714286
2023092407,"New York Jets",4.66666666666667,8.8421052631579
2023092408,"Buffalo Bills",7.05,11.2727272727273
2023092408,"Washington Commanders",6.6,7.42857142857143
2023092409,"Carolina Panthers",6.52777777777778,10.9230769230769
2023092409,"Seattle Seahawks",6.34782608695652,11.9285714285714
2023092410,"Arizona Cardinals",4.88235294117647,14
2023092410,"Dallas Cowboys",4.18518518518519,7.23529411764706
2023092411,"Chicago Bears",5.36363636363636,23.8
2023092411,"Kansas City Chiefs",7.46428571428571,8.6
2023092412,"Las Vegas Raiders",8.4,12.4615384615385
2023092412,"Pittsburgh Steelers",7.1875,9.92307692307692
2023092500,"Philadelphia Eagles",6.29166666666667,13.4615384615385
2023092500,"Tampa Bay Buccaneers",6,16.9
2023092501,"Cincinnati Bengals",5.62962962962963,8.58333333333333
2023092501,"Los Angeles Rams",9.26315789473684,9.84615384615385
2023092800,"Detroit Lions",6,6.22222222222222
2023092800,"Green Bay Packers",8.25,10.6666666666667
2023100100,"Atlanta Falcons",4.65,14
2023100100,"Jacksonville Jaguars",5.30434782608696,13.1111111111111
2023100101,"Buffalo Bills",7.47619047619048,18.2
2023100101,"Miami Dolphins",6,2.27272727272727
2023100102,"Carolina Panthers",2.77777777777778,10.3333333333333
2023100102,"Minnesota Vikings",5.73333333333333,18
2023100103,"Chicago Bears",7.32142857142857,14.5
2023100103,"Denver Broncos",4.09523809523809,13.2857142857143
2023100104,"Baltimore Ravens",5.23529411764706,5.8
2023100104,"Cleveland Browns",3.65,14.2666666666667
2023100105,"Houston Texans",7.55555555555556,8.66666666666667
2023100105,"Pittsburgh Steelers",2.57894736842105,9.6
2023100106,"Indianapolis Colts",13.0909090909091,10.8666666666667
2023100106,"Los Angeles Rams",7.79310344827586,8.38461538461539
2023100107,"New Orleans Saints",0.791666666666667,17.75
2023100107,"Tampa Bay Buccaneers",4.56,7.88888888888889
2023100108,"Philadelphia Eagles",8.04,17.6428571428571
2023100108,"Washington Commanders",5.3448275862069,20.1333333333333
2023100109,"Cincinnati Bengals",2.85,8.1
2023100109,"Tennessee Titans",8.6,18.7142857142857
2023100110,"Las Vegas Raiders",6.16,10.8125
2023100110,"Los Angeles Chargers",6.30769230769231,18
2023100111,"Dallas Cowboys",5.73333333333333,9.16666666666667
2023100111,"New England Patriots",8.375,7.5
2023100112,"Arizona Cardinals",6.64285714285714,11.3333333333333
2023100112,"San Francisco 49ers",8.95,8
2023100113,"Kansas City Chiefs",4.42105263157895,9.72727272727273
2023100113,"New York Jets",6.17241379310345,10
2023100200,"New York Giants",2.7037037037037,5.6
2023100200,"Seattle Seahawks",3.875,8.66666666666667
2023100500,"Chicago Bears",8.33333333333333,10.0714285714286
2023100500,"Washington Commanders",5.86486486486486,14.8666666666667
2023100800,"Buffalo Bills",10.3448275862069,8.07692307692308
2023100800,"Jacksonville Jaguars",7.88888888888889,10.3333333333333
2023100801,"Atlanta Falcons",7.51724137931035,11
2023100801,"Houston Texans",8.3,8.1875
2023100802,"Carolina Panthers",6.40740740740741,5.64705882352941
2023100802,"Detroit Lions",5.75,5.5
2023100803,"Indianapolis Colts",5.47619047619048,16.8888888888889
2023100803,"Tennessee Titans",6.47826086956522,9.92307692307692
2023100804,"Miami Dolphins",3.31818181818182,7.16666666666667
2023100804,"New York Giants",4.39130434782609,10.5454545454545
2023100805,"New England Patriots",5.52941176470588,17
2023100805,"New Orleans Saints",4.66666666666667,20.625
2023100806,"Baltimore Ravens",7.63636363636364,16.6
2023100806,"Pittsburgh Steelers",8.77777777777778,10.5
2023100807,"Arizona Cardinals",5.46666666666667,13.6666666666667
2023100807,"Cincinnati Bengals",4.51351351351351,13.7
2023100808,"Los Angeles Rams",5.86363636363636,14.625
2023100808,"Philadelphia Eagles",6.16,10.4615384615385
2023100809,"Denver Broncos",2.4,11.5
2023100809,"New York Jets",4.78947368421053,10.1428571428571
2023100810,"Kansas City Chiefs",4.29032258064516,12.6363636363636
2023100810,"Minnesota Vikings",4.8125,11.2
2023100811,"Dallas Cowboys",4.9375,22.2857142857143
2023100811,"San Francisco 49ers",8.21052631578947,8.7
2023100900,"Green Bay Packers",3.1875,12.5454545454545
2023100900,"Las Vegas Raiders",3.72727272727273,7.875
2023101200,"Denver Broncos",2.84615384615385,11.1111111111111
2023101200,"Kansas City Chiefs",3.26666666666667,7.63636363636364
2023101500,"Baltimore Ravens",4.76190476190476,14.75
2023101500,"Tennessee Titans",3.83333333333333,13.7142857142857
2023101501,"Atlanta Falcons",6.96428571428571,12.6875
2023101501,"Washington Commanders",5.28571428571429,14.6
2023101502,"Chicago Bears",4.6875,9.28571428571429
2023101502,"Minnesota Vikings",4.63636363636364,8.9
2023101503,"Cincinnati Bengals",3,10.0909090909091
2023101503,"Seattle Seahawks",6.81481481481481,9.13333333333333
2023101504,"Cleveland Browns",3.3,9.75
2023101504,"San Francisco 49ers",4.61538461538461,13.1111111111111
2023101505,"Houston Texans",8.46153846153846,10.8125
2023101505,"New Orleans Saints",7.02941176470588,13.9
2023101506,"Indianapolis Colts",4.31428571428571,9.78947368421053
2023101506,"Jacksonville Jaguars",4.25,15
2023101507,"Carolina Panthers",5.41666666666667,12.3333333333333
2023101507,"Miami Dolphins",6.57142857142857,12.5454545454545
2023101508,"Detroit Lions",6.03333333333333,6.35714285714286
2023101508,"Tampa Bay Buccaneers",7.57894736842105,17.1052631578947
2023101509,"Las Vegas Raiders",9.05,8.78571428571429
2023101509,"New England Patriots",2.45833333333333,12
2023101510,"Arizona Cardinals",6.57142857142857,15.1578947368421
2023101510,"Los Angeles Rams",9.46666666666667,6.5
2023101511,"New York Jets",5.15,12.0588235294118
2023101511,"Philadelphia Eagles",5.79310344827586,14.0714285714286
2023101512,"Buffalo Bills",5.31578947368421,15.8333333333333
2023101512,"New York Giants",6.8,10.0714285714286
2023101600,"Dallas Cowboys",7,12
2023101600,"Los Angeles Chargers",4.44444444444444,11.5555555555556
2023101900,"Jacksonville Jaguars",3.04761904761905,15.6
2023101900,"New Orleans Saints",3.78787878787879,8.47826086956522
2023102200,"Baltimore Ravens",7.1304347826087,14.6666666666667
2023102200,"Detroit Lions",4.85294117647059,8.35
2023102201,"Chicago Bears",2.42857142857143,0.25
2023102201,"Las Vegas Raiders",4.33333333333333,12.1111111111111
2023102202,"Cleveland Browns",5.5625,7.45
2023102202,"Indianapolis Colts",8.6875,7.71428571428571
2023102203,"Buffalo Bills",5.35714285714286,20.9333333333333
2023102203,"New England Patriots",3.92592592592593,-0.4
2023102204,"New York Giants",9.16666666666667,13.9090909090909
2023102204,"Washington Commanders",6.36363636363636,11.8
2023102205,"Atlanta Falcons",8.1578947368421,8.28571428571429
2023102205,"Tampa Bay Buccaneers",4.48148148148148,14
2023102206,"Los Angeles Rams",8.4,10.0588235294118
2023102206,"Pittsburgh Steelers",7,11.7777777777778
2023102207,"Arizona Cardinals",4.5,11.5333333333333
2023102207,"Seattle Seahawks",9.77777777777778,9.33333333333333
2023102208,"Denver Broncos",5.3,15.1818181818182
2023102208,"Green Bay Packers",3.5,13.5
2023102209,"Kansas City Chiefs",5.8125,13.0833333333333
2023102209,"Los Angeles Chargers",9.33333333333333,11.25
2023102210,"Miami Dolphins",7.33333333333333,9
2023102210,"Philadelphia Eagles",6.75,8.25
2023102300,"Minnesota Vikings",5.52777777777778,8.18181818181818
2023102300,"San Francisco 49ers",6.90476190476191,8.28571428571429
2023102600,"Buffalo Bills",5.21875,8.875
2023102600,"Tampa Bay Buccaneers",4.84615384615385,12.3684210526316
2023102900,"Carolina Panthers",5.18181818181818,7.72727272727273
2023102900,"Houston Texans",4.94117647058824,14.125
2023102901,"Dallas Cowboys",6.33333333333333,16.8571428571429
2023102901,"Los Angeles Rams",4.26315789473684,9.61538461538461
2023102902,"Green Bay Packers",5.08,14.6
2023102902,"Minnesota Vikings",6.66666666666667,8.45454545454546
2023102903,"Indianapolis Colts",5.91304347826087,10.4
2023102903,"New Orleans Saints",10.8,18.3333333333333
2023102904,"Miami Dolphins",5.93548387096774,7.8
2023102904,"New England Patriots",4.15,12.2222222222222
2023102905,"New York Giants",-1.14285714285714,3
2023102905,"New York Jets",7.23529411764706,9
2023102906,"Jacksonville Jaguars",6.53846153846154,7.5
2023102906,"Pittsburgh Steelers",4.57692307692308,14.0588235294118
2023102907,"Atlanta Falcons",7.66666666666667,9.92857142857143
2023102907,"Tennessee Titans",6.52380952380952,19.3
2023102908,"Philadelphia Eagles",6.27586206896552,15.3
2023102908,"Washington Commanders",5.825,11.8461538461538
2023102909,"Cleveland Browns",5.5,12.7647058823529
2023102909,"Seattle Seahawks",5.33333333333333,11.8333333333333
2023102910,"Arizona Cardinals",5.36,10.7272727272727
2023102910,"Baltimore Ravens",3.63157894736842,14.9230769230769
2023102911,"Denver Broncos",3.23076923076923,15.2222222222222
2023102911,"Kansas City Chiefs",3.58333333333333,12.0769230769231
2023102912,"Cincinnati Bengals",5.60714285714286,7.6
2023102912,"San Francisco 49ers",8.81818181818182,9.28571428571429
2023102913,"Chicago Bears",4.64,11.6
2023102913,"Los Angeles Chargers",2.87096774193548,10.5454545454545
2023103000,"Detroit Lions",3.69230769230769,9.18181818181818
2023103000,"Las Vegas Raiders",5.6,14.7272727272727
2023110200,"Pittsburgh Steelers",2.84210526315789,8.86666666666667
2023110200,"Tennessee Titans",6.77272727272727,13.5263157894737
2023110500,"Kansas City Chiefs",3.45,10.2727272727273
2023110500,"Miami Dolphins",5.95652173913043,12.3846153846154
2023110501,"Atlanta Falcons",4.27272727272727,17.375
2023110501,"Minnesota Vikings",4.68,9.58333333333333
2023110502,"Baltimore Ravens",5.03846153846154,19.5714285714286
2023110502,"Seattle Seahawks",7.69230769230769,8.13333333333333
2023110503,"Arizona Cardinals",2.41666666666667,1.28571428571429
2023110503,"Cleveland Browns",5.3,9.5
2023110504,"Green Bay Packers",6.2,7.71428571428571
2023110504,"Los Angeles Rams",7,10.4666666666667
2023110505,"Houston Texans",8.45454545454546,16.4285714285714
2023110505,"Tampa Bay Buccaneers",8.26086956521739,15
2023110506,"New England Patriots",4,14.2631578947368
2023110506,"Washington Commanders",5.55172413793103,15.6875
2023110507,"Chicago Bears",4.52631578947368,7.3
2023110507,"New Orleans Saints",3.38461538461538,6.4
2023110508,"Carolina Panthers",3.625,6.16666666666667
2023110508,"Indianapolis Colts",2.89473684210526,6.81818181818182
2023110509,"Las Vegas Raiders",5.4375,12.8888888888889
2023110509,"New York Giants",4.21052631578947,18.5
2023110510,"Dallas Cowboys",8.36666666666667,13.2941176470588
2023110510,"Philadelphia Eagles",6.77777777777778,17.125
2023110511,"Buffalo Bills",4.5,14.6153846153846
2023110511,"Cincinnati Bengals",5.3125,9.35714285714286
2023110600,"Los Angeles Chargers",3.94117647058824,6.28571428571429
2023110600,"New York Jets",4.38235294117647,13.4117647058824
2023110900,"Carolina Panthers",4.59090909090909,8.38888888888889
2023110900,"Chicago Bears",3.27272727272727,12.3846153846154
2023111200,"Indianapolis Colts",8.1578947368421,12.6363636363636
2023111200,"New England Patriots",3.16666666666667,4.28571428571429
2023111201,"Baltimore Ravens",7.64285714285714,10.8888888888889
2023111201,"Cleveland Browns",5.05,19.5
2023111202,"Cincinnati Bengals",6.81481481481481,11.6
2023111202,"Houston Texans",11.9130434782609,14.3125
2023111203,"Jacksonville Jaguars",4.26315789473684,11.8571428571429
2023111203,"San Francisco 49ers",8.5,1.75
2023111204,"Minnesota Vikings",6.82608695652174,10.3333333333333
2023111204,"New Orleans Saints",6.03703703703704,17.8823529411765
2023111205,"Green Bay Packers",9.27272727272727,10
2023111205,"Pittsburgh Steelers",3.86666666666667,11.1818181818182
2023111206,"Tampa Bay Buccaneers",8.88888888888889,13.6666666666667
2023111206,"Tennessee Titans",3.84210526315789,16.4545454545455
2023111207,"Arizona Cardinals",7.10526315789474,15.1538461538462
2023111207,"Atlanta Falcons",3.75,15.5833333333333
2023111208,"Detroit Lions",6.5,9.27272727272727
2023111208,"Los Angeles Chargers",5.85185185185185,10.4375
2023111209,"Dallas Cowboys",9.72727272727273,11.9
2023111209,"New York Giants",3.26666666666667,7.46153846153846
2023111210,"Seattle Seahawks",3.21875,10.0526315789474
2023111210,"Washington Commanders",2.82758620689655,9.13333333333333
2023111211,"Las Vegas Raiders",3.82352941176471,11.9
2023111211,"New York Jets",5.125,15.5625
2023111300,"Buffalo Bills",6.26666666666667,11.4
2023111300,"Denver Broncos",3.20833333333333,8.71428571428571
2023111600,"Baltimore Ravens",7,19.9230769230769
2023111600,"Cincinnati Bengals",4.4,15.6923076923077
2023111900,"Carolina Panthers",3.875,11.8333333333333
2023111900,"Dallas Cowboys",4.37037037037037,13.5625
2023111901,"Cleveland Browns",3.2,4.52631578947368
2023111901,"Pittsburgh Steelers",2.8125,9.53846153846154
2023111902,"Chicago Bears",7.625,19.6
2023111902,"Detroit Lions",6.17391304347826,11.6
2023111903,"Green Bay Packers",4.81481481481481,11.0714285714286
2023111903,"Los Angeles Chargers",7.42857142857143,12.6470588235294
2023111904,"Arizona Cardinals",5.6,16
2023111904,"Houston Texans",8.89285714285714,13.1428571428571
2023111905,"Jacksonville Jaguars",7.45833333333333,16.1
2023111905,"Tennessee Titans",6.5,5.6
2023111906,"Las Vegas Raiders",6.96,13.1428571428571
2023111906,"Miami Dolphins",6.39285714285714,7.3
2023111907,"New York Giants",8.83333333333333,11.1111111111111
2023111907,"Washington Commanders",2.74193548387097,10.8461538461538
2023111908,"San Francisco 49ers",7.28571428571429,15.4
2023111908,"Tampa Bay Buccaneers",4.16666666666667,18.5882352941176
2023111909,"Buffalo Bills",4.25,10.1428571428571
2023111909,"New York Jets",3.5625,8.73333333333333
2023111910,"Los Angeles Rams",3.45,9.88888888888889
2023111910,"Seattle Seahawks",4.92,11
2023111911,"Denver Broncos",2.78571428571429,18.875
2023111911,"Minnesota Vikings",6.19047619047619,8.08333333333333
2023112000,"Kansas City Chiefs",4.375,16
2023112000,"Philadelphia Eagles",5.86666666666667,8.42857142857143
2023112300,"Detroit Lions",6.26666666666667,9.83333333333333
2023112300,"Green Bay Packers",8.90909090909091,10.6
2023112301,"Dallas Cowboys",11.4090909090909,20.8181818181818
2023112301,"Washington Commanders",4.82758620689655,14.1764705882353
2023112302,"San Francisco 49ers",5.19047619047619,18
2023112302,"Seattle Seahawks",6,21.375
2023112400,"Miami Dolphins",5.18181818181818,2.71428571428571
2023112400,"New York Jets",2.57142857142857,7.72727272727273
2023112600,"Atlanta Falcons",8.30769230769231,5.33333333333333
2023112600,"New Orleans Saints",6.46153846153846,12
2023112601,"Cincinnati Bengals",4.9,5
2023112601,"Pittsburgh Steelers",6,12.9
2023112602,"Houston Texans",8.11111111111111,18.5
2023112602,"Jacksonville Jaguars",6.69565217391304,11
2023112603,"Indianapolis Colts",4.95833333333333,8.52941176470588
2023112603,"Tampa Bay Buccaneers",5.42857142857143,9.81818181818182
2023112604,"New England Patriots",-0.285714285714286,8.18181818181818
2023112604,"New York Giants",7.05882352941176,8.25
2023112605,"Carolina Panthers",6.11111111111111,7.88235294117647
2023112605,"Tennessee Titans",7.94444444444444,8.9
2023112606,"Arizona Cardinals",5.35714285714286,14.2105263157895
2023112606,"Los Angeles Rams",4,11.8571428571429
2023112607,"Cleveland Browns",6.45,7.875
2023112607,"Denver Broncos",7.42857142857143,8.81818181818182
2023112608,"Kansas City Chiefs",3.48148148148148,10.4285714285714
2023112608,"Las Vegas Raiders",4.47826086956522,5.09090909090909
2023112609,"Buffalo Bills",6.5,10.3636363636364
2023112609,"Philadelphia Eagles",6.33333333333333,9.76923076923077
2023112610,"Baltimore Ravens",3.05,8.07142857142857
2023112610,"Los Angeles Chargers",3.44827586206897,10.7857142857143
2023112700,"Chicago Bears",2,4.6
2023112700,"Minnesota Vikings",5.54545454545455,16.2
2023113000,"Dallas Cowboys",5.82758620689655,11.6315789473684
2023113000,"Seattle Seahawks",5.91666666666667,8.38095238095238
2023120300,"Los Angeles Chargers",4.90909090909091,10.7333333333333
2023120300,"New England Patriots",6.30769230769231,16.0769230769231
2023120301,"Detroit Lions",7,8.3
2023120301,"New Orleans Saints",7.15789473684211,12.5555555555556
2023120302,"Atlanta Falcons",8.08333333333333,11.5882352941176
2023120302,"New York Jets",7,10.2105263157895
2023120303,"Arizona Cardinals",7.57142857142857,9.08333333333333
2023120303,"Pittsburgh Steelers",8,10
2023120304,"Carolina Panthers",8.8,10.9333333333333
2023120304,"Tampa Bay Buccaneers",7.1875,12.8666666666667
2023120305,"Indianapolis Colts",7.03846153846154,8
2023120305,"Tennessee Titans",6.6875,13.1428571428571
2023120306,"Miami Dolphins",5.42105263157895,20.5714285714286
2023120306,"Washington Commanders",7,11.9
2023120307,"Denver Broncos",6.53333333333333,22.2222222222222
2023120307,"Houston Texans",8.5,12.3636363636364
2023120308,"Cleveland Browns",8.2,15.7
2023120308,"Los Angeles Rams",5.95454545454545,12.625
2023120309,"Philadelphia Eagles",5.13793103448276,10.3809523809524
2023120309,"San Francisco 49ers",5.4,8.77777777777778
2023120310,"Green Bay Packers",6.2,10.5833333333333
2023120310,"Kansas City Chiefs",3.75,18.0833333333333
2023120400,"Cincinnati Bengals",4.33333333333333,3.5
2023120400,"Jacksonville Jaguars",7.65625,29.625
2023120700,"New England Patriots",5.75,10.1111111111111
2023120700,"Pittsburgh Steelers",3.68181818181818,12.9333333333333
2023121000,"Atlanta Falcons",8.23076923076923,14.1428571428571
2023121000,"Tampa Bay Buccaneers",3.07142857142857,15.625
2023121001,"Baltimore Ravens",8.70833333333333,16.0555555555556
2023121001,"Los Angeles Rams",6.375,13.65
2023121002,"Chicago Bears",7.42857142857143,7.93333333333333
2023121002,"Detroit Lions",3.9,9.66666666666667
2023121003,"Cincinnati Bengals",3.95,8
2023121003,"Indianapolis Colts",5,8.15384615384615
2023121004,"Cleveland Browns",5.51851851851852,9.72222222222222
2023121004,"Jacksonville Jaguars",4.89285714285714,14.15
2023121005,"Carolina Panthers",6.53846153846154,16.6
2023121005,"New Orleans Saints",4.27777777777778,4.85714285714286
2023121006,"Houston Texans",6,13.55
2023121006,"New York Jets",5.92857142857143,9.5
2023121007,"Las Vegas Raiders",2.42857142857143,8.4
2023121007,"Minnesota Vikings",5.21052631578947,9.83333333333333
2023121008,"San Francisco 49ers",10.1578947368421,8.71428571428571
2023121008,"Seattle Seahawks",4.73913043478261,10.875
2023121009,"Buffalo Bills",4.04,13.7777777777778
2023121009,"Kansas City Chiefs",4.96153846153846,10.4444444444444
2023121010,"Denver Broncos",1.86363636363636,11.1818181818182
2023121010,"Los Angeles Chargers",7.45454545454545,9.25
2023121011,"Dallas Cowboys",5.56,10.7777777777778
2023121011,"Philadelphia Eagles",6.6,17
2023121100,"Miami Dolphins",6.78260869565217,11.1818181818182
2023121100,"Tennessee Titans",9.08333333333333,11.5714285714286
2023121101,"Green Bay Packers",3.36,10.8571428571429
2023121101,"New York Giants",5.47058823529412,15.4
2023121400,"Las Vegas Raiders",7.08695652173913,9.85714285714286
2023121400,"Los Angeles Chargers",3.60869565217391,9
2023121600,"Cincinnati Bengals",5.6551724137931,14.6153846153846
2023121600,"Minnesota Vikings",6.38461538461539,10.6666666666667
2023121601,"Indianapolis Colts",5.77777777777778,13.5833333333333
2023121601,"Pittsburgh Steelers",5.6,12.2857142857143
2023121602,"Denver Broncos",4.77777777777778,12.8666666666667
2023121602,"Detroit Lions",6.54166666666667,13.7272727272727
2023121700,"Green Bay Packers",5.23333333333333,11.6363636363636
2023121700,"Tampa Bay Buccaneers",9.04545454545454,10.125
2023121701,"Miami Dolphins",3.625,8
2023121701,"New York Jets",3.94736842105263,7.10526315789474
2023121702,"New Orleans Saints",5.39130434782609,10.875
2023121702,"New York Giants",2.86363636363636,10.625
2023121703,"Houston Texans",5.83333333333333,12
2023121703,"Tennessee Titans",8.94117647058824,28.25
2023121704,"Arizona Cardinals",3.92307692307692,10.75
2023121704,"San Francisco 49ers",8.38888888888889,19.1818181818182
2023121705,"Los Angeles Rams",4.68,6.66666666666667
2023121705,"Washington Commanders",8.66666666666667,10.8235294117647
2023121706,"Buffalo Bills",6.71428571428571,9.4
2023121706,"Dallas Cowboys",3.9047619047619,13.5
2023121708,"Baltimore Ravens",7.07142857142857,9.55555555555556
2023121708,"Jacksonville Jaguars",6.76,14.1578947368421
2023121709,"Atlanta Falcons",6.33333333333333,8.75
2023121709,"Carolina Panthers",7,15.7142857142857
2023121710,"Chicago Bears",3.68421052631579,14.1
2023121710,"Cleveland Browns",7.27586206896552,8.86666666666667
2023121711,"Kansas City Chiefs",3.2258064516129,13.5555555555556
2023121711,"New England Patriots",3.68,4.85714285714286
2023121801,"Philadelphia Eagles",5.64705882352941,9.66666666666667
2023121801,"Seattle Seahawks",5.68181818181818,11.8461538461538
2023122100,"Los Angeles Rams",8.33333333333333,8.09090909090909
2023122100,"New Orleans Saints",8.48148148148148,11.0833333333333
2023122300,"Cincinnati Bengals",4.72413793103448,4.58333333333333
2023122300,"Pittsburgh Steelers",6.52941176470588,13.5454545454545
2023122301,"Buffalo Bills",9.88235294117647,15.6
2023122301,"Los Angeles Chargers",5.66666666666667,12.8181818181818
2023122402,"Atlanta Falcons",4.34782608695652,5
2023122402,"Indianapolis Colts",6.09523809523809,13.3333333333333
2023122403,"Carolina Panthers",8.91304347826087,14.3571428571429
2023122403,"Green Bay Packers",7.35294117647059,13.9285714285714
2023122404,"Cleveland Browns",8.82758620689655,10.0625
2023122404,"Houston Texans",3.85714285714286,12.375
2023122405,"Detroit Lions",3.16129032258065,6.27272727272727
2023122405,"Minnesota Vikings",13.6818181818182,10.5
2023122406,"New York Jets",0.571428571428571,5.625
2023122406,"Washington Commanders",3.4375,9.5
2023122407,"Seattle Seahawks",5.34615384615385,13
2023122407,"Tennessee Titans",4.05263157894737,10.5
2023122408,"Jacksonville Jaguars",7,12.4375
2023122408,"Tampa Bay Buccaneers",7.23076923076923,7.5
2023122409,"Arizona Cardinals",2.125,12.5333333333333
2023122409,"Chicago Bears",8.1875,12.0909090909091
2023122410,"Dallas Cowboys",7.05,3.2
2023122410,"Miami Dolphins",8.20833333333333,12.2857142857143
2023122411,"Denver Broncos",3.65384615384615,19.7692307692308
2023122411,"New England Patriots",6.48,8
2023122500,"Kansas City Chiefs",1.42857142857143,8.05882352941176
2023122500,"Las Vegas Raiders",2.77777777777778,11.6923076923077
2023122501,"New York Giants",5.75,9.6875
2023122501,"Philadelphia Eagles",4.88,6.57142857142857
2023122502,"Baltimore Ravens",5.2,8.33333333333333
2023122502,"San Francisco 49ers",6.42307692307692,7.4375
2023122800,"Cleveland Browns",6.95,7.7
2023122800,"New York Jets",3.02941176470588,4.75
2023123000,"Dallas Cowboys",7.11538461538461,18.7692307692308
2023123000,"Detroit Lions",9.7,4.38461538461539
2023123101,"Baltimore Ravens",10.2,22
2023123101,"Miami Dolphins",5.43478260869565,9.53333333333333
2023123102,"Buffalo Bills",7.2,13.3333333333333
2023123102,"New England Patriots",6.5,12.5714285714286
2023123103,"Atlanta Falcons",5.23076923076923,13.0625
2023123103,"Chicago Bears",6.8,12.6153846153846
2023123104,"Houston Texans",3.125,11
2023123104,"Tennessee Titans",4.31578947368421,13.25
2023123105,"Indianapolis Colts",6.625,9.33333333333333
2023123105,"Las Vegas Raiders",6.23333333333333,14.2352941176471
2023123106,"Carolina Panthers",2.10526315789474,16.3333333333333
2023123106,"Jacksonville Jaguars",6.23529411764706,6.71428571428571
2023123107,"Los Angeles Rams",3.41666666666667,8
2023123107,"New York Giants",7.72413793103448,9.92857142857143
2023123108,"Arizona Cardinals",4.68,6.14285714285714
2023123108,"Philadelphia Eagles",5.84210526315789,28.5
2023123109,"New Orleans Saints",3.88,7.33333333333333
2023123109,"Tampa Bay Buccaneers",7.21739130434783,9.6
2023123110,"San Francisco 49ers",6.45454545454545,12.4285714285714
2023123110,"Washington Commanders",3.68421052631579,10.5
2023123111,"Pittsburgh Steelers",8.21052631578947,4.5
2023123111,"Seattle Seahawks",6.91304347826087,6.6
2023123112,"Denver Broncos",2.5,17
2023123112,"Los Angeles Chargers",5.08,11.2666666666667
2023123113,"Cincinnati Bengals",4.15,13.5
2023123113,"Kansas City Chiefs",3.85714285714286,7.33333333333333
2023123114,"Green Bay Packers",6.76,20.8888888888889
2023123114,"Minnesota Vikings",4.21052631578947,12.7692307692308
2024010600,"Baltimore Ravens",6.2,5.92307692307692
2024010600,"Pittsburgh Steelers",1.38888888888889,23.5
2024010601,"Houston Texans",7.45,18.6666666666667
2024010601,"Indianapolis Colts",5.85714285714286,13.4166666666667
2024010700,"Atlanta Falcons",3.4,14
2024010700,"New Orleans Saints",8.40909090909091,8.28571428571429
2024010701,"Cincinnati Bengals",3.66666666666667,4.5
2024010701,"Cleveland Browns",7.07692307692308,9.18181818181818
2024010702,"Jacksonville Jaguars",5.7,9.85714285714286
2024010702,"Tennessee Titans",2.64705882352941,11.1
2024010703,"Detroit Lions",6.43478260869565,12.5
2024010703,"Minnesota Vikings",8.5,8.76923076923077
2024010704,"New England Patriots",3,14.875
2024010704,"New York Jets",2.5,12
2024010705,"Carolina Panthers",3.09090909090909,10.1428571428571
2024010705,"Tampa Bay Buccaneers",2.6,15.5384615384615
2024010706,"Chicago Bears",8.36363636363636,10
2024010706,"Green Bay Packers",6.03703703703704,11.6
2024010707,"Dallas Cowboys",3.91176470588235,14.3333333333333
2024010707,"Washington Commanders",0.55,15.8333333333333
2024010708,"Denver Broncos",5.33333333333333,15.0714285714286
2024010708,"Las Vegas Raiders",8.05,6.33333333333333
2024010709,"Kansas City Chiefs",3,5.92857142857143
2024010709,"Los Angeles Chargers",2.75,13.8095238095238
2024010710,"Los Angeles Rams",5.76470588235294,15.3
2024010710,"San Francisco 49ers",6.82352941176471,14.1818181818182
2024010711,"New York Giants",6.57692307692308,18
2024010711,"Philadelphia Eagles",6.55,13.9285714285714
2024010712,"Arizona Cardinals",4.13636363636364,9.5
2024010712,"Seattle Seahawks",6.47058823529412,5.91666666666667
2024010713,"Buffalo Bills",7.09677419354839,17.5
2024010713,"Miami Dolphins",7.47058823529412,16.3
2024090500,"Baltimore Ravens",3.89655172413793,11.7058823529412
2024090500,"Kansas City Chiefs",5.15,7.125
2024090600,"Green Bay Packers",7.63157894736842,10.55
2024090600,"Philadelphia Eagles",5.19047619047619,7.38461538461539
2024090800,"Atlanta Falcons",4.83333333333333,6.11111111111111
2024090800,"Pittsburgh Steelers",7,4.33333333333333
2024090801,"Arizona Cardinals",2.95238095238095,12.9
2024090801,"Buffalo Bills",5.94444444444444,10.8333333333333
2024090802,"Chicago Bears",3.21428571428571,11.9375
2024090802,"Tennessee Titans",4.05263157894737,11.0833333333333
2024090803,"Cincinnati Bengals",4.61904761904762,10.5555555555556
2024090803,"New England Patriots",4.46666666666667,9.66666666666667
2024090804,"Houston Texans",6.36,12.125
2024090804,"Indianapolis Colts",17.8888888888889,18.4
2024090805,"Jacksonville Jaguars",9.61538461538461,12.5
2024090805,"Miami Dolphins",4.04166666666667,11.4375
2024090806,"Carolina Panthers",8.28571428571429,14.1111111111111
2024090806,"New Orleans Saints",5.65,24.6666666666667
2024090807,"Minnesota Vikings",6.7,14.8
2024090807,"New York Giants",4.68181818181818,5.85
2024090808,"Las Vegas Raiders",4.76,8.75
2024090808,"Los Angeles Chargers",3.94117647058824,10.6666666666667
2024090809,"Denver Broncos",2.69230769230769,11.3571428571429
2024090809,"Seattle Seahawks",5.6,9.8
2024090810,"Cleveland Browns",2.53846153846154,17.7
2024090810,"Dallas Cowboys",4.15789473684211,16.2307692307692
2024090811,"Tampa Bay Buccaneers",4.25,11.125
2024090811,"Washington Commanders",1.76470588235294,12.5
2024090812,"Detroit Lions",3.83333333333333,12
2024090812,"Los Angeles Rams",4.29411764705882,10.3125
2024090900,"New York Jets",4.52631578947368,11.4444444444444
2024090900,"San Francisco 49ers",8.4,12
2024091200,"Buffalo Bills",4.07692307692308,14.3333333333333
2024091200,"Miami Dolphins",2.88,17.4545454545455
2024091500,"Baltimore Ravens",7.04761904761905,10.3846153846154
2024091500,"Las Vegas Raiders",5.1,11.6666666666667
2024091501,"Carolina Panthers",1.15789473684211,6.625
2024091501,"Los Angeles Chargers",4.71428571428571,11.8571428571429
2024091502,"Dallas Cowboys",4.89285714285714,14.625
2024091502,"New Orleans Saints",11.3333333333333,1.8
2024091503,"Detroit Lions",5.22857142857143,8.57142857142857
2024091503,"Tampa Bay Buccaneers",7.91666666666667,12.8571428571429
2024091504,"Green Bay Packers",4.07142857142857,16
2024091504,"Indianapolis Colts",8.05555555555556,13.4
2024091505,"Cleveland Browns",5.625,9.15384615384615
2024091505,"Jacksonville Jaguars",9.25,14.3888888888889
2024091506,"Minnesota Vikings",6.82352941176471,5.25
2024091506,"San Francisco 49ers",8.25,9.57142857142857
2024091507,"New England Patriots",4.33333333333333,6.69230769230769
2024091507,"Seattle Seahawks",5.08571428571429,17.5384615384615
2024091508,"New York Jets",4.44444444444444,8.53846153846154
2024091508,"Tennessee Titans",5.6,14.5
2024091509,"New York Giants",4.9375,16.9230769230769
2024091509,"Washington Commanders",4,6.42857142857143
2024091510,"Arizona Cardinals",9,12.25
2024091510,"Los Angeles Rams",5.89473684210526,5.875
2024091511,"Denver Broncos",5.85714285714286,11.8823529411765
2024091511,"Pittsburgh Steelers",7.05882352941176,18.3
2024091512,"Cincinnati Bengals",5.91304347826087,7.13333333333333
2024091512,"Kansas City Chiefs",2.66666666666667,11.5
2024091513,"Chicago Bears",1.8695652173913,16.8666666666667
2024091513,"Houston Texans",5.56521739130435,11.4615384615385
2024091600,"Atlanta Falcons",6.52380952380952,10.5555555555556
2024091600,"Philadelphia Eagles",5.2,5.42857142857143
2024091900,"New England Patriots",4.29411764705882,14.7692307692308
2024091900,"New York Jets",4.46428571428571,17.5
2024092200,"Cleveland Browns",5.80952380952381,11.4117647058824
2024092200,"New York Giants",3.04166666666667,14.25
2024092201,"Chicago Bears",7.61764705882353,15.25
2024092201,"Indianapolis Colts",6.63636363636364,12.125
2024092202,"Houston Texans",5.93548387096774,5.86666666666667
2024092202,"Minnesota Vikings",8,8.83333333333333
2024092203,"New Orleans Saints",6.57142857142857,5.3
2024092203,"Philadelphia Eagles",3.96666666666667,17.25
2024092204,"Los Angeles Chargers",5.73333333333333,17.5
2024092204,"Pittsburgh Steelers",3.84615384615385,11.3333333333333
2024092205,"Denver Broncos",4.03703703703704,11.9090909090909
2024092205,"Tampa Bay Buccaneers",2.16,8.375
2024092206,"Green Bay Packers",3.57142857142857,12.8333333333333
2024092206,"Tennessee Titans",4.80769230769231,9.83333333333333
2024092207,"Carolina Panthers",4.92307692307692,8.92307692307692
2024092207,"Las Vegas Raiders",5.96296296296296,10.7333333333333
2024092208,"Miami Dolphins",4.04761904761905,10.4285714285714
2024092208,"Seattle Seahawks",5.40740740740741,7.16666666666667
2024092209,"Arizona Cardinals",7.54545454545455,18.875
2024092209,"Detroit Lions",5.44444444444444,18.5
2024092210,"Baltimore Ravens",2.23076923076923,5.33333333333333
2024092210,"Dallas Cowboys",8.53571428571429,11.2413793103448
2024092211,"Los Angeles Rams",8.58823529411765,18.2307692307692
2024092211,"San Francisco 49ers",10.1739130434783,16.4166666666667
2024092212,"Atlanta Falcons",3.95238095238095,11
2024092212,"Kansas City Chiefs",2.96153846153846,9.58333333333333
2024092300,"Buffalo Bills",2.96,12.4
2024092300,"Jacksonville Jaguars",5,9.35
2024092301,"Cincinnati Bengals",7.03448275862069,9.8
2024092301,"Washington Commanders",7.42857142857143,29.5
2024092600,"Dallas Cowboys",5.29166666666667,6
2024092600,"New York Giants",5.55172413793103,17.6666666666667
2024092900,"Atlanta Falcons",5.16666666666667,17.1428571428571
2024092900,"New Orleans Saints",5.7741935483871,8.85714285714286
2024092901,"Carolina Panthers",4.52,12.3333333333333
2024092901,"Cincinnati Bengals",3.95454545454545,10.6666666666667
2024092902,"Chicago Bears",2.35,14.7142857142857
2024092902,"Los Angeles Rams",6.42857142857143,8.44444444444444
2024092903,"Green Bay Packers",7.3125,15.15
2024092903,"Minnesota Vikings",7.85714285714286,14
2024092904,"Houston Texans",6.75862068965517,11
2024092904,"Jacksonville Jaguars",7.05555555555556,16.6
2024092905,"Indianapolis Colts",7.6,17.75
2024092905,"Pittsburgh Steelers",7.09090909090909,7
2024092906,"Denver Broncos",1.46153846153846,16.7333333333333
2024092906,"New York Jets",5.32,11.35
2024092907,"Philadelphia Eagles",5.33333333333333,15.3333333333333
2024092907,"Tampa Bay Buccaneers",5.06666666666667,9.63157894736842
2024092908,"Arizona Cardinals",4.41176470588235,10
2024092908,"Washington Commanders",4.26923076923077,21.75
2024092909,"New England Patriots",3.26315789473684,8.61538461538461
2024092909,"San Francisco 49ers",12.75,14.7272727272727
2024092910,"Kansas City Chiefs",7.75,2.7
2024092910,"Los Angeles Chargers",3.1875,11.5
2024092911,"Cleveland Browns",4.23076923076923,11.2857142857143
2024092911,"Las Vegas Raiders",4.25,14.3636363636364
2024092912,"Baltimore Ravens",4.57142857142857,9.33333333333333
2024092912,"Buffalo Bills",7,16.6
2024093000,"Miami Dolphins",3.5625,14.6666666666667
2024093000,"Tennessee Titans",4.75,4.6
2024093001,"Detroit Lions",3.75,10
2024093001,"Seattle Seahawks",4.775,9.69565217391304
2024100300,"Atlanta Falcons",5.97727272727273,9.77777777777778
2024100300,"Tampa Bay Buccaneers",3.7,10.6
2024100600,"Minnesota Vikings",9.73333333333333,16.4090909090909
2024100600,"New York Jets",4.17241379310345,11.1304347826087
2024100601,"Carolina Panthers",5.45454545454545,10.1538461538462
2024100601,"Chicago Bears",6.33333333333333,9.2
2024100602,"Baltimore Ravens",7,11.8235294117647
2024100602,"Cincinnati Bengals",7.43333333333333,11.75
2024100603,"Buffalo Bills",3.11111111111111,16.2857142857143
2024100603,"Houston Texans",5.35714285714286,8.55555555555556
2024100604,"Indianapolis Colts",6.64705882352941,10.0833333333333
2024100604,"Jacksonville Jaguars",5.79310344827586,7.2
2024100605,"Miami Dolphins",6.83333333333333,13.9285714285714
2024100605,"New England Patriots",4,12.1764705882353
2024100606,"Cleveland Browns",3.8125,13.6666666666667
2024100606,"Washington Commanders",9.5,13.25
2024100607,"Denver Broncos",3.10526315789474,9.7
2024100607,"Las Vegas Raiders",5.08695652173913,14.9333333333333
2024100608,"Arizona Cardinals",5.31578947368421,12.7
2024100608,"San Francisco 49ers",7.42105263157895,10.7857142857143
2024100609,"Green Bay Packers",6.73333333333333,13.7272727272727
2024100609,"Los Angeles Rams",4.93103448275862,12.8125
2024100610,"New York Giants",6,3.27272727272727
2024100610,"Seattle Seahawks",5.03571428571429,4.75
2024100611,"Dallas Cowboys",6.3448275862069,4.27272727272727
2024100611,"Pittsburgh Steelers",4.625,19.3076923076923
2024100700,"Kansas City Chiefs",2.96551724137931,12.9090909090909
2024100700,"New Orleans Saints",6.33333333333333,18.5714285714286
2024101000,"San Francisco 49ers",7.26315789473684,8
2024101000,"Seattle Seahawks",5.40625,13.9090909090909
2024101300,"Chicago Bears",3.16,2.42857142857143
2024101300,"Jacksonville Jaguars",4.95833333333333,15.7272727272727
2024101301,"Baltimore Ravens",8.7,16
2024101301,"Washington Commanders",7.08,11.6666666666667
2024101302,"Arizona Cardinals",4.8695652173913,7.81818181818182
2024101302,"Green Bay Packers",5,8.2
2024101303,"Houston Texans",6.36363636363636,9.53846153846154
2024101303,"New England Patriots",5.6,9.42857142857143
2024101304,"New Orleans Saints",6.26086956521739,10.1666666666667
2024101304,"Tampa Bay Buccaneers",2.95833333333333,14.3333333333333
2024101305,"Cleveland Browns",2.5625,12.3333333333333
2024101305,"Philadelphia Eagles",8.0625,13.3333333333333
2024101306,"Indianapolis Colts",4.04545454545455,16.7777777777778
2024101306,"Tennessee Titans",3.64705882352941,16
2024101307,"Denver Broncos",8.42857142857143,11.9230769230769
2024101307,"Los Angeles Chargers",4.82608695652174,12.5714285714286
2024101308,"Las Vegas Raiders",3.58620689655172,10.75
2024101308,"Pittsburgh Steelers",7.21428571428571,12.6
2024101309,"Atlanta Falcons",6.42105263157895,6.25
2024101309,"Carolina Panthers",5.55555555555556,9
2024101310,"Dallas Cowboys",4.72,10.3888888888889
2024101310,"Detroit Lions",7.85714285714286,14
2024101311,"Cincinnati Bengals",5.63157894736842,5.44444444444444
2024101311,"New York Giants",3.79166666666667,11.25
2024101400,"Buffalo Bills",6.45,15.75
2024101400,"New York Jets",6.78260869565217,9
2024101700,"Denver Broncos",4,9.81818181818182
2024101700,"New Orleans Saints",4,14.5
2024102000,"Jacksonville Jaguars",7,1.66666666666667
2024102000,"New England Patriots",5.15384615384615,12.7142857142857
2024102001,"Atlanta Falcons",5.76923076923077,9.9
2024102001,"Seattle Seahawks",9.26315789473684,19.1538461538462
2024102002,"Buffalo Bills",7.19047619047619,12.1666666666667
2024102002,"Tennessee Titans",4.16,10.7058823529412
2024102003,"Cincinnati Bengals",5.93333333333333,15.3636363636364
2024102003,"Cleveland Browns",5.15625,9.47619047619048
2024102004,"Green Bay Packers",5.36,20.75
2024102004,"Houston Texans",4,9.84615384615385
2024102005,"Indianapolis Colts",9.36363636363636,11.8571428571429
2024102005,"Miami Dolphins",5.6,10.9166666666667
2024102006,"Detroit Lions",6.13636363636364,13.6666666666667
2024102006,"Minnesota Vikings",8.30434782608696,8.625
2024102007,"New York Giants",3.31578947368421,12.8333333333333
2024102007,"Philadelphia Eagles",7.6,5.8
2024102008,"Las Vegas Raiders",2.72727272727273,10.8571428571429
2024102008,"Los Angeles Rams",3.06666666666667,12.8888888888889
2024102009,"Carolina Panthers",3.76923076923077,2.33333333333333
2024102009,"Washington Commanders",7.19047619047619,14.375
2024102010,"Kansas City Chiefs",2.82352941176471,15.5555555555556
2024102010,"San Francisco 49ers",7.36842105263158,12.2307692307692
2024102011,"New York Jets",3.75,5.84615384615385
2024102011,"Pittsburgh Steelers",9.3125,7.8
2024102100,"Baltimore Ravens",7.5,6.16666666666667
2024102100,"Tampa Bay Buccaneers",5.3125,17.4166666666667
2024102101,"Arizona Cardinals",4.14285714285714,9.76923076923077
2024102101,"Los Angeles Chargers",7.79310344827586,9.33333333333333
2024102400,"Los Angeles Rams",6.04,10.3846153846154
2024102400,"Minnesota Vikings",9.44444444444444,12.8571428571429
2024102700,"Baltimore Ravens",6.82608695652174,16
2024102700,"Cleveland Browns",9.85185185185185,11
2024102701,"Detroit Lions",1.2,11.2
2024102701,"Tennessee Titans",7.24,11.5
2024102702,"Houston Texans",7.07692307692308,8.84615384615385
2024102702,"Indianapolis Colts",9,18.952380952381
2024102703,"Green Bay Packers",7.26315789473684,17.7777777777778
2024102703,"Jacksonville Jaguars",8.66666666666667,9.63636363636364
2024102704,"Arizona Cardinals",7.67857142857143,6.3
2024102704,"Miami Dolphins",3.41379310344828,8.8
2024102705,"New England Patriots",5.47368421052632,14.9230769230769
2024102705,"New York Jets",9.16666666666667,10.5714285714286
2024102706,"Atlanta Falcons",4.73913043478261,16.4285714285714
2024102706,"Tampa Bay Buccaneers",3.78947368421053,16.0909090909091
2024102707,"Chicago Bears",9,15.6
2024102707,"Washington Commanders",9.69565217391304,13.7058823529412
2024102708,"Los Angeles Chargers",7.28571428571429,8.38461538461539
2024102708,"New Orleans Saints",6.79166666666667,7.2
2024102709,"Buffalo Bills",5.56,14.5454545454545
2024102709,"Seattle Seahawks",4,3.4
2024102710,"Cincinnati Bengals",5.42307692307692,11.7
2024102710,"Philadelphia Eagles",9.9375,3.5
2024102711,"Carolina Panthers",5.24,14.4615384615385
2024102711,"Denver Broncos",6.33333333333333,24.2222222222222
2024102712,"Kansas City Chiefs",5.55172413793103,8.3
2024102712,"Las Vegas Raiders",5.15384615384615,5
2024102713,"Dallas Cowboys",5.46153846153846,14.7692307692308
2024102713,"San Francisco 49ers",7.36842105263158,9.875
2024102800,"New York Giants",6.03703703703704,13.0769230769231
2024102800,"Pittsburgh Steelers",8.95238095238095,10
2024103100,"Houston Texans",11.8181818181818,17.7272727272727
2024103100,"New York Jets",4.5,9.27272727272727
2024110300,"Atlanta Falcons",4.10526315789474,11.6
2024110300,"Dallas Cowboys",3.80645161290323,10.4
2024110301,"Baltimore Ravens",8.8125,5.4
2024110301,"Denver Broncos",6.25,10.25
2024110302,"Buffalo Bills",2.12,8.83333333333333
2024110302,"Miami Dolphins",4.36,8
2024110303,"Carolina Panthers",4.0625,14.2
2024110303,"New Orleans Saints",4,10.125
2024110304,"Cincinnati Bengals",3.55555555555556,10.4615384615385
2024110304,"Las Vegas Raiders",5.28571428571429,14
2024110305,"Cleveland Browns",7.42857142857143,10.4705882352941
2024110305,"Los Angeles Chargers",8.36842105263158,13
2024110306,"Indianapolis Colts",7.35294117647059,8.83333333333333
2024110306,"Minnesota Vikings",6.4,2
2024110307,"New York Giants",6.47619047619048,9.71428571428571
2024110307,"Washington Commanders",6.8,7
2024110308,"New England Patriots",2.63333333333333,16.2727272727273
2024110308,"Tennessee Titans",7.95,11.1538461538462
2024110309,"Arizona Cardinals",4.46153846153846,9.71428571428571
2024110309,"Chicago Bears",5.75,12.0952380952381
2024110310,"Detroit Lions",3.22222222222222,7.2
2024110310,"Green Bay Packers",7.66666666666667,13.5625
2024110311,"Los Angeles Rams",7.6,12.2727272727273
2024110311,"Seattle Seahawks",12.2608695652174,12.5
2024110312,"Jacksonville Jaguars",7.5625,11.5
2024110312,"Philadelphia Eagles",9.42105263157895,11.7142857142857
2024110400,"Kansas City Chiefs",4.38235294117647,11.6363636363636
2024110400,"Tampa Bay Buccaneers",3.26086956521739,8.25
2024110700,"Baltimore Ravens",3.85185185185185,16.375
2024110700,"Cincinnati Bengals",6.97142857142857,11.3846153846154
2024111000,"Carolina Panthers",5.5,8.4
2024111000,"New York Giants",7.04545454545455,11.5714285714286
2024111001,"Chicago Bears",4.5,8.26666666666667
2024111001,"New England Patriots",5.58823529411765,11.5
2024111002,"Buffalo Bills",6.81818181818182,7.21428571428571
2024111002,"Indianapolis Colts",7.14285714285714,6.28571428571429
2024111003,"Jacksonville Jaguars",4.21428571428571,10.8333333333333
2024111003,"Minnesota Vikings",6.08,15.3636363636364
2024111004,"Denver Broncos",4.17391304347826,15.4444444444444
2024111004,"Kansas City Chiefs",2.78571428571429,9.64285714285714
2024111005,"Atlanta Falcons",10.5217391304348,13.2352941176471
2024111005,"New Orleans Saints",6.5,10.1111111111111
2024111006,"San Francisco 49ers",7.24,7.5
2024111006,"Tampa Bay Buccaneers",1.83333333333333,10.7692307692308
2024111007,"Pittsburgh Steelers",8.14285714285714,13.1176470588235
2024111007,"Washington Commanders",7.22222222222222,7.36842105263158
2024111008,"Los Angeles Chargers",5.07142857142857,10.2
2024111008,"Tennessee Titans",5.77777777777778,16
2024111009,"Arizona Cardinals",3.91304347826087,13.6666666666667
2024111009,"New York Jets",3,11.9285714285714
2024111010,"Dallas Cowboys",1.77777777777778,13.3846153846154
2024111010,"Philadelphia Eagles",8.33333333333333,17.2222222222222
2024111011,"Detroit Lions",6.6875,6.54545454545455
2024111011,"Houston Texans",6.05263157894737,12.6923076923077
2024111100,"Los Angeles Rams",5.40625,9.76923076923077
2024111100,"Miami Dolphins",4.3,7.85714285714286
2024111400,"Philadelphia Eagles",4.47368421052632,9.6
2024111400,"Washington Commanders",2.04545454545455,6.45454545454545
2024111700,"Chicago Bears",5.25,11.1111111111111
2024111700,"Green Bay Packers",9.07692307692308,3.75
2024111701,"Detroit Lions",7.85185185185185,6.14285714285714
2024111701,"Jacksonville Jaguars",3.88235294117647,22.1666666666667
2024111702,"Las Vegas Raiders",2.875,7.41666666666667
2024111702,"Miami Dolphins",4.33333333333333,6.88888888888889
2024111703,"Los Angeles Rams",8.73684210526316,13.3333333333333
2024111703,"New England Patriots",4.38709677419355,10.7
2024111704,"Cleveland Browns",6.06666666666667,16.5555555555556
2024111704,"New Orleans Saints",5.47826086956522,12.1666666666667
2024111705,"Baltimore Ravens",7.33333333333333,11.4375
2024111705,"Pittsburgh Steelers",3.39130434782609,11.3333333333333
2024111706,"Minnesota Vikings",6.9,12.7333333333333
2024111706,"Tennessee Titans",10.6,10.2307692307692
2024111707,"Atlanta Falcons",5.40909090909091,11.6
2024111707,"Denver Broncos",3.6551724137931,6.2
2024111708,"San Francisco 49ers",4.95454545454545,8.42857142857143
2024111708,"Seattle Seahawks",5.96153846153846,18.3333333333333
2024111709,"Buffalo Bills",4.5,14.0769230769231
2024111709,"Kansas City Chiefs",3.95652173913043,10.1111111111111
2024111710,"Cincinnati Bengals",8.75,11.32
2024111710,"Los Angeles Chargers",13.4444444444444,11.2727272727273
2024111711,"Indianapolis Colts",9.05,13.4
2024111711,"New York Jets",2.81818181818182,8.85714285714286
2024111800,"Dallas Cowboys",4.97142857142857,10.48
2024111800,"Houston Texans",4.04166666666667,5.36363636363636
2024112100,"Cleveland Browns",9.72222222222222,3.7
2024112100,"Pittsburgh Steelers",8.76190476190476,20.7777777777778
2024112400,"Carolina Panthers",7.71428571428571,10.4666666666667
2024112400,"Kansas City Chiefs",5.24137931034483,8
2024112401,"Chicago Bears",4.84848484848485,12.8125
2024112401,"Minnesota Vikings",9.08333333333333,11.8
2024112402,"Houston Texans",8.14285714285714,9.66666666666667
2024112402,"Tennessee Titans",7.33333333333333,12.3333333333333
2024112403,"Detroit Lions",3.61538461538462,11.1
2024112403,"Indianapolis Colts",10.9333333333333,15.5555555555556
2024112404,"Miami Dolphins",5.17241379310345,7.75
2024112404,"New England Patriots",4.52,12.3529411764706
2024112405,"New York Giants",4.60869565217391,11.1666666666667
2024112405,"Tampa Bay Buccaneers",6.24,10
2024112406,"Dallas Cowboys",5.73076923076923,9.66666666666667
2024112406,"Washington Commanders",6.38461538461539,13.0909090909091
2024112407,"Denver Broncos",6.12,8.44444444444444
2024112407,"Las Vegas Raiders",5.53125,4.70833333333333
2024112408,"Green Bay Packers",5.46153846153846,20.6363636363636
2024112408,"San Francisco 49ers",4.88235294117647,10.1818181818182
2024112409,"Arizona Cardinals",5.88,11.25
2024112409,"Seattle Seahawks",4.08695652173913,11.8888888888889
2024112410,"Los Angeles Rams",5.64,9.46666666666667
2024112410,"Philadelphia Eagles",4.3125,10.1111111111111
2024112500,"Baltimore Ravens",7.64705882352941,19.1428571428571
2024112500,"Los Angeles Chargers",6.57142857142857,15.7368421052632
2024112800,"Chicago Bears",7,19.5909090909091
2024112800,"Detroit Lions",3.9047619047619,10.9230769230769
2024112801,"Dallas Cowboys",3.18181818181818,12.5789473684211
2024112801,"New York Giants",4.73913043478261,11.8333333333333
2024112802,"Green Bay Packers",4.76190476190476,14.75
2024112802,"Miami Dolphins",5.73684210526316,10.3333333333333
2024112900,"Kansas City Chiefs",5.96296296296296,12.7391304347826
2024112900,"Las Vegas Raiders",8.08695652173913,5.33333333333333
2024120100,"Atlanta Falcons",3.38461538461538,14.0833333333333
2024120100,"Los Angeles Chargers",4.70588235294118,12.2857142857143
2024120101,"Cincinnati Bengals",5.14285714285714,11.6428571428571
2024120101,"Pittsburgh Steelers",5.17241379310345,6.7
2024120102,"Houston Texans",6.04166666666667,13.5
2024120102,"Jacksonville Jaguars",4.375,18.5882352941176
2024120103,"Arizona Cardinals",4.9375,9.86666666666667
2024120103,"Minnesota Vikings",5.66666666666667,11
2024120104,"Indianapolis Colts",5.07692307692308,28.25
2024120104,"New England Patriots",5.42307692307692,9.66666666666667
2024120105,"New York Jets",4.30434782608696,14.1764705882353
2024120105,"Seattle Seahawks",6.55,0.571428571428571
2024120106,"Tennessee Titans",8.21052631578947,12.4285714285714
2024120106,"Washington Commanders",3.11538461538462,16.8333333333333
2024120107,"Carolina Panthers",7.15384615384615,13
2024120107,"Tampa Bay Buccaneers",4.63636363636364,11.3333333333333
2024120108,"Los Angeles Rams",7.5,10.3636363636364
2024120108,"New Orleans Saints",4.92,10.2142857142857
2024120109,"Baltimore Ravens",6,17.2307692307692
2024120109,"Philadelphia Eagles",5.83333333333333,9.77777777777778
2024120110,"Buffalo Bills",4.64285714285714,12
2024120110,"San Francisco 49ers",2.81818181818182,8.57142857142857
2024120200,"Cleveland Browns",8.82352941176471,10.1363636363636
2024120200,"Denver Broncos",7.83333333333333,13.6315789473684
2024120500,"Detroit Lions",3.96969696969697,10.2222222222222
2024120500,"Green Bay Packers",9.61538461538461,10.4444444444444
2024120800,"Miami Dolphins",3.85294117647059,11
2024120800,"New York Jets",6,8.69230769230769
2024120801,"Atlanta Falcons",8.375,4.75
2024120801,"Minnesota Vikings",10.7727272727273,12.25
2024120802,"New Orleans Saints",5.66666666666667,19.1818181818182
2024120802,"New York Giants",7.09090909090909,8.57142857142857
2024120803,"Carolina Panthers",6.7,15.4666666666667
2024120803,"Philadelphia Eagles",4.46666666666667,9.28571428571429
2024120804,"Cleveland Browns",5.96153846153846,11.8
2024120804,"Pittsburgh Steelers",6.8125,12.4166666666667
2024120805,"Las Vegas Raiders",4.25,13
2024120805,"Tampa Bay Buccaneers",6.8,8.7
2024120806,"Jacksonville Jaguars",4.45833333333333,6.66666666666667
2024120806,"Tennessee Titans",3.36842105263158,8.28571428571429
2024120807,"Arizona Cardinals",3.59259259259259,5.21428571428571
2024120807,"Seattle Seahawks",3.12,14
2024120808,"Buffalo Bills",6.65217391304348,21.1111111111111
2024120808,"Los Angeles Rams",9.88,12.1111111111111
2024120809,"Chicago Bears",3.77777777777778,12
2024120809,"San Francisco 49ers",8.35,14
2024120810,"Kansas City Chiefs",3.58333333333333,11.5
2024120810,"Los Angeles Chargers",7.63636363636364,20.5
2024120900,"Cincinnati Bengals",4.62857142857143,7.5
2024120900,"Dallas Cowboys",6.11764705882353,9.14285714285714
2024121200,"Los Angeles Rams",4.6875,9.72727272727273
2024121200,"San Francisco 49ers",4.6,16.75
2024121500,"Carolina Panthers",5.05263157894737,14.1666666666667
2024121500,"Dallas Cowboys",6.47368421052632,4.90909090909091
2024121501,"Cleveland Browns",3,12.5
2024121501,"Kansas City Chiefs",3.19047619047619,14.7368421052632
2024121502,"Houston Texans",4.57894736842105,13.625
2024121502,"Miami Dolphins",2.03125,11.1
2024121503,"Jacksonville Jaguars",2.94285714285714,10.0714285714286
2024121503,"New York Jets",8.17647058823529,19.1176470588235
2024121504,"New Orleans Saints",8.5,9.41176470588235
2024121504,"Washington Commanders",5.22222222222222,24
2024121505,"Baltimore Ravens",8.33333333333333,20.75
2024121505,"New York Giants",5,8.75
2024121506,"Cincinnati Bengals",6.03846153846154,11
2024121506,"Tennessee Titans",4.03333333333333,12.2222222222222
2024121507,"Arizona Cardinals",3.48148148148148,14.2857142857143
2024121507,"New England Patriots",3.65,30.6666666666667
2024121508,"Denver Broncos",1.33333333333333,10.8181818181818
2024121508,"Indianapolis Colts",4.76470588235294,14.047619047619
2024121509,"Buffalo Bills",9.54166666666667,10.1818181818182
2024121509,"Detroit Lions",6.31578947368421,9.34782608695652
2024121510,"Los Angeles Chargers",6,11.3571428571429
2024121510,"Tampa Bay Buccaneers",7.69565217391304,13.3333333333333
2024121511,"Philadelphia Eagles",5.23076923076923,12.25
2024121511,"Pittsburgh Steelers",4.86666666666667,10.25
2024121512,"Green Bay Packers",4.25,17.3333333333333
2024121512,"Seattle Seahawks",6.14285714285714,5.75
2024121600,"Chicago Bears",3.84210526315789,12.1428571428571
2024121600,"Minnesota Vikings",5.38461538461539,12.8125
2024121601,"Atlanta Falcons",6.72727272727273,2
2024121601,"Las Vegas Raiders",4.95833333333333,14.4666666666667
2024121901,"Denver Broncos",1.10344827586207,7.72727272727273
2024121901,"Los Angeles Chargers",4.54166666666667,7.875
2024122100,"Houston Texans",5.79166666666667,16.7857142857143
2024122100,"Kansas City Chiefs",2.41379310344828,10.9333333333333
2024122101,"Baltimore Ravens",9.13333333333333,12
2024122101,"Pittsburgh Steelers",7.13636363636364,9.9
2024122202,"Atlanta Falcons",5.44444444444444,10.2222222222222
2024122202,"New York Giants",3.125,10.6666666666667
2024122203,"Buffalo Bills",4.58823529411765,17.0833333333333
2024122203,"New England Patriots",5.77272727272727,6.05555555555556
2024122204,"Arizona Cardinals",2.80952380952381,9.5
2024122204,"Carolina Panthers",5.41176470588235,10.2727272727273
2024122205,"Chicago Bears",5.78571428571429,14.1428571428571
2024122205,"Detroit Lions",5.69565217391304,5.44444444444444
2024122206,"Indianapolis Colts",6.85714285714286,6.66666666666667
2024122206,"Tennessee Titans",7.04166666666667,8.11111111111111
2024122207,"Los Angeles Rams",1.85714285714286,5.6
2024122207,"New York Jets",3.2258064516129,9.06666666666667
2024122208,"Philadelphia Eagles",7.86666666666667,12.5333333333333
2024122208,"Washington Commanders",6.16,6.57142857142857
2024122210,"Minnesota Vikings",7.13636363636364,8.53846153846154
2024122210,"Seattle Seahawks",4.93548387096774,16.6666666666667
2024122211,"Jacksonville Jaguars",5.96296296296296,7.625
2024122211,"Las Vegas Raiders",4.53846153846154,11.9375
2024122212,"Miami Dolphins",3.56521739130435,10.5
2024122212,"San Francisco 49ers",4.44444444444444,4.53846153846154
2024122213,"Dallas Cowboys",5.85185185185185,11.4545454545455
2024122213,"Tampa Bay Buccaneers",5.41935483870968,18
2024122214,"Cincinnati Bengals",7.26086956521739,11.1428571428571
2024122214,"Cleveland Browns",2.2,8.46666666666667
2024122300,"Green Bay Packers",5.52941176470588,10.5384615384615
2024122300,"New Orleans Saints",6.2,10.6
2024122500,"Kansas City Chiefs",4.9,8.5
2024122500,"Pittsburgh Steelers",4.54166666666667,10.6923076923077
2024122501,"Baltimore Ravens",7,20.5
2024122501,"Houston Texans",6.83333333333333,12.8
2024122600,"Chicago Bears",2,15.3333333333333
2024122600,"Seattle Seahawks",2.35294117647059,5.66666666666667
2024122800,"Los Angeles Chargers",6.42307692307692,14.625
2024122800,"New England Patriots",5.6875,10.3076923076923
2024122801,"Cincinnati Bengals",7.21951219512195,6
2024122801,"Denver Broncos",4.83333333333333,15.5
2024122802,"Arizona Cardinals",5.55882352941176,8.1875
2024122802,"Los Angeles Rams",5.33333333333333,5.6875
2024122903,"Indianapolis Colts",7.7037037037037,18.3333333333333
2024122903,"New York Giants",8.23529411764706,6.125
2024122904,"Atlanta Falcons",7.35,17.2222222222222
2024122904,"Washington Commanders",4.2,13.3333333333333
2024122905,"Buffalo Bills",6.95,11
2024122905,"New York Jets",3.04347826086957,8.55555555555556
2024122906,"Jacksonville Jaguars",4.86666666666667,7.28571428571429
2024122906,"Tennessee Titans",7.68421052631579,12.0714285714286
2024122907,"Green Bay Packers",5.9,16.75
2024122907,"Minnesota Vikings",6.29411764705882,13.2
2024122908,"Las Vegas Raiders",7.7,12.3333333333333
2024122908,"New Orleans Saints",6.95652173913043,11.3125
2024122909,"Carolina Panthers",12.3333333333333,13.5714285714286
2024122909,"Tampa Bay Buccaneers",7.03571428571429,14
2024122910,"Dallas Cowboys",5.125,10.8333333333333
2024122910,"Philadelphia Eagles",11.0714285714286,8.42857142857143
2024122911,"Cleveland Browns",4,8.65217391304348
2024122911,"Miami Dolphins",5.58333333333333,6.75
2024123000,"Detroit Lions",5.11111111111111,1.75
2024123000,"San Francisco 49ers",8.375,14.1111111111111
2025010400,"Baltimore Ravens",7.5,10.4705882352941
2025010400,"Cleveland Browns",4.78947368421053,13.3125
2025010401,"Cincinnati Bengals",4.21052631578947,3
2025010401,"Pittsburgh Steelers",5.29411764705882,10.6470588235294
2025010500,"Arizona Cardinals",4.84,12.9166666666667
2025010500,"San Francisco 49ers",7.56666666666667,7.61538461538461
2025010501,"Atlanta Falcons",11.5714285714286,10.7058823529412
2025010501,"Carolina Panthers",6.46153846153846,15.9
2025010503,"Dallas Cowboys",5.52380952380952,10.6875
2025010503,"Washington Commanders",5.14285714285714,20
2025010504,"Denver Broncos",4.96296296296296,11
2025010504,"Kansas City Chiefs",4.5,10.875
2025010505,"Detroit Lions",4.14285714285714,1.25
2025010505,"Minnesota Vikings",2.94444444444444,10.8846153846154
2025010506,"Chicago Bears",2.77272727272727,8.25
2025010506,"Green Bay Packers",7.89473684210526,6.125
2025010507,"Indianapolis Colts",7.39130434782609,14.0555555555556
2025010507,"Jacksonville Jaguars",6.23809523809524,8.72727272727273
2025010508,"Los Angeles Rams",3.77777777777778,8.07692307692308
2025010508,"Seattle Seahawks",4.95,16.5714285714286
2025010509,"Las Vegas Raiders",6.6,11.9090909090909
2025010509,"Los Angeles Chargers",7.48275862068965,8.77777777777778
2025010510,"Buffalo Bills",1.55555555555556,14.1428571428571
2025010510,"New England Patriots",7.25,14.4444444444444
2025010511,"Miami Dolphins",5.34615384615385,6.92857142857143
2025010511,"New York Jets",5.43478260869565,8.21428571428571
2025010512,"New York Giants",1.68181818181818,6.66666666666667
2025010512,"Philadelphia Eagles",5.66666666666667,8.35714285714286
2025010514,"New Orleans Saints",3.44444444444444,17.1666666666667
2025010514,"Tampa Bay Buccaneers",8.61904761904762,6.3
2025010515,"Houston Texans",6.77777777777778,8.83333333333333
2025010515,"Tennessee Titans",9.5,15.7272727272727
