"season","week","game_id","lead_changes"
2002,1,2002090500,4
2002,1,2002090800,4
2002,1,2002090801,7
2002,1,2002090802,6
2002,1,2002090803,3
2002,1,2002090804,2
2002,1,2002090805,1
2002,1,2002090806,1
2002,1,2002090807,2
2002,1,2002090808,4
2002,1,2002090809,2
2002,1,2002090810,10
2002,1,2002090811,1
2002,1,2002090812,5
2002,1,2002090813,2
2002,1,2002090900,2
2002,2,2002091500,3
2002,2,2002091501,1
2002,2,2002091502,1
2002,2,2002091503,3
2002,2,2002091504,1
2002,2,2002091505,4
2002,2,2002091506,1
2002,2,2002091507,1
2002,2,2002091508,3
2002,2,2002091509,11
2002,2,2002091510,1
2002,2,2002091511,2
2002,2,2002091512,1
2002,2,2002091513,1
2002,2,2002091514,3
2002,2,2002091600,1
2002,3,2002092200,2
2002,3,2002092201,1
2002,3,2002092202,3
2002,3,2002092203,1
2002,3,2002092204,3
2002,3,2002092205,2
2002,3,2002092206,1
2002,3,2002092207,3
2002,3,2002092208,3
2002,3,2002092209,2
2002,3,2002092210,4
2002,3,2002092211,1
2002,3,2002092212,1
2002,3,2002092300,3
2002,4,2002092900,5
2002,4,2002092901,1
2002,4,2002092902,4
2002,4,2002092903,2
2002,4,2002092904,3
2002,4,2002092905,2
2002,4,2002092906,3
2002,4,2002092907,3
2002,4,2002092908,2
2002,4,2002092909,1
2002,4,2002092910,3
2002,4,2002092911,1
2002,4,2002092912,1
2002,4,2002093000,2
2002,5,2002100600,3
2002,5,2002100601,5
2002,5,2002100602,1
2002,5,2002100603,7
2002,5,2002100604,1
2002,5,2002100605,1
2002,5,2002100606,4
2002,5,2002100607,3
2002,5,2002100608,7
2002,5,2002100609,2
2002,5,2002100610,1
2002,5,2002100611,1
2002,5,2002100612,3
2002,5,2002100700,1
2002,6,2002101300,2
2002,6,2002101301,1
2002,6,2002101302,4
2002,6,2002101303,1
2002,6,2002101304,4
2002,6,2002101305,1
2002,6,2002101306,2
2002,6,2002101307,3
2002,6,2002101308,2
2002,6,2002101309,1
2002,6,2002101310,2
2002,6,2002101311,4
2002,6,2002101312,1
2002,6,2002101400,5
2002,7,2002102000,3
2002,7,2002102001,5
2002,7,2002102002,1
2002,7,2002102003,3
2002,7,2002102004,4
2002,7,2002102005,5
2002,7,2002102006,4
2002,7,2002102007,3
2002,7,2002102008,2
2002,7,2002102009,2
2002,7,2002102010,1
2002,7,2002102011,2
2002,7,2002102012,3
2002,7,2002102100,1
2002,8,2002102700,6
2002,8,2002102701,3
2002,8,2002102702,1
2002,8,2002102703,4
2002,8,2002102704,2
2002,8,2002102705,1
2002,8,2002102706,3
2002,8,2002102707,1
2002,8,2002102708,3
2002,8,2002102709,7
2002,8,2002102710,1
2002,8,2002102711,1
2002,8,2002102712,3
2002,8,2002102800,2
2002,9,2002110300,3
2002,9,2002110301,1
2002,9,2002110302,2
2002,9,2002110303,1
2002,9,2002110304,3
2002,9,2002110305,5
2002,9,2002110306,1
2002,9,2002110307,1
2002,9,2002110308,1
2002,9,2002110309,1
2002,9,2002110310,4
2002,9,2002110311,1
2002,9,2002110312,2
2002,9,2002110400,1
2002,10,2002111000,3
2002,10,2002111001,3
2002,10,2002111002,3
2002,10,2002111003,2
2002,10,2002111004,3
2002,10,2002111005,2
2002,10,2002111006,1
2002,10,2002111007,3
2002,10,2002111008,2
2002,10,2002111009,4
2002,10,2002111010,5
2002,10,2002111011,2
2002,10,2002111012,3
2002,10,2002111100,1
2002,11,2002111700,3
2002,11,2002111701,2
2002,11,2002111702,2
2002,11,2002111703,4
2002,11,2002111704,3
2002,11,2002111705,3
2002,11,2002111706,4
2002,11,2002111707,3
2002,11,2002111708,2
2002,11,2002111709,2
2002,11,2002111710,2
2002,11,2002111711,1
2002,11,2002111712,1
2002,11,2002111713,3
2002,11,2002111714,2
2002,11,2002111800,1
2002,12,2002112400,1
2002,12,2002112401,2
2002,12,2002112402,2
2002,12,2002112403,1
2002,12,2002112404,3
2002,12,2002112405,2
2002,12,2002112406,2
2002,12,2002112407,3
2002,12,2002112408,5
2002,12,2002112409,2
2002,12,2002112410,2
2002,12,2002112411,2
2002,12,2002112412,5
2002,12,2002112413,1
2002,12,2002112414,1
2002,12,2002112500,1
2002,13,2002112800,1
2002,13,2002112801,4
2002,13,2002120100,1
2002,13,2002120101,3
2002,13,2002120102,5
2002,13,2002120103,6
2002,13,2002120104,4
2002,13,2002120105,4
2002,13,2002120106,2
2002,13,2002120107,1
2002,13,2002120108,2
2002,13,2002120109,2
2002,13,2002120110,4
2002,13,2002120111,1
2002,13,2002120112,4
2002,13,2002120200,3
2002,14,2002120800,1
2002,14,2002120801,2
2002,14,2002120802,1
2002,14,2002120803,3
2002,14,2002120804,6
2002,14,2002120805,1
2002,14,2002120806,4
2002,14,2002120807,2
2002,14,2002120808,1
2002,14,2002120809,4
2002,14,2002120810,1
2002,14,2002120811,1
2002,14,2002120812,1
2002,14,2002120813,2
2002,14,2002120814,6
2002,14,2002120900,1
2002,15,2002121500,3
2002,15,2002121501,4
2002,15,2002121502,2
2002,15,2002121503,4
2002,15,2002121504,2
2002,15,2002121505,1
2002,15,2002121506,3
2002,15,2002121507,1
2002,15,2002121508,6
2002,15,2002121509,1
2002,15,2002121510,1
2002,15,2002121511,3
2002,15,2002121512,2
2002,15,2002121513,3
2002,15,2002121514,4
2002,15,2002121600,1
2002,16,2002122100,5
2002,16,2002122101,2
2002,16,2002122102,1
2002,16,2002122200,1
2002,16,2002122201,3
2002,16,2002122202,2
2002,16,2002122203,1
2002,16,2002122204,1
2002,16,2002122205,1
2002,16,2002122206,2
2002,16,2002122207,3
2002,16,2002122208,4
2002,16,2002122209,1
2002,16,2002122210,1
2002,16,2002122211,3
2002,16,2002122300,1
2002,17,2002122800,2
2002,17,2002122801,1
2002,17,2002122900,3
2002,17,2002122901,1
2002,17,2002122902,4
2002,17,2002122903,4
2002,17,2002122904,2
2002,17,2002122905,1
2002,17,2002122906,1
2002,17,2002122907,1
2002,17,2002122908,2
2002,17,2002122909,3
2002,17,2002122910,2
2002,17,2002122911,1
2002,17,2002122912,3
2002,17,2002123000,2
2003,1,2003090400,4
2003,1,2003090700,4
2003,1,2003090701,1
2003,1,2003090702,3
2003,1,2003090703,1
2003,1,2003090704,5
2003,1,2003090705,4
2003,1,2003090706,1
2003,1,2003090707,1
2003,1,2003090708,1
2003,1,2003090709,2
2003,1,2003090710,3
2003,1,2003090711,1
2003,1,2003090712,2
2003,1,2003090713,3
2003,1,2003090800,1
2003,2,2003091400,1
2003,2,2003091401,1
2003,2,2003091402,1
2003,2,2003091403,3
2003,2,2003091404,2
2003,2,2003091405,2
2003,2,2003091406,6
2003,2,2003091407,3
2003,2,2003091408,2
2003,2,2003091409,2
2003,2,2003091410,1
2003,2,2003091411,4
2003,2,2003091412,1
2003,2,2003091413,3
2003,2,2003091414,1
2003,2,2003091500,4
2003,3,2003092100,2
2003,3,2003092101,3
2003,3,2003092102,2
2003,3,2003092103,1
2003,3,2003092104,4
2003,3,2003092105,3
2003,3,2003092106,2
2003,3,2003092107,2
2003,3,2003092108,2
2003,3,2003092109,2
2003,3,2003092110,1
2003,3,2003092111,4
2003,3,2003092112,1
2003,3,2003092200,1
2003,4,2003092800,1
2003,4,2003092801,3
2003,4,2003092802,3
2003,4,2003092803,1
2003,4,2003092804,2
2003,4,2003092805,2
2003,4,2003092806,1
2003,4,2003092807,1
2003,4,2003092808,3
2003,4,2003092809,2
2003,4,2003092810,1
2003,4,2003092811,4
2003,4,2003092812,2
2003,4,2003092900,1
2003,5,2003100500,2
2003,5,2003100501,4
2003,5,2003100502,4
2003,5,2003100503,3
2003,5,2003100504,8
2003,5,2003100505,1
2003,5,2003100506,1
2003,5,2003100507,5
2003,5,2003100508,3
2003,5,2003100509,2
2003,5,2003100510,2
2003,5,2003100511,2
2003,5,2003100512,2
2003,5,2003100600,2
2003,6,2003101200,4
2003,6,2003101201,1
2003,6,2003101202,2
2003,6,2003101203,2
2003,6,2003101204,4
2003,6,2003101205,2
2003,6,2003101206,3
2003,6,2003101207,2
2003,6,2003101208,4
2003,6,2003101209,1
2003,6,2003101210,4
2003,6,2003101211,2
2003,6,2003101212,3
2003,6,2003101300,1
2003,7,2003101900,2
2003,7,2003101901,2
2003,7,2003101902,3
2003,7,2003101903,3
2003,7,2003101904,1
2003,7,2003101905,2
2003,7,2003101906,2
2003,7,2003101907,2
2003,7,2003101908,2
2003,7,2003101909,3
2003,7,2003101910,1
2003,7,2003101911,1
2003,7,2003101912,3
2003,7,2003102000,1
2003,8,2003102600,4
2003,8,2003102601,1
2003,8,2003102602,1
2003,8,2003102603,5
2003,8,2003102604,1
2003,8,2003102605,3
2003,8,2003102606,2
2003,8,2003102607,2
2003,8,2003102608,2
2003,8,2003102609,5
2003,8,2003102610,5
2003,8,2003102611,3
2003,8,2003102612,6
2003,8,2003102700,1
2003,9,2003110200,3
2003,9,2003110201,2
2003,9,2003110202,5
2003,9,2003110203,1
2003,9,2003110204,3
2003,9,2003110205,3
2003,9,2003110206,6
2003,9,2003110207,2
2003,9,2003110208,2
2003,9,2003110209,1
2003,9,2003110210,2
2003,9,2003110211,2
2003,9,2003110212,1
2003,9,2003110300,6
2003,10,2003110900,1
2003,10,2003110901,4
2003,10,2003110902,6
2003,10,2003110903,1
2003,10,2003110904,3
2003,10,2003110905,1
2003,10,2003110906,3
2003,10,2003110907,2
2003,10,2003110908,2
2003,10,2003110909,5
2003,10,2003110910,4
2003,10,2003110911,1
2003,10,2003110912,3
2003,10,2003111000,4
2003,11,2003111600,1
2003,11,2003111601,3
2003,11,2003111602,1
2003,11,2003111603,2
2003,11,2003111604,5
2003,11,2003111605,1
2003,11,2003111606,2
2003,11,2003111607,1
2003,11,2003111608,2
2003,11,2003111609,2
2003,11,2003111610,3
2003,11,2003111611,5
2003,11,2003111612,4
2003,11,2003111613,1
2003,11,2003111614,1
2003,11,2003111700,1
2003,12,2003112300,4
2003,12,2003112301,3
2003,12,2003112302,5
2003,12,2003112303,2
2003,12,2003112304,1
2003,12,2003112305,3
2003,12,2003112306,2
2003,12,2003112307,3
2003,12,2003112308,2
2003,12,2003112309,4
2003,12,2003112310,1
2003,12,2003112311,3
2003,12,2003112312,4
2003,12,2003112313,1
2003,12,2003112314,2
2003,12,2003112400,1
2003,13,2003112700,3
2003,13,2003112701,1
2003,13,2003113000,1
2003,13,2003113001,2
2003,13,2003113002,2
2003,13,2003113003,2
2003,13,2003113004,5
2003,13,2003113005,4
2003,13,2003113006,3
2003,13,2003113007,2
2003,13,2003113008,3
2003,13,2003113009,2
2003,13,2003113010,1
2003,13,2003113011,1
2003,13,2003113012,1
2003,13,2003120100,3
2003,14,2003120700,2
2003,14,2003120701,3
2003,14,2003120702,3
2003,14,2003120703,1
2003,14,2003120704,2
2003,14,2003120705,1
2003,14,2003120706,2
2003,14,2003120707,1
2003,14,2003120708,2
2003,14,2003120709,3
2003,14,2003120710,1
2003,14,2003120711,5
2003,14,2003120712,1
2003,14,2003120713,2
2003,14,2003120714,3
2003,14,2003120800,3
2003,15,2003121400,1
2003,15,2003121401,1
2003,15,2003121402,1
2003,15,2003121403,1
2003,15,2003121404,2
2003,15,2003121405,4
2003,15,2003121406,1
2003,15,2003121407,3
2003,15,2003121408,1
2003,15,2003121409,1
2003,15,2003121410,1
2003,15,2003121411,2
2003,15,2003121412,4
2003,15,2003121413,3
2003,15,2003121414,1
2003,15,2003121501,4
2003,16,2003122000,1
2003,16,2003122001,2
2003,16,2003122002,1
2003,16,2003122100,1
2003,16,2003122101,1
2003,16,2003122102,3
2003,16,2003122103,6
2003,16,2003122104,1
2003,16,2003122105,5
2003,16,2003122106,2
2003,16,2003122107,1
2003,16,2003122108,2
2003,16,2003122109,5
2003,16,2003122110,1
2003,16,2003122111,3
2003,16,2003122200,1
2003,17,2003122700,1
2003,17,2003122701,3
2003,17,2003122702,1
2003,17,2003122800,1
2003,17,2003122801,4
2003,17,2003122802,3
2003,17,2003122803,3
2003,17,2003122804,2
2003,17,2003122805,5
2003,17,2003122806,3
2003,17,2003122807,2
2003,17,2003122808,1
2003,17,2003122809,3
2003,17,2003122810,1
2003,17,2003122811,3
2003,17,2003122812,3
2004,1,2004090900,4
2004,1,2004091100,1
2004,1,2004091200,2
2004,1,2004091201,4
2004,1,2004091202,2
2004,1,2004091203,7
2004,1,2004091205,1
2004,1,2004091206,2
2004,1,2004091207,2
2004,1,2004091208,4
2004,1,2004091209,2
2004,1,2004091210,2
2004,1,2004091211,2
2004,1,2004091212,1
2004,1,2004091213,4
2004,1,2004091300,3
2004,2,2004091900,2
2004,2,2004091901,1
2004,2,2004091902,1
2004,2,2004091903,2
2004,2,2004091904,1
2004,2,2004091905,6
2004,2,2004091906,5
2004,2,2004091907,2
2004,2,2004091908,3
2004,2,2004091909,1
2004,2,2004091910,1
2004,2,2004091911,1
2004,2,2004091912,1
2004,2,2004091913,1
2004,2,2004091914,3
2004,2,2004092000,2
2004,3,2004092600,1
2004,3,2004092601,1
2004,3,2004092602,1
2004,3,2004092603,3
2004,3,2004092604,1
2004,3,2004092605,2
2004,3,2004092606,1
2004,3,2004092607,6
2004,3,2004092608,4
2004,3,2004092609,1
2004,3,2004092610,3
2004,3,2004092611,1
2004,3,2004092612,3
2004,3,2004092700,1
2004,4,2004100300,3
2004,4,2004100301,1
2004,4,2004100302,4
2004,4,2004100303,2
2004,4,2004100304,4
2004,4,2004100305,2
2004,4,2004100306,4
2004,4,2004100307,1
2004,4,2004100308,2
2004,4,2004100309,1
2004,4,2004100310,2
2004,4,2004100311,2
2004,4,2004100312,1
2004,4,2004100400,4
2004,5,2004101000,2
2004,5,2004101001,3
2004,5,2004101002,2
2004,5,2004101003,1
2004,5,2004101004,1
2004,5,2004101005,3
2004,5,2004101006,2
2004,5,2004101007,3
2004,5,2004101008,1
2004,5,2004101009,5
2004,5,2004101010,2
2004,5,2004101011,2
2004,5,2004101012,2
2004,5,2004101100,1
2004,6,2004101700,3
2004,6,2004101701,3
2004,6,2004101702,1
2004,6,2004101703,3
2004,6,2004101704,2
2004,6,2004101705,3
2004,6,2004101706,1
2004,6,2004101707,2
2004,6,2004101708,1
2004,6,2004101709,4
2004,6,2004101710,4
2004,6,2004101711,2
2004,6,2004101712,1
2004,6,2004101800,4
2004,7,2004102400,2
2004,7,2004102401,2
2004,7,2004102402,5
2004,7,2004102403,7
2004,7,2004102404,2
2004,7,2004102405,2
2004,7,2004102406,2
2004,7,2004102407,3
2004,7,2004102408,1
2004,7,2004102409,3
2004,7,2004102410,3
2004,7,2004102411,3
2004,7,2004102412,2
2004,7,2004102500,1
2004,8,2004103100,1
2004,8,2004103101,3
2004,8,2004103102,1
2004,8,2004103103,2
2004,8,2004103104,1
2004,8,2004103105,2
2004,8,2004103106,3
2004,8,2004103107,1
2004,8,2004103108,2
2004,8,2004103109,1
2004,8,2004103110,2
2004,8,2004103111,1
2004,8,2004103112,4
2004,8,2004110100,2
2004,9,2004110700,3
2004,9,2004110701,2
2004,9,2004110702,1
2004,9,2004110703,2
2004,9,2004110704,5
2004,9,2004110705,1
2004,9,2004110706,8
2004,9,2004110707,2
2004,9,2004110708,1
2004,9,2004110709,5
2004,9,2004110710,1
2004,9,2004110711,5
2004,9,2004110712,4
2004,9,2004110800,4
2004,10,2004111400,1
2004,10,2004111401,2
2004,10,2004111402,1
2004,10,2004111403,2
2004,10,2004111404,3
2004,10,2004111405,3
2004,10,2004111406,1
2004,10,2004111407,4
2004,10,2004111408,1
2004,10,2004111409,2
2004,10,2004111410,3
2004,10,2004111411,4
2004,10,2004111412,1
2004,10,2004111500,1
2004,11,2004112100,2
2004,11,2004112101,4
2004,11,2004112102,1
2004,11,2004112103,1
2004,11,2004112104,5
2004,11,2004112105,2
2004,11,2004112106,4
2004,11,2004112107,3
2004,11,2004112108,1
2004,11,2004112109,1
2004,11,2004112110,1
2004,11,2004112111,3
2004,11,2004112112,1
2004,11,2004112113,2
2004,11,2004112114,3
2004,11,2004112200,3
2004,12,2004112500,1
2004,12,2004112501,2
2004,12,2004112800,3
2004,12,2004112801,4
2004,12,2004112802,2
2004,12,2004112803,7
2004,12,2004112804,4
2004,12,2004112805,2
2004,12,2004112806,2
2004,12,2004112807,1
2004,12,2004112808,3
2004,12,2004112809,2
2004,12,2004112810,3
2004,12,2004112811,1
2004,12,2004112812,4
2004,12,2004112900,1
2004,13,2004120500,5
2004,13,2004120501,4
2004,13,2004120502,1
2004,13,2004120503,2
2004,13,2004120504,5
2004,13,2004120505,4
2004,13,2004120506,1
2004,13,2004120507,3
2004,13,2004120508,2
2004,13,2004120509,1
2004,13,2004120510,6
2004,13,2004120511,2
2004,13,2004120512,1
2004,13,2004120513,1
2004,13,2004120514,4
2004,13,2004120600,4
2004,14,2004121200,2
2004,14,2004121201,1
2004,14,2004121202,3
2004,14,2004121203,3
2004,14,2004121204,2
2004,14,2004121205,1
2004,14,2004121206,1
2004,14,2004121207,6
2004,14,2004121208,2
2004,14,2004121209,4
2004,14,2004121210,2
2004,14,2004121211,2
2004,14,2004121212,1
2004,14,2004121213,4
2004,14,2004121214,2
2004,14,2004121300,6
2004,15,2004121800,7
2004,15,2004121801,2
2004,15,2004121802,4
2004,15,2004121900,1
2004,15,2004121901,2
2004,15,2004121902,5
2004,15,2004121903,3
2004,15,2004121904,1
2004,15,2004121905,3
2004,15,2004121906,3
2004,15,2004121907,1
2004,15,2004121908,3
2004,15,2004121909,1
2004,15,2004121910,4
2004,15,2004121911,2
2004,15,2004122000,5
2004,16,2004122400,6
2004,16,2004122500,7
2004,16,2004122501,1
2004,16,2004122600,6
2004,16,2004122601,1
2004,16,2004122602,2
2004,16,2004122603,1
2004,16,2004122604,3
2004,16,2004122605,2
2004,16,2004122606,2
2004,16,2004122607,1
2004,16,2004122608,1
2004,16,2004122609,4
2004,16,2004122610,2
2004,16,2004122611,2
2004,16,2004122700,2
2004,17,2005010200,2
2004,17,2005010201,5
2004,17,2005010202,2
2004,17,2005010203,2
2004,17,2005010204,3
2004,17,2005010205,2
2004,17,2005010206,1
2004,17,2005010207,7
2004,17,2005010208,3
2004,17,2005010209,1
2004,17,2005010210,3
2004,17,2005010211,3
2004,17,2005010212,2
2004,17,2005010213,3
2004,17,2005010214,2
2004,17,2005010215,6
2005,1,2005090800,4
2005,1,2005091100,3
2005,1,2005091101,1
2005,1,2005091102,3
2005,1,2005091103,5
2005,1,2005091104,2
2005,1,2005091105,5
2005,1,2005091106,3
2005,1,2005091107,1
2005,1,2005091108,1
2005,1,2005091109,2
2005,1,2005091110,3
2005,1,2005091111,1
2005,1,2005091112,1
2005,1,2005091113,2
2005,1,2005091200,1
2005,2,2005091800,1
2005,2,2005091801,1
2005,2,2005091802,1
2005,2,2005091803,2
2005,2,2005091804,1
2005,2,2005091805,2
2005,2,2005091807,1
2005,2,2005091808,1
2005,2,2005091809,1
2005,2,2005091810,1
2005,2,2005091811,2
2005,2,2005091812,1
2005,2,2005091813,4
2005,2,2005091814,3
2005,2,2005091900,2
2005,2,2005091901,1
2005,3,2005092500,2
2005,3,2005092501,2
2005,3,2005092502,1
2005,3,2005092503,1
2005,3,2005092504,4
2005,3,2005092505,1
2005,3,2005092506,3
2005,3,2005092507,1
2005,3,2005092508,3
2005,3,2005092509,2
2005,3,2005092510,2
2005,3,2005092511,4
2005,3,2005092512,2
2005,3,2005092600,1
2005,4,2005100200,2
2005,4,2005100201,1
2005,4,2005100202,3
2005,4,2005100203,3
2005,4,2005100204,1
2005,4,2005100205,2
2005,4,2005100206,6
2005,4,2005100207,3
2005,4,2005100208,1
2005,4,2005100209,1
2005,4,2005100210,1
2005,4,2005100211,1
2005,4,2005100212,2
2005,4,2005100300,2
2005,5,2005100900,1
2005,5,2005100901,4
2005,5,2005100902,1
2005,5,2005100903,2
2005,5,2005100904,2
2005,5,2005100905,4
2005,5,2005100906,4
2005,5,2005100907,1
2005,5,2005100908,1
2005,5,2005100909,5
2005,5,2005100910,1
2005,5,2005100911,2
2005,5,2005100912,1
2005,5,2005101000,5
2005,6,2005101600,6
2005,6,2005101601,4
2005,6,2005101602,4
2005,6,2005101603,1
2005,6,2005101604,4
2005,6,2005101605,1
2005,6,2005101606,2
2005,6,2005101607,3
2005,6,2005101608,5
2005,6,2005101609,2
2005,6,2005101610,1
2005,6,2005101611,1
2005,6,2005101612,1
2005,6,2005101700,2
2005,7,2005102100,1
2005,7,2005102300,4
2005,7,2005102301,3
2005,7,2005102302,2
2005,7,2005102304,2
2005,7,2005102305,2
2005,7,2005102306,3
2005,7,2005102307,1
2005,7,2005102308,2
2005,7,2005102309,1
2005,7,2005102310,3
2005,7,2005102311,4
2005,7,2005102312,2
2005,7,2005102400,1
2005,8,2005103000,3
2005,8,2005103001,3
2005,8,2005103002,4
2005,8,2005103003,2
2005,8,2005103004,5
2005,8,2005103005,2
2005,8,2005103006,1
2005,8,2005103007,1
2005,8,2005103008,1
2005,8,2005103009,1
2005,8,2005103010,1
2005,8,2005103011,2
2005,8,2005103012,4
2005,8,2005103100,5
2005,9,2005110600,2
2005,9,2005110601,1
2005,9,2005110602,5
2005,9,2005110603,2
2005,9,2005110604,1
2005,9,2005110605,3
2005,9,2005110606,5
2005,9,2005110607,1
2005,9,2005110608,2
2005,9,2005110609,1
2005,9,2005110610,2
2005,9,2005110611,1
2005,9,2005110612,3
2005,9,2005110700,2
2005,10,2005111300,1
2005,10,2005111301,2
2005,10,2005111302,1
2005,10,2005111303,2
2005,10,2005111304,2
2005,10,2005111305,4
2005,10,2005111306,2
2005,10,2005111307,4
2005,10,2005111308,1
2005,10,2005111309,1
2005,10,2005111310,2
2005,10,2005111311,2
2005,10,2005111312,2
2005,10,2005111400,3
2005,11,2005112000,5
2005,11,2005112001,1
2005,11,2005112002,1
2005,11,2005112003,1
2005,11,2005112004,4
2005,11,2005112005,1
2005,11,2005112006,1
2005,11,2005112007,2
2005,11,2005112008,1
2005,11,2005112009,5
2005,11,2005112010,2
2005,11,2005112011,1
2005,11,2005112012,1
2005,11,2005112013,3
2005,11,2005112014,1
2005,11,2005112100,4
2005,12,2005112400,1
2005,12,2005112401,4
2005,12,2005112700,1
2005,12,2005112701,4
2005,12,2005112702,1
2005,12,2005112703,1
2005,12,2005112704,1
2005,12,2005112705,4
2005,12,2005112706,5
2005,12,2005112707,2
2005,12,2005112708,1
2005,12,2005112709,2
2005,12,2005112710,3
2005,12,2005112711,4
2005,12,2005112712,4
2005,12,2005112800,1
2005,13,2005120400,2
2005,13,2005120401,2
2005,13,2005120402,4
2005,13,2005120403,1
2005,13,2005120404,3
2005,13,2005120405,6
2005,13,2005120406,3
2005,13,2005120407,2
2005,13,2005120408,1
2005,13,2005120409,1
2005,13,2005120410,5
2005,13,2005120411,2
2005,13,2005120412,6
2005,13,2005120413,2
2005,13,2005120414,3
2005,13,2005120500,1
2005,14,2005121100,1
2005,14,2005121101,4
2005,14,2005121102,3
2005,14,2005121103,1
2005,14,2005121104,1
2005,14,2005121105,1
2005,14,2005121106,2
2005,14,2005121107,1
2005,14,2005121108,4
2005,14,2005121109,1
2005,14,2005121110,4
2005,14,2005121111,2
2005,14,2005121112,6
2005,14,2005121113,2
2005,14,2005121114,2
2005,14,2005121200,3
2005,15,2005121700,1
2005,15,2005121701,3
2005,15,2005121702,2
2005,15,2005121800,4
2005,15,2005121801,2
2005,15,2005121802,1
2005,15,2005121803,3
2005,15,2005121804,2
2005,15,2005121805,3
2005,15,2005121806,3
2005,15,2005121807,4
2005,15,2005121808,1
2005,15,2005121809,2
2005,15,2005121810,4
2005,15,2005121811,2
2005,15,2005121900,1
2005,16,2005122400,5
2005,16,2005122401,8
2005,16,2005122402,5
2005,16,2005122403,5
2005,16,2005122404,6
2005,16,2005122405,3
2005,16,2005122406,1
2005,16,2005122407,2
2005,16,2005122408,3
2005,16,2005122409,2
2005,16,2005122410,1
2005,16,2005122411,2
2005,16,2005122412,1
2005,16,2005122500,2
2005,16,2005122501,4
2005,16,2005122600,2
2005,17,2005123100,1
2005,17,2005123101,2
2005,17,2006010100,1
2005,17,2006010101,2
2005,17,2006010102,6
2005,17,2006010103,1
2005,17,2006010104,2
2005,17,2006010105,2
2005,17,2006010106,3
2005,17,2006010107,2
2005,17,2006010108,1
2005,17,2006010109,3
2005,17,2006010110,1
2005,17,2006010111,5
2005,17,2006010112,5
2005,17,2006010113,3
2006,1,2006090700,4
2006,1,2006091000,2
2006,1,2006091001,1
2006,1,2006091002,3
2006,1,2006091003,3
2006,1,2006091004,2
2006,1,2006091005,3
2006,1,2006091006,1
2006,1,2006091007,1
2006,1,2006091008,2
2006,1,2006091009,2
2006,1,2006091010,1
2006,1,2006091011,2
2006,1,2006091012,1
2006,1,2006091100,4
2006,1,2006091101,1
2006,2,2006091700,1
2006,2,2006091701,1
2006,2,2006091702,1
2006,2,2006091703,1
2006,2,2006091704,3
2006,2,2006091705,1
2006,2,2006091706,1
2006,2,2006091707,4
2006,2,2006091708,3
2006,2,2006091709,3
2006,2,2006091710,1
2006,2,2006091711,2
2006,2,2006091712,1
2006,2,2006091713,1
2006,2,2006091714,1
2006,2,2006091800,1
2006,3,2006092400,3
2006,3,2006092401,3
2006,3,2006092402,2
2006,3,2006092403,2
2006,3,2006092404,4
2006,3,2006092405,5
2006,3,2006092406,4
2006,3,2006092407,5
2006,3,2006092408,3
2006,3,2006092409,2
2006,3,2006092410,1
2006,3,2006092411,1
2006,3,2006092412,1
2006,3,2006092500,1
2006,4,2006100100,3
2006,4,2006100101,3
2006,4,2006100102,2
2006,4,2006100103,3
2006,4,2006100104,3
2006,4,2006100105,1
2006,4,2006100106,7
2006,4,2006100107,2
2006,4,2006100108,7
2006,4,2006100109,2
2006,4,2006100110,2
2006,4,2006100111,7
2006,4,2006100112,2
2006,4,2006100200,4
2006,5,2006100800,2
2006,5,2006100801,1
2006,5,2006100802,3
2006,5,2006100803,2
2006,5,2006100804,3
2006,5,2006100805,1
2006,5,2006100806,4
2006,5,2006100807,2
2006,5,2006100808,2
2006,5,2006100809,1
2006,5,2006100810,3
2006,5,2006100811,6
2006,5,2006100812,2
2006,5,2006100900,2
2006,6,2006101500,3
2006,6,2006101501,3
2006,6,2006101502,3
2006,6,2006101503,1
2006,6,2006101504,3
2006,6,2006101505,5
2006,6,2006101506,3
2006,6,2006101507,4
2006,6,2006101508,1
2006,6,2006101509,1
2006,6,2006101510,2
2006,6,2006101511,1
2006,6,2006101600,2
2006,7,2006102200,8
2006,7,2006102201,1
2006,7,2006102202,3
2006,7,2006102203,1
2006,7,2006102204,2
2006,7,2006102205,2
2006,7,2006102206,1
2006,7,2006102207,3
2006,7,2006102208,1
2006,7,2006102209,4
2006,7,2006102210,1
2006,7,2006102211,3
2006,7,2006102300,1
2006,8,2006102900,1
2006,8,2006102901,4
2006,8,2006102902,1
2006,8,2006102903,7
2006,8,2006102904,1
2006,8,2006102905,1
2006,8,2006102906,1
2006,8,2006102907,1
2006,8,2006102908,1
2006,8,2006102909,2
2006,8,2006102910,8
2006,8,2006102911,1
2006,8,2006102912,2
2006,8,2006103000,1
2006,9,2006110500,1
2006,9,2006110501,2
2006,9,2006110502,2
2006,9,2006110503,1
2006,9,2006110504,1
2006,9,2006110505,3
2006,9,2006110506,1
2006,9,2006110507,1
2006,9,2006110508,5
2006,9,2006110509,2
2006,9,2006110510,1
2006,9,2006110511,5
2006,9,2006110512,3
2006,9,2006110600,1
2006,10,2006111200,1
2006,10,2006111201,2
2006,10,2006111202,1
2006,10,2006111203,3
2006,10,2006111204,1
2006,10,2006111205,1
2006,10,2006111206,3
2006,10,2006111207,2
2006,10,2006111208,2
2006,10,2006111209,1
2006,10,2006111210,4
2006,10,2006111211,4
2006,10,2006111212,3
2006,10,2006111213,1
2006,10,2006111214,7
2006,10,2006111300,2
2006,11,2006111900,3
2006,11,2006111901,1
2006,11,2006111902,2
2006,11,2006111903,3
2006,11,2006111904,1
2006,11,2006111905,3
2006,11,2006111906,3
2006,11,2006111907,4
2006,11,2006111908,3
2006,11,2006111909,1
2006,11,2006111910,1
2006,11,2006111911,3
2006,11,2006111912,1
2006,11,2006111913,1
2006,11,2006111914,3
2006,11,2006112000,2
2006,12,2006112300,2
2006,12,2006112301,2
2006,12,2006112302,1
2006,12,2006112600,1
2006,12,2006112601,1
2006,12,2006112602,2
2006,12,2006112603,1
2006,12,2006112604,1
2006,12,2006112605,3
2006,12,2006112606,2
2006,12,2006112607,1
2006,12,2006112608,3
2006,12,2006112609,2
2006,12,2006112610,5
2006,12,2006112611,3
2006,12,2006112700,4
2006,13,2006113000,1
2006,13,2006120300,4
2006,13,2006120301,1
2006,13,2006120302,2
2006,13,2006120303,5
2006,13,2006120304,2
2006,13,2006120305,5
2006,13,2006120306,1
2006,13,2006120307,1
2006,13,2006120308,3
2006,13,2006120309,2
2006,13,2006120310,3
2006,13,2006120311,3
2006,13,2006120312,1
2006,13,2006120313,1
2006,13,2006120400,4
2006,14,2006120700,1
2006,14,2006121000,2
2006,14,2006121001,1
2006,14,2006121002,2
2006,14,2006121003,1
2006,14,2006121004,4
2006,14,2006121005,3
2006,14,2006121006,1
2006,14,2006121007,1
2006,14,2006121008,3
2006,14,2006121009,2
2006,14,2006121010,2
2006,14,2006121011,3
2006,14,2006121012,2
2006,14,2006121013,1
2006,14,2006121100,4
2006,15,2006121400,2
2006,15,2006121600,4
2006,15,2006121700,3
2006,15,2006121701,1
2006,15,2006121702,1
2006,15,2006121703,2
2006,15,2006121704,2
2006,15,2006121705,2
2006,15,2006121706,1
2006,15,2006121707,6
2006,15,2006121708,3
2006,15,2006121709,1
2006,15,2006121710,1
2006,15,2006121711,1
2006,15,2006121712,1
2006,15,2006121800,3
2006,16,2006122100,3
2006,16,2006122300,2
2006,16,2006122400,2
2006,16,2006122401,8
2006,16,2006122402,1
2006,16,2006122403,5
2006,16,2006122404,3
2006,16,2006122405,3
2006,16,2006122406,2
2006,16,2006122407,1
2006,16,2006122408,5
2006,16,2006122409,2
2006,16,2006122410,4
2006,16,2006122411,3
2006,16,2006122500,1
2006,16,2006122501,4
2006,17,2006123000,3
2006,17,2006123100,1
2006,17,2006123101,1
2006,17,2006123102,5
2006,17,2006123103,7
2006,17,2006123104,2
2006,17,2006123105,2
2006,17,2006123106,3
2006,17,2006123107,1
2006,17,2006123108,3
2006,17,2006123109,1
2006,17,2006123110,5
2006,17,2006123111,1
2006,17,2006123112,2
2006,17,2006123113,3
2006,17,2006123114,2
2007,1,2007090600,3
2007,1,2007090900,2
2007,1,2007090901,1
2007,1,2007090902,3
2007,1,2007090903,1
2007,1,2007090904,1
2007,1,2007090905,2
2007,1,2007090906,3
2007,1,2007090907,5
2007,1,2007090908,3
2007,1,2007090909,2
2007,1,2007090910,2
2007,1,2007090911,2
2007,1,2007090912,3
2007,1,2007091000,3
2007,1,2007091001,5
2007,2,2007091600,2
2007,2,2007091601,6
2007,2,2007091602,3
2007,2,2007091603,3
2007,2,2007091604,1
2007,2,2007091605,5
2007,2,2007091606,1
2007,2,2007091607,1
2007,2,2007091608,3
2007,2,2007091609,3
2007,2,2007091610,4
2007,2,2007091611,1
2007,2,2007091612,1
2007,2,2007091613,3
2007,2,2007091614,1
2007,2,2007091700,3
2007,3,2007092300,2
2007,3,2007092301,4
2007,3,2007092302,3
2007,3,2007092303,2
2007,3,2007092304,3
2007,3,2007092305,2
2007,3,2007092306,2
2007,3,2007092307,2
2007,3,2007092308,1
2007,3,2007092309,2
2007,3,2007092310,3
2007,3,2007092311,7
2007,3,2007092312,5
2007,3,2007092313,3
2007,3,2007092314,3
2007,3,2007092400,3
2007,4,2007093000,3
2007,4,2007093001,2
2007,4,2007093002,1
2007,4,2007093003,2
2007,4,2007093004,5
2007,4,2007093005,1
2007,4,2007093006,1
2007,4,2007093007,1
2007,4,2007093008,1
2007,4,2007093009,2
2007,4,2007093010,2
2007,4,2007093011,2
2007,4,2007093012,1
2007,4,2007100100,1
2007,5,2007100700,4
2007,5,2007100701,1
2007,5,2007100702,1
2007,5,2007100703,4
2007,5,2007100704,3
2007,5,2007100705,1
2007,5,2007100706,6
2007,5,2007100707,4
2007,5,2007100708,1
2007,5,2007100709,1
2007,5,2007100710,1
2007,5,2007100711,1
2007,5,2007100712,3
2007,5,2007100800,3
2007,6,2007101400,1
2007,6,2007101401,4
2007,6,2007101402,1
2007,6,2007101403,3
2007,6,2007101404,2
2007,6,2007101405,3
2007,6,2007101406,2
2007,6,2007101407,3
2007,6,2007101408,5
2007,6,2007101409,3
2007,6,2007101410,1
2007,6,2007101411,1
2007,6,2007101500,4
2007,7,2007102100,1
2007,7,2007102101,3
2007,7,2007102102,1
2007,7,2007102103,5
2007,7,2007102104,1
2007,7,2007102105,3
2007,7,2007102106,5
2007,7,2007102107,1
2007,7,2007102108,2
2007,7,2007102109,3
2007,7,2007102110,4
2007,7,2007102111,1
2007,7,2007102112,3
2007,7,2007102200,1
2007,8,2007102800,2
2007,8,2007102801,1
2007,8,2007102802,2
2007,8,2007102803,1
2007,8,2007102804,2
2007,8,2007102805,3
2007,8,2007102806,3
2007,8,2007102807,2
2007,8,2007102808,1
2007,8,2007102809,4
2007,8,2007102810,1
2007,8,2007102811,1
2007,8,2007102900,3
2007,9,2007110400,2
2007,9,2007110401,6
2007,9,2007110402,1
2007,9,2007110403,7
2007,9,2007110404,3
2007,9,2007110405,3
2007,9,2007110406,3
2007,9,2007110407,2
2007,9,2007110408,1
2007,9,2007110409,3
2007,9,2007110410,4
2007,9,2007110411,1
2007,9,2007110412,2
2007,9,2007110500,1
2007,10,2007111100,4
2007,10,2007111101,1
2007,10,2007111102,5
2007,10,2007111103,2
2007,10,2007111104,2
2007,10,2007111105,4
2007,10,2007111106,1
2007,10,2007111107,3
2007,10,2007111108,1
2007,10,2007111109,2
2007,10,2007111110,5
2007,10,2007111111,3
2007,10,2007111112,1
2007,10,2007111200,1
2007,11,2007111800,1
2007,11,2007111801,5
2007,11,2007111802,1
2007,11,2007111803,3
2007,11,2007111804,3
2007,11,2007111805,1
2007,11,2007111806,4
2007,11,2007111807,3
2007,11,2007111808,1
2007,11,2007111809,4
2007,11,2007111810,3
2007,11,2007111811,2
2007,11,2007111812,1
2007,11,2007111813,1
2007,11,2007111814,4
2007,11,2007111900,1
2007,12,2007112200,2
2007,12,2007112201,1
2007,12,2007112202,2
2007,12,2007112500,2
2007,12,2007112501,5
2007,12,2007112502,1
2007,12,2007112503,3
2007,12,2007112504,1
2007,12,2007112505,5
2007,12,2007112506,2
2007,12,2007112507,2
2007,12,2007112508,1
2007,12,2007112509,7
2007,12,2007112510,3
2007,12,2007112511,7
2007,12,2007112600,1
2007,13,2007112900,2
2007,13,2007120200,1
2007,13,2007120201,1
2007,13,2007120202,3
2007,13,2007120203,3
2007,13,2007120204,1
2007,13,2007120205,7
2007,13,2007120206,4
2007,13,2007120207,1
2007,13,2007120208,3
2007,13,2007120209,2
2007,13,2007120210,1
2007,13,2007120211,2
2007,13,2007120212,3
2007,13,2007120213,2
2007,13,2007120300,5
2007,14,2007120600,1
2007,14,2007120900,1
2007,14,2007120901,1
2007,14,2007120902,2
2007,14,2007120903,1
2007,14,2007120904,2
2007,14,2007120905,1
2007,14,2007120906,2
2007,14,2007120907,2
2007,14,2007120908,3
2007,14,2007120909,1
2007,14,2007120910,1
2007,14,2007120911,1
2007,14,2007120912,1
2007,14,2007120913,1
2007,14,2007121000,2
2007,15,2007121300,1
2007,15,2007121500,3
2007,15,2007121600,2
2007,15,2007121601,1
2007,15,2007121602,4
2007,15,2007121603,3
2007,15,2007121604,1
2007,15,2007121605,3
2007,15,2007121606,4
2007,15,2007121607,3
2007,15,2007121608,1
2007,15,2007121609,3
2007,15,2007121610,2
2007,15,2007121611,1
2007,15,2007121612,1
2007,15,2007121701,3
2007,16,2007122000,4
2007,16,2007122200,1
2007,16,2007122300,4
2007,16,2007122301,3
2007,16,2007122302,1
2007,16,2007122303,1
2007,16,2007122304,2
2007,16,2007122305,1
2007,16,2007122306,1
2007,16,2007122307,1
2007,16,2007122308,3
2007,16,2007122309,5
2007,16,2007122310,1
2007,16,2007122311,1
2007,16,2007122312,4
2007,16,2007122400,1
2007,17,2007122900,6
2007,17,2007123000,6
2007,17,2007123001,1
2007,17,2007123002,1
2007,17,2007123003,1
2007,17,2007123004,2
2007,17,2007123005,3
2007,17,2007123006,3
2007,17,2007123007,4
2007,17,2007123008,1
2007,17,2007123009,5
2007,17,2007123010,1
2007,17,2007123011,2
2007,17,2007123012,3
2007,17,2007123013,2
2007,17,2007123014,2
2008,1,2008090400,1
2008,1,2008090700,1
2008,1,2008090701,1
2008,1,2008090702,1
2008,1,2008090703,2
2008,1,2008090704,1
2008,1,2008090705,6
2008,1,2008090706,1
2008,1,2008090707,1
2008,1,2008090708,3
2008,1,2008090709,2
2008,1,2008090710,7
2008,1,2008090711,4
2008,1,2008090712,2
2008,1,2008090800,2
2008,1,2008090801,1
2008,2,2008091400,2
2008,2,2008091401,2
2008,2,2008091402,3
2008,2,2008091403,3
2008,2,2008091404,1
2008,2,2008091405,2
2008,2,2008091406,1
2008,2,2008091407,5
2008,2,2008091408,4
2008,2,2008091409,1
2008,2,2008091410,1
2008,2,2008091411,3
2008,2,2008091413,1
2008,2,2008091414,1
2008,2,2008091500,8
2008,3,2008092100,1
2008,3,2008092101,4
2008,3,2008092102,4
2008,3,2008092103,2
2008,3,2008092104,1
2008,3,2008092105,8
2008,3,2008092106,2
2008,3,2008092107,3
2008,3,2008092108,1
2008,3,2008092109,1
2008,3,2008092110,1
2008,3,2008092111,3
2008,3,2008092112,6
2008,3,2008092113,2
2008,3,2008092114,3
2008,3,2008092200,2
2008,4,2008092800,1
2008,4,2008092801,3
2008,4,2008092802,7
2008,4,2008092803,4
2008,4,2008092804,2
2008,4,2008092805,1
2008,4,2008092806,4
2008,4,2008092807,1
2008,4,2008092808,3
2008,4,2008092809,3
2008,4,2008092810,3
2008,4,2008092811,3
2008,4,2008092900,4
2008,5,2008100500,3
2008,5,2008100501,1
2008,5,2008100502,1
2008,5,2008100503,2
2008,5,2008100504,3
2008,5,2008100505,2
2008,5,2008100506,1
2008,5,2008100507,2
2008,5,2008100508,3
2008,5,2008100509,1
2008,5,2008100510,1
2008,5,2008100511,3
2008,5,2008100512,5
2008,5,2008100600,5
2008,6,2008101200,3
2008,6,2008101201,6
2008,6,2008101202,1
2008,6,2008101203,3
2008,6,2008101204,2
2008,6,2008101205,2
2008,6,2008101206,1
2008,6,2008101207,4
2008,6,2008101208,2
2008,6,2008101209,4
2008,6,2008101210,4
2008,6,2008101211,3
2008,6,2008101212,1
2008,6,2008101300,3
2008,7,2008101900,5
2008,7,2008101901,3
2008,7,2008101902,5
2008,7,2008101903,1
2008,7,2008101904,1
2008,7,2008101905,2
2008,7,2008101906,1
2008,7,2008101907,2
2008,7,2008101908,1
2008,7,2008101909,3
2008,7,2008101910,4
2008,7,2008101911,1
2008,7,2008101912,1
2008,7,2008102000,1
2008,8,2008102600,1
2008,8,2008102601,3
2008,8,2008102602,2
2008,8,2008102603,3
2008,8,2008102604,3
2008,8,2008102605,6
2008,8,2008102606,2
2008,8,2008102607,6
2008,8,2008102608,2
2008,8,2008102609,3
2008,8,2008102610,4
2008,8,2008102611,1
2008,8,2008102612,1
2008,8,2008102700,3
2008,9,2008110200,3
2008,9,2008110201,3
2008,9,2008110202,1
2008,9,2008110203,4
2008,9,2008110204,2
2008,9,2008110205,2
2008,9,2008110206,2
2008,9,2008110207,4
2008,9,2008110208,1
2008,9,2008110209,1
2008,9,2008110210,1
2008,9,2008110211,2
2008,9,2008110212,4
2008,9,2008110300,2
2008,10,2008110600,5
2008,10,2008110900,1
2008,10,2008110901,2
2008,10,2008110902,3
2008,10,2008110903,1
2008,10,2008110904,1
2008,10,2008110905,4
2008,10,2008110906,1
2008,10,2008110907,1
2008,10,2008110908,1
2008,10,2008110909,4
2008,10,2008110910,2
2008,10,2008110911,4
2008,10,2008111000,2
2008,11,2008111300,3
2008,11,2008111600,5
2008,11,2008111601,2
2008,11,2008111602,2
2008,11,2008111603,1
2008,11,2008111604,6
2008,11,2008111605,3
2008,11,2008111606,3
2008,11,2008111607,3
2008,11,2008111608,1
2008,11,2008111609,3
2008,11,2008111610,1
2008,11,2008111611,1
2008,11,2008111612,4
2008,11,2008111613,3
2008,11,2008111700,3
2008,12,2008112000,2
2008,12,2008112300,1
2008,12,2008112301,1
2008,12,2008112302,1
2008,12,2008112303,2
2008,12,2008112304,2
2008,12,2008112305,1
2008,12,2008112306,4
2008,12,2008112307,7
2008,12,2008112308,1
2008,12,2008112309,1
2008,12,2008112310,3
2008,12,2008112311,6
2008,12,2008112312,5
2008,12,2008112313,4
2008,12,2008112400,4
2008,13,2008112700,1
2008,13,2008112701,1
2008,13,2008112702,1
2008,13,2008113000,1
2008,13,2008113001,1
2008,13,2008113002,3
2008,13,2008113003,4
2008,13,2008113004,2
2008,13,2008113005,4
2008,13,2008113006,5
2008,13,2008113007,1
2008,13,2008113008,3
2008,13,2008113009,2
2008,13,2008113010,3
2008,13,2008113011,2
2008,13,2008120100,1
2008,14,2008120400,1
2008,14,2008120700,1
2008,14,2008120701,1
2008,14,2008120702,4
2008,14,2008120703,5
2008,14,2008120704,1
2008,14,2008120705,7
2008,14,2008120706,1
2008,14,2008120707,2
2008,14,2008120708,1
2008,14,2008120709,2
2008,14,2008120710,3
2008,14,2008120711,1
2008,14,2008120712,3
2008,14,2008120713,2
2008,14,2008120800,4
2008,15,2008121100,4
2008,15,2008121400,2
2008,15,2008121401,3
2008,15,2008121402,3
2008,15,2008121403,1
2008,15,2008121404,2
2008,15,2008121405,2
2008,15,2008121406,5
2008,15,2008121407,2
2008,15,2008121408,1
2008,15,2008121409,5
2008,15,2008121410,3
2008,15,2008121411,1
2008,15,2008121412,1
2008,15,2008121413,1
2008,15,2008121500,1
2008,16,2008121800,2
2008,16,2008122000,2
2008,16,2008122100,1
2008,16,2008122101,1
2008,16,2008122102,7
2008,16,2008122103,2
2008,16,2008122104,1
2008,16,2008122105,5
2008,16,2008122106,3
2008,16,2008122107,3
2008,16,2008122108,1
2008,16,2008122109,5
2008,16,2008122110,3
2008,16,2008122111,2
2008,16,2008122112,4
2008,16,2008122200,2
2008,17,2008122800,7
2008,17,2008122801,3
2008,17,2008122802,1
2008,17,2008122803,1
2008,17,2008122804,2
2008,17,2008122805,2
2008,17,2008122806,1
2008,17,2008122807,3
2008,17,2008122808,3
2008,17,2008122809,4
2008,17,2008122810,2
2008,17,2008122811,1
2008,17,2008122812,4
2008,17,2008122813,3
2008,17,2008122814,3
2008,17,2008122815,4
2009,1,2009091000,3
2009,1,2009091300,1
2009,1,2009091301,5
2009,1,2009091302,2
2009,1,2009091303,3
2009,1,2009091304,4
2009,1,2009091305,1
2009,1,2009091306,2
2009,1,2009091307,1
2009,1,2009091308,3
2009,1,2009091309,3
2009,1,2009091310,1
2009,1,2009091311,1
2009,1,2009091312,5
2009,1,2009091400,3
2009,1,2009091401,6
2009,2,2009092000,4
2009,2,2009092001,2
2009,2,2009092002,4
2009,2,2009092003,1
2009,2,2009092004,4
2009,2,2009092005,2
2009,2,2009092006,3
2009,2,2009092007,5
2009,2,2009092008,3
2009,2,2009092009,1
2009,2,2009092010,1
2009,2,2009092011,3
2009,2,2009092012,2
2009,2,2009092013,3
2009,2,2009092014,9
2009,2,2009092100,6
2009,3,2009092700,1
2009,3,2009092701,2
2009,3,2009092702,1
2009,3,2009092703,8
2009,3,2009092704,5
2009,3,2009092705,3
2009,3,2009092706,1
2009,3,2009092707,1
2009,3,2009092708,1
2009,3,2009092709,2
2009,3,2009092710,4
2009,3,2009092711,3
2009,3,2009092712,1
2009,3,2009092713,3
2009,3,2009092714,2
2009,3,2009092800,2
2009,4,2009100400,4
2009,4,2009100401,3
2009,4,2009100402,2
2009,4,2009100403,1
2009,4,2009100404,1
2009,4,2009100405,1
2009,4,2009100406,3
2009,4,2009100407,2
2009,4,2009100408,1
2009,4,2009100409,1
2009,4,2009100410,2
2009,4,2009100411,1
2009,4,2009100412,1
2009,4,2009100500,3
2009,5,2009101100,4
2009,5,2009101101,2
2009,5,2009101102,2
2009,5,2009101103,2
2009,5,2009101104,3
2009,5,2009101105,1
2009,5,2009101106,1
2009,5,2009101107,1
2009,5,2009101108,1
2009,5,2009101109,2
2009,5,2009101110,2
2009,5,2009101111,1
2009,5,2009101112,1
2009,5,2009101200,8
2009,6,2009101800,4
2009,6,2009101801,1
2009,6,2009101802,5
2009,6,2009101803,3
2009,6,2009101804,1
2009,6,2009101805,1
2009,6,2009101806,3
2009,6,2009101807,3
2009,6,2009101808,2
2009,6,2009101809,1
2009,6,2009101810,1
2009,6,2009101811,3
2009,6,2009101812,3
2009,6,2009101900,6
2009,7,2009102500,1
2009,7,2009102501,2
2009,7,2009102502,1
2009,7,2009102503,1
2009,7,2009102504,3
2009,7,2009102505,1
2009,7,2009102506,1
2009,7,2009102507,1
2009,7,2009102508,1
2009,7,2009102509,2
2009,7,2009102510,2
2009,7,2009102511,3
2009,7,2009102600,1
2009,8,2009110100,1
2009,8,2009110101,2
2009,8,2009110102,1
2009,8,2009110103,2
2009,8,2009110104,2
2009,8,2009110105,2
2009,8,2009110106,2
2009,8,2009110107,3
2009,8,2009110108,2
2009,8,2009110109,2
2009,8,2009110110,2
2009,8,2009110111,1
2009,8,2009110200,3
2009,9,2009110800,1
2009,9,2009110801,2
2009,9,2009110802,1
2009,9,2009110803,3
2009,9,2009110804,2
2009,9,2009110805,5
2009,9,2009110806,4
2009,9,2009110807,2
2009,9,2009110808,2
2009,9,2009110809,4
2009,9,2009110810,5
2009,9,2009110811,3
2009,9,2009110900,4
2009,10,2009111200,1
2009,10,2009111500,2
2009,10,2009111501,4
2009,10,2009111502,1
2009,10,2009111503,5
2009,10,2009111504,5
2009,10,2009111505,3
2009,10,2009111506,3
2009,10,2009111507,4
2009,10,2009111508,2
2009,10,2009111509,3
2009,10,2009111510,1
2009,10,2009111511,1
2009,10,2009111512,3
2009,10,2009111600,1
2009,11,2009111900,2
2009,11,2009112200,5
2009,11,2009112201,2
2009,11,2009112202,6
2009,11,2009112203,2
2009,11,2009112204,5
2009,11,2009112205,4
2009,11,2009112206,1
2009,11,2009112207,4
2009,11,2009112208,2
2009,11,2009112209,2
2009,11,2009112210,1
2009,11,2009112211,1
2009,11,2009112212,2
2009,11,2009112213,5
2009,11,2009112300,4
2009,12,2009112600,2
2009,12,2009112601,1
2009,12,2009112602,1
2009,12,2009112900,3
2009,12,2009112901,3
2009,12,2009112902,1
2009,12,2009112903,2
2009,12,2009112904,2
2009,12,2009112905,1
2009,12,2009112906,6
2009,12,2009112907,2
2009,12,2009112908,3
2009,12,2009112909,2
2009,12,2009112910,1
2009,12,2009112911,4
2009,12,2009113000,3
2009,13,2009120300,4
2009,13,2009120600,1
2009,13,2009120601,1
2009,13,2009120602,1
2009,13,2009120603,2
2009,13,2009120604,1
2009,13,2009120605,1
2009,13,2009120606,1
2009,13,2009120607,7
2009,13,2009120608,4
2009,13,2009120609,2
2009,13,2009120610,2
2009,13,2009120611,4
2009,13,2009120612,4
2009,13,2009120613,2
2009,13,2009120700,1
2009,14,2009121000,1
2009,14,2009121300,4
2009,14,2009121301,1
2009,14,2009121302,3
2009,14,2009121303,1
2009,14,2009121304,1
2009,14,2009121305,1
2009,14,2009121306,1
2009,14,2009121307,1
2009,14,2009121308,2
2009,14,2009121309,1
2009,14,2009121310,1
2009,14,2009121311,4
2009,14,2009121312,3
2009,14,2009121313,3
2009,14,2009121400,1
2009,15,2009121700,10
2009,15,2009121900,1
2009,15,2009122000,1
2009,15,2009122001,2
2009,15,2009122002,3
2009,15,2009122003,5
2009,15,2009122004,3
2009,15,2009122005,1
2009,15,2009122006,7
2009,15,2009122007,5
2009,15,2009122008,3
2009,15,2009122009,4
2009,15,2009122010,4
2009,15,2009122011,2
2009,15,2009122012,3
2009,15,2009122100,1
2009,16,2009122500,2
2009,16,2009122700,1
2009,16,2009122701,3
2009,16,2009122702,1
2009,16,2009122703,1
2009,16,2009122704,1
2009,16,2009122705,1
2009,16,2009122706,1
2009,16,2009122707,2
2009,16,2009122708,2
2009,16,2009122709,3
2009,16,2009122710,1
2009,16,2009122711,2
2009,16,2009122712,4
2009,16,2009122713,1
2009,16,2009122800,3
2009,17,2010010300,2
2009,17,2010010301,1
2009,17,2010010302,2
2009,17,2010010303,1
2009,17,2010010304,5
2009,17,2010010305,5
2009,17,2010010306,2
2009,17,2010010307,1
2009,17,2010010308,1
2009,17,2010010309,2
2009,17,2010010310,3
2009,17,2010010311,1
2009,17,2010010312,4
2009,17,2010010313,1
2009,17,2010010314,3
2009,17,2010010315,4
2010,1,2010090900,3
2010,1,2010091200,2
2010,1,2010091201,1
2010,1,2010091202,1
2010,1,2010091203,1
2010,1,2010091204,4
2010,1,2010091205,2
2010,1,2010091206,6
2010,1,2010091207,3
2010,1,2010091208,4
2010,1,2010091209,4
2010,1,2010091210,2
2010,1,2010091211,2
2010,1,2010091212,1
2010,1,2010091300,2
2010,1,2010091301,2
2010,2,2010091900,4
2010,2,2010091901,1
2010,2,2010091902,1
2010,2,2010091903,5
2010,2,2010091904,1
2010,2,2010091905,5
2010,2,2010091906,3
2010,2,2010091907,1
2010,2,2010091908,2
2010,2,2010091909,1
2010,2,2010091910,2
2010,2,2010091911,3
2010,2,2010091912,5
2010,2,2010091913,1
2010,2,2010091914,1
2010,2,2010092000,4
2010,3,2010092600,2
2010,3,2010092601,1
2010,3,2010092602,2
2010,3,2010092603,6
2010,3,2010092604,4
2010,3,2010092605,2
2010,3,2010092606,6
2010,3,2010092607,3
2010,3,2010092608,2
2010,3,2010092609,1
2010,3,2010092610,1
2010,3,2010092611,1
2010,3,2010092612,6
2010,3,2010092613,2
2010,3,2010092614,3
2010,3,2010092700,4
2010,4,2010100300,1
2010,4,2010100301,2
2010,4,2010100302,4
2010,4,2010100303,5
2010,4,2010100304,2
2010,4,2010100305,2
2010,4,2010100306,4
2010,4,2010100307,1
2010,4,2010100308,5
2010,4,2010100309,3
2010,4,2010100310,1
2010,4,2010100311,2
2010,4,2010100312,1
2010,4,2010100400,2
2010,5,2010101000,3
2010,5,2010101001,1
2010,5,2010101002,2
2010,5,2010101003,2
2010,5,2010101004,2
2010,5,2010101005,1
2010,5,2010101006,5
2010,5,2010101007,3
2010,5,2010101008,1
2010,5,2010101009,3
2010,5,2010101010,4
2010,5,2010101011,5
2010,5,2010101012,2
2010,5,2010101100,1
2010,6,2010101700,6
2010,6,2010101701,1
2010,6,2010101702,4
2010,6,2010101703,2
2010,6,2010101704,3
2010,6,2010101705,2
2010,6,2010101706,1
2010,6,2010101707,2
2010,6,2010101708,1
2010,6,2010101709,5
2010,6,2010101710,2
2010,6,2010101711,4
2010,6,2010101712,2
2010,6,2010101800,1
2010,7,2010102400,3
2010,7,2010102401,4
2010,7,2010102402,4
2010,7,2010102403,3
2010,7,2010102404,1
2010,7,2010102405,4
2010,7,2010102406,4
2010,7,2010102407,3
2010,7,2010102408,4
2010,7,2010102409,1
2010,7,2010102410,2
2010,7,2010102411,1
2010,7,2010102412,4
2010,7,2010102500,2
2010,8,2010103100,3
2010,8,2010103101,2
2010,8,2010103102,2
2010,8,2010103103,2
2010,8,2010103104,7
2010,8,2010103105,1
2010,8,2010103106,1
2010,8,2010103107,4
2010,8,2010103108,3
2010,8,2010103109,5
2010,8,2010103110,1
2010,8,2010103111,2
2010,8,2010110100,1
2010,9,2010110700,4
2010,9,2010110701,2
2010,9,2010110702,1
2010,9,2010110703,5
2010,9,2010110704,4
2010,9,2010110705,4
2010,9,2010110706,1
2010,9,2010110707,2
2010,9,2010110708,1
2010,9,2010110709,3
2010,9,2010110710,4
2010,9,2010110711,1
2010,9,2010110800,1
2010,10,2010111100,3
2010,10,2010111400,3
2010,10,2010111401,5
2010,10,2010111402,1
2010,10,2010111403,4
2010,10,2010111404,4
2010,10,2010111405,1
2010,10,2010111406,1
2010,10,2010111407,1
2010,10,2010111408,2
2010,10,2010111409,3
2010,10,2010111410,5
2010,10,2010111411,1
2010,10,2010111500,1
2010,11,2010111800,1
2010,11,2010112100,1
2010,11,2010112101,5
2010,11,2010112102,3
2010,11,2010112103,2
2010,11,2010112104,6
2010,11,2010112105,3
2010,11,2010112106,2
2010,11,2010112107,2
2010,11,2010112108,5
2010,11,2010112109,2
2010,11,2010112110,4
2010,11,2010112111,1
2010,11,2010112112,1
2010,11,2010112113,3
2010,11,2010112200,2
2010,12,2010112500,4
2010,12,2010112501,3
2010,12,2010112502,3
2010,12,2010112800,4
2010,12,2010112801,3
2010,12,2010112802,1
2010,12,2010112803,2
2010,12,2010112804,2
2010,12,2010112805,4
2010,12,2010112806,2
2010,12,2010112807,4
2010,12,2010112808,2
2010,12,2010112809,4
2010,12,2010112810,2
2010,12,2010112811,2
2010,12,2010112900,1
2010,13,2010120200,3
2010,13,2010120500,2
2010,13,2010120501,3
2010,13,2010120502,1
2010,13,2010120503,1
2010,13,2010120504,1
2010,13,2010120505,5
2010,13,2010120506,2
2010,13,2010120507,4
2010,13,2010120508,4
2010,13,2010120509,1
2010,13,2010120510,4
2010,13,2010120511,2
2010,13,2010120512,2
2010,13,2010120513,2
2010,13,2010120600,1
2010,14,2010120900,1
2010,14,2010121200,1
2010,14,2010121201,2
2010,14,2010121202,2
2010,14,2010121203,4
2010,14,2010121204,2
2010,14,2010121205,2
2010,14,2010121207,1
2010,14,2010121208,1
2010,14,2010121209,2
2010,14,2010121210,1
2010,14,2010121211,2
2010,14,2010121212,1
2010,14,2010121213,4
2010,14,2010121300,2
2010,14,2010121301,2
2010,15,2010121600,1
2010,15,2010121900,2
2010,15,2010121901,1
2010,15,2010121902,2
2010,15,2010121903,1
2010,15,2010121904,1
2010,15,2010121905,2
2010,15,2010121906,2
2010,15,2010121907,1
2010,15,2010121908,5
2010,15,2010121909,3
2010,15,2010121910,3
2010,15,2010121911,4
2010,15,2010121912,5
2010,15,2010121913,6
2010,15,2010122000,2
2010,16,2010122300,1
2010,16,2010122500,3
2010,16,2010122600,4
2010,16,2010122601,2
2010,16,2010122602,2
2010,16,2010122603,1
2010,16,2010122605,2
2010,16,2010122606,3
2010,16,2010122607,5
2010,16,2010122608,3
2010,16,2010122609,2
2010,16,2010122610,4
2010,16,2010122611,2
2010,16,2010122612,1
2010,16,2010122700,3
2010,16,2010122800,2
2010,17,2011010200,1
2010,17,2011010201,1
2010,17,2011010202,1
2010,17,2011010203,1
2010,17,2011010204,2
2010,17,2011010205,5
2010,17,2011010206,3
2010,17,2011010207,3
2010,17,2011010208,1
2010,17,2011010209,1
2010,17,2011010210,2
2010,17,2011010211,1
2010,17,2011010212,4
2010,17,2011010213,2
2010,17,2011010214,1
2010,17,2011010215,1
2011,1,2011090800,1
2011,1,2011091100,1
2011,1,2011091101,3
2011,1,2011091102,1
2011,1,2011091103,1
2011,1,2011091104,1
2011,1,2011091105,2
2011,1,2011091106,3
2011,1,2011091107,2
2011,1,2011091108,3
2011,1,2011091109,4
2011,1,2011091110,1
2011,1,2011091111,3
2011,1,2011091112,2
2011,1,2011091200,3
2011,1,2011091201,2
2011,2,2011091800,1
2011,2,2011091801,6
2011,2,2011091802,4
2011,2,2011091803,1
2011,2,2011091804,4
2011,2,2011091805,4
2011,2,2011091806,2
2011,2,2011091807,2
2011,2,2011091808,2
2011,2,2011091809,1
2011,2,2011091810,3
2011,2,2011091811,2
2011,2,2011091812,1
2011,2,2011091813,1
2011,2,2011091814,5
2011,2,2011091900,2
2011,3,2011092500,3
2011,3,2011092501,6
2011,3,2011092502,3
2011,3,2011092503,4
2011,3,2011092504,4
2011,3,2011092505,3
2011,3,2011092506,3
2011,3,2011092507,3
2011,3,2011092508,3
2011,3,2011092509,1
2011,3,2011092510,1
2011,3,2011092511,1
2011,3,2011092512,3
2011,3,2011092513,2
2011,3,2011092514,4
2011,3,2011092600,5
2011,4,2011100200,3
2011,4,2011100201,2
2011,4,2011100202,2
2011,4,2011100203,2
2011,4,2011100204,2
2011,4,2011100205,3
2011,4,2011100206,1
2011,4,2011100207,1
2011,4,2011100208,5
2011,4,2011100209,4
2011,4,2011100210,1
2011,4,2011100211,2
2011,4,2011100212,4
2011,4,2011100213,3
2011,4,2011100214,2
2011,4,2011100300,3
2011,5,2011100900,2
2011,5,2011100901,4
2011,5,2011100902,2
2011,5,2011100903,5
2011,5,2011100904,6
2011,5,2011100905,1
2011,5,2011100906,3
2011,5,2011100907,2
2011,5,2011100908,1
2011,5,2011100909,1
2011,5,2011100910,3
2011,5,2011100911,2
2011,5,2011101000,3
2011,6,2011101600,5
2011,6,2011101601,2
2011,6,2011101602,1
2011,6,2011101603,1
2011,6,2011101604,6
2011,6,2011101605,1
2011,6,2011101606,6
2011,6,2011101607,2
2011,6,2011101608,4
2011,6,2011101609,3
2011,6,2011101610,4
2011,6,2011101611,1
2011,6,2011101700,2
2011,7,2011102300,2
2011,7,2011102301,2
2011,7,2011102302,1
2011,7,2011102303,2
2011,7,2011102304,3
2011,7,2011102305,1
2011,7,2011102306,2
2011,7,2011102307,1
2011,7,2011102308,1
2011,7,2011102309,3
2011,7,2011102310,1
2011,7,2011102311,1
2011,7,2011102400,1
2011,8,2011103000,2
2011,8,2011103001,2
2011,8,2011103002,1
2011,8,2011103003,4
2011,8,2011103004,1
2011,8,2011103005,4
2011,8,2011103006,2
2011,8,2011103007,1
2011,8,2011103008,1
2011,8,2011103009,1
2011,8,2011103010,1
2011,8,2011103011,1
2011,8,2011103100,2
2011,9,2011110600,1
2011,9,2011110601,1
2011,9,2011110602,2
2011,9,2011110603,3
2011,9,2011110604,1
2011,9,2011110605,1
2011,9,2011110606,1
2011,9,2011110607,4
2011,9,2011110608,4
2011,9,2011110609,5
2011,9,2011110610,2
2011,9,2011110611,3
2011,9,2011110612,5
2011,9,2011110700,4
2011,10,2011111000,2
2011,10,2011111300,1
2011,10,2011111301,1
2011,10,2011111302,1
2011,10,2011111303,2
2011,10,2011111304,2
2011,10,2011111305,1
2011,10,2011111306,4
2011,10,2011111307,1
2011,10,2011111308,6
2011,10,2011111309,1
2011,10,2011111310,4
2011,10,2011111311,1
2011,10,2011111312,5
2011,10,2011111313,3
2011,10,2011111400,1
2011,11,2011111700,4
2011,11,2011112000,2
2011,11,2011112001,1
2011,11,2011112002,2
2011,11,2011112003,2
2011,11,2011112004,2
2011,11,2011112005,4
2011,11,2011112006,3
2011,11,2011112007,1
2011,11,2011112008,1
2011,11,2011112009,2
2011,11,2011112010,4
2011,11,2011112011,2
2011,11,2011112100,2
2011,12,2011112400,1
2011,12,2011112401,6
2011,12,2011112402,3
2011,12,2011112700,5
2011,12,2011112701,3
2011,12,2011112702,3
2011,12,2011112703,1
2011,12,2011112704,3
2011,12,2011112705,2
2011,12,2011112706,4
2011,12,2011112707,3
2011,12,2011112708,3
2011,12,2011112709,2
2011,12,2011112710,2
2011,12,2011112711,2
2011,12,2011112800,1
2011,13,2011120100,1
2011,13,2011120400,5
2011,13,2011120401,2
2011,13,2011120402,3
2011,13,2011120403,1
2011,13,2011120404,1
2011,13,2011120405,1
2011,13,2011120406,1
2011,13,2011120407,1
2011,13,2011120408,2
2011,13,2011120409,5
2011,13,2011120410,6
2011,13,2011120411,3
2011,13,2011120412,1
2011,13,2011120413,2
2011,13,2011120500,3
2011,14,2011120800,2
2011,14,2011121100,5
2011,14,2011121101,1
2011,14,2011121102,1
2011,14,2011121103,3
2011,14,2011121104,1
2011,14,2011121105,1
2011,14,2011121106,3
2011,14,2011121107,2
2011,14,2011121108,2
2011,14,2011121109,4
2011,14,2011121110,4
2011,14,2011121111,2
2011,14,2011121112,1
2011,14,2011121113,9
2011,14,2011121200,1
2011,15,2011121500,1
2011,15,2011121700,1
2011,15,2011121800,3
2011,15,2011121801,2
2011,15,2011121802,3
2011,15,2011121803,1
2011,15,2011121804,3
2011,15,2011121805,2
2011,15,2011121806,1
2011,15,2011121807,3
2011,15,2011121808,4
2011,15,2011121809,1
2011,15,2011121810,2
2011,15,2011121811,4
2011,15,2011121812,2
2011,15,2011121900,1
2011,16,2011122200,2
2011,16,2011122400,2
2011,16,2011122401,2
2011,16,2011122402,1
2011,16,2011122403,1
2011,16,2011122404,3
2011,16,2011122405,2
2011,16,2011122406,6
2011,16,2011122407,1
2011,16,2011122408,1
2011,16,2011122409,1
2011,16,2011122410,1
2011,16,2011122411,1
2011,16,2011122412,4
2011,16,2011122500,1
2011,16,2011122600,4
2011,17,2012010100,3
2011,17,2012010101,2
2011,17,2012010102,1
2011,17,2012010103,2
2011,17,2012010104,5
2011,17,2012010105,1
2011,17,2012010106,1
2011,17,2012010107,1
2011,17,2012010108,12
2011,17,2012010109,2
2011,17,2012010110,1
2011,17,2012010111,3
2011,17,2012010112,2
2011,17,2012010113,1
2011,17,2012010114,2
2011,17,2012010115,3
2012,1,2012090500,2
2012,1,2012090900,2
2012,1,2012090901,4
2012,1,2012090902,1
2012,1,2012090903,2
2012,1,2012090904,2
2012,1,2012090905,6
2012,1,2012090906,3
2012,1,2012090907,4
2012,1,2012090908,3
2012,1,2012090909,1
2012,1,2012090910,4
2012,1,2012090911,1
2012,1,2012090912,6
2012,1,2012091000,1
2012,1,2012091001,2
2012,2,2012091300,1
2012,2,2012091600,5
2012,2,2012091601,3
2012,2,2012091602,3
2012,2,2012091603,3
2012,2,2012091604,4
2012,2,2012091605,1
2012,2,2012091606,1
2012,2,2012091607,1
2012,2,2012091608,1
2012,2,2012091609,4
2012,2,2012091610,3
2012,2,2012091611,1
2012,2,2012091612,3
2012,2,2012091613,1
2012,2,2012091700,1
2012,3,2012092000,1
2012,3,2012092300,2
2012,3,2012092301,1
2012,3,2012092302,1
2012,3,2012092303,5
2012,3,2012092304,3
2012,3,2012092305,2
2012,3,2012092306,4
2012,3,2012092307,1
2012,3,2012092308,5
2012,3,2012092309,1
2012,3,2012092310,1
2012,3,2012092311,2
2012,3,2012092312,4
2012,3,2012092313,6
2012,3,2012092400,3
2012,4,2012092700,1
2012,4,2012093000,3
2012,4,2012093001,1
2012,4,2012093002,1
2012,4,2012093003,1
2012,4,2012093004,6
2012,4,2012093005,2
2012,4,2012093006,1
2012,4,2012093007,4
2012,4,2012093008,1
2012,4,2012093009,3
2012,4,2012093010,4
2012,4,2012093011,4
2012,4,2012093012,4
2012,4,2012100100,1
2012,5,2012100400,1
2012,5,2012100700,5
2012,5,2012100701,3
2012,5,2012100702,4
2012,5,2012100703,2
2012,5,2012100704,1
2012,5,2012100705,2
2012,5,2012100706,2
2012,5,2012100707,3
2012,5,2012100708,2
2012,5,2012100709,2
2012,5,2012100710,2
2012,5,2012100711,5
2012,5,2012100800,2
2012,6,2012101100,5
2012,6,2012101400,5
2012,6,2012101401,1
2012,6,2012101402,2
2012,6,2012101403,3
2012,6,2012101404,3
2012,6,2012101405,2
2012,6,2012101406,3
2012,6,2012101407,5
2012,6,2012101408,5
2012,6,2012101409,2
2012,6,2012101410,2
2012,6,2012101411,1
2012,6,2012101500,2
2012,7,2012101800,3
2012,7,2012102100,7
2012,7,2012102101,2
2012,7,2012102102,5
2012,7,2012102103,2
2012,7,2012102104,2
2012,7,2012102105,2
2012,7,2012102106,1
2012,7,2012102107,5
2012,7,2012102108,4
2012,7,2012102109,3
2012,7,2012102110,4
2012,7,2012102200,1
2012,8,2012102500,1
2012,8,2012102800,2
2012,8,2012102801,1
2012,8,2012102802,1
2012,8,2012102803,3
2012,8,2012102804,2
2012,8,2012102805,1
2012,8,2012102806,5
2012,8,2012102807,6
2012,8,2012102808,1
2012,8,2012102809,2
2012,8,2012102810,3
2012,8,2012102811,2
2012,8,2012102900,1
2012,9,2012110100,1
2012,9,2012110400,2
2012,9,2012110401,2
2012,9,2012110402,1
2012,9,2012110403,1
2012,9,2012110404,4
2012,9,2012110405,3
2012,9,2012110406,1
2012,9,2012110407,6
2012,9,2012110408,4
2012,9,2012110409,4
2012,9,2012110410,3
2012,9,2012110411,2
2012,9,2012110500,1
2012,10,2012110800,1
2012,10,2012111100,2
2012,10,2012111101,5
2012,10,2012111102,1
2012,10,2012111103,1
2012,10,2012111104,1
2012,10,2012111105,1
2012,10,2012111106,4
2012,10,2012111107,1
2012,10,2012111108,2
2012,10,2012111109,4
2012,10,2012111110,3
2012,10,2012111111,2
2012,10,2012111200,3
2012,11,2012111500,1
2012,11,2012111800,1
2012,11,2012111801,6
2012,11,2012111802,4
2012,11,2012111803,3
2012,11,2012111804,4
2012,11,2012111805,2
2012,11,2012111806,3
2012,11,2012111807,6
2012,11,2012111808,2
2012,11,2012111809,1
2012,11,2012111810,2
2012,11,2012111811,2
2012,11,2012111900,1
2012,12,2012112200,5
2012,12,2012112201,2
2012,12,2012112202,1
2012,12,2012112500,1
2012,12,2012112501,4
2012,12,2012112502,1
2012,12,2012112503,2
2012,12,2012112504,4
2012,12,2012112505,2
2012,12,2012112506,7
2012,12,2012112507,4
2012,12,2012112508,2
2012,12,2012112509,3
2012,12,2012112510,4
2012,12,2012112511,2
2012,12,2012112600,6
2012,13,2012112900,1
2012,13,2012120200,5
2012,13,2012120201,3
2012,13,2012120202,3
2012,13,2012120203,2
2012,13,2012120204,4
2012,13,2012120205,4
2012,13,2012120206,3
2012,13,2012120207,1
2012,13,2012120208,1
2012,13,2012120209,3
2012,13,2012120210,4
2012,13,2012120211,1
2012,13,2012120212,4
2012,13,2012120213,4
2012,13,2012120300,5
2012,14,2012120600,1
2012,14,2012120900,4
2012,14,2012120901,2
2012,14,2012120902,1
2012,14,2012120903,5
2012,14,2012120904,2
2012,14,2012120905,1
2012,14,2012120906,1
2012,14,2012120907,3
2012,14,2012120908,4
2012,14,2012120909,4
2012,14,2012120910,2
2012,14,2012120911,2
2012,14,2012120912,1
2012,14,2012120913,3
2012,14,2012121000,1
2012,15,2012121300,3
2012,15,2012121600,2
2012,15,2012121601,1
2012,15,2012121602,1
2012,15,2012121603,2
2012,15,2012121604,4
2012,15,2012121605,2
2012,15,2012121606,1
2012,15,2012121607,1
2012,15,2012121608,2
2012,15,2012121609,1
2012,15,2012121610,1
2012,15,2012121611,4
2012,15,2012121612,1
2012,15,2012121613,2
2012,15,2012121700,4
2012,16,2012122200,1
2012,16,2012122300,1
2012,16,2012122301,1
2012,16,2012122302,1
2012,16,2012122303,2
2012,16,2012122304,2
2012,16,2012122305,2
2012,16,2012122306,5
2012,16,2012122307,2
2012,16,2012122308,2
2012,16,2012122309,1
2012,16,2012122310,2
2012,16,2012122311,1
2012,16,2012122312,1
2012,16,2012122313,1
2012,16,2012122314,3
2012,17,2012123000,4
2012,17,2012123001,1
2012,17,2012123002,4
2012,17,2012123003,3
2012,17,2012123004,3
2012,17,2012123005,3
2012,17,2012123006,1
2012,17,2012123007,2
2012,17,2012123008,2
2012,17,2012123009,3
2012,17,2012123010,2
2012,17,2012123011,3
2012,17,2012123012,1
2012,17,2012123013,1
2012,17,2012123014,2
2012,17,2012123015,4
2013,1,2013090500,4
2013,1,2013090800,3
2013,1,2013090801,3
2013,1,2013090802,3
2013,1,2013090803,3
2013,1,2013090804,2
2013,1,2013090805,3
2013,1,2013090806,2
2013,1,2013090807,5
2013,1,2013090808,4
2013,1,2013090809,2
2013,1,2013090810,4
2013,1,2013090811,6
2013,1,2013090812,2
2013,1,2013090900,2
2013,1,2013090901,3
2013,2,2013091200,1
2013,2,2013091500,1
2013,2,2013091501,2
2013,2,2013091502,4
2013,2,2013091503,6
2013,2,2013091504,1
2013,2,2013091505,5
2013,2,2013091506,4
2013,2,2013091507,3
2013,2,2013091508,6
2013,2,2013091509,5
2013,2,2013091510,5
2013,2,2013091511,4
2013,2,2013091512,1
2013,2,2013091513,1
2013,2,2013091600,3
2013,3,2013091900,1
2013,3,2013092200,2
2013,3,2013092201,3
2013,3,2013092202,1
2013,3,2013092203,3
2013,3,2013092204,5
2013,3,2013092205,2
2013,3,2013092206,2
2013,3,2013092207,2
2013,3,2013092208,3
2013,3,2013092209,4
2013,3,2013092210,1
2013,3,2013092211,2
2013,3,2013092212,1
2013,3,2013092213,1
2013,3,2013092300,1
2013,4,2013092600,2
2013,4,2013092900,3
2013,4,2013092901,1
2013,4,2013092902,4
2013,4,2013092903,3
2013,4,2013092904,2
2013,4,2013092905,2
2013,4,2013092906,1
2013,4,2013092907,2
2013,4,2013092908,1
2013,4,2013092909,1
2013,4,2013092910,2
2013,4,2013092911,4
2013,4,2013092912,3
2013,4,2013093000,1
2013,5,2013100300,4
2013,5,2013100600,1
2013,5,2013100601,2
2013,5,2013100602,1
2013,5,2013100603,4
2013,5,2013100604,5
2013,5,2013100605,4
2013,5,2013100606,3
2013,5,2013100607,3
2013,5,2013100608,3
2013,5,2013100609,5
2013,5,2013100610,1
2013,5,2013100611,1
2013,5,2013100700,5
2013,6,2013101000,3
2013,6,2013101300,1
2013,6,2013101301,4
2013,6,2013101302,3
2013,6,2013101303,1
2013,6,2013101304,2
2013,6,2013101305,1
2013,6,2013101306,2
2013,6,2013101307,5
2013,6,2013101308,1
2013,6,2013101309,4
2013,6,2013101310,6
2013,6,2013101311,3
2013,6,2013101312,1
2013,6,2013101400,2
2013,7,2013101700,1
2013,7,2013102000,1
2013,7,2013102001,1
2013,7,2013102002,4
2013,7,2013102003,1
2013,7,2013102004,1
2013,7,2013102005,4
2013,7,2013102006,3
2013,7,2013102007,4
2013,7,2013102008,1
2013,7,2013102009,8
2013,7,2013102010,1
2013,7,2013102011,2
2013,7,2013102012,4
2013,7,2013102100,3
2013,8,2013102400,1
2013,8,2013102700,3
2013,8,2013102701,1
2013,8,2013102702,1
2013,8,2013102703,2
2013,8,2013102704,3
2013,8,2013102705,1
2013,8,2013102706,1
2013,8,2013102707,1
2013,8,2013102708,2
2013,8,2013102709,3
2013,8,2013102710,3
2013,8,2013102800,2
2013,9,2013103100,4
2013,9,2013110300,3
2013,9,2013110301,1
2013,9,2013110302,6
2013,9,2013110303,3
2013,9,2013110304,4
2013,9,2013110305,4
2013,9,2013110306,1
2013,9,2013110307,2
2013,9,2013110308,1
2013,9,2013110309,2
2013,9,2013110310,2
2013,9,2013110400,6
2013,10,2013110700,6
2013,10,2013111000,1
2013,10,2013111001,2
2013,10,2013111002,2
2013,10,2013111003,1
2013,10,2013111004,1
2013,10,2013111005,5
2013,10,2013111006,2
2013,10,2013111007,1
2013,10,2013111008,2
2013,10,2013111009,4
2013,10,2013111010,1
2013,10,2013111011,4
2013,10,2013111100,3
2013,11,2013111400,2
2013,11,2013111700,1
2013,11,2013111701,4
2013,11,2013111702,2
2013,11,2013111703,3
2013,11,2013111704,3
2013,11,2013111705,4
2013,11,2013111706,1
2013,11,2013111707,3
2013,11,2013111708,2
2013,11,2013111709,1
2013,11,2013111710,5
2013,11,2013111711,3
2013,11,2013111712,1
2013,11,2013111800,4
2013,12,2013112100,3
2013,12,2013112400,2
2013,12,2013112401,2
2013,12,2013112402,7
2013,12,2013112403,3
2013,12,2013112404,1
2013,12,2013112405,9
2013,12,2013112406,3
2013,12,2013112407,1
2013,12,2013112408,1
2013,12,2013112409,6
2013,12,2013112410,2
2013,12,2013112411,3
2013,12,2013112500,1
2013,13,2013112800,3
2013,13,2013112801,3
2013,13,2013112802,1
2013,13,2013120100,2
2013,13,2013120101,7
2013,13,2013120102,5
2013,13,2013120103,3
2013,13,2013120104,4
2013,13,2013120105,1
2013,13,2013120106,2
2013,13,2013120107,4
2013,13,2013120108,1
2013,13,2013120109,6
2013,13,2013120110,2
2013,13,2013120111,3
2013,13,2013120200,1
2013,14,2013120500,1
2013,14,2013120800,7
2013,14,2013120801,1
2013,14,2013120802,2
2013,14,2013120803,1
2013,14,2013120804,2
2013,14,2013120805,3
2013,14,2013120806,6
2013,14,2013120807,1
2013,14,2013120808,1
2013,14,2013120809,3
2013,14,2013120810,1
2013,14,2013120811,1
2013,14,2013120812,7
2013,14,2013120813,3
2013,14,2013120900,3
2013,15,2013121200,2
2013,15,2013121500,3
2013,15,2013121501,5
2013,15,2013121502,1
2013,15,2013121503,4
2013,15,2013121504,4
2013,15,2013121505,1
2013,15,2013121506,1
2013,15,2013121507,1
2013,15,2013121508,1
2013,15,2013121509,7
2013,15,2013121510,3
2013,15,2013121511,1
2013,15,2013121512,3
2013,15,2013121513,1
2013,15,2013121600,4
2013,16,2013122200,1
2013,16,2013122201,4
2013,16,2013122202,2
2013,16,2013122203,2
2013,16,2013122204,3
2013,16,2013122205,2
2013,16,2013122206,2
2013,16,2013122207,1
2013,16,2013122208,2
2013,16,2013122209,3
2013,16,2013122210,4
2013,16,2013122211,4
2013,16,2013122212,6
2013,16,2013122213,4
2013,16,2013122214,1
2013,16,2013122300,3
2013,17,2013122900,4
2013,17,2013122901,6
2013,17,2013122902,3
2013,17,2013122903,1
2013,17,2013122904,1
2013,17,2013122905,2
2013,17,2013122906,3
2013,17,2013122907,2
2013,17,2013122908,2
2013,17,2013122909,2
2013,17,2013122910,1
2013,17,2013122911,2
2013,17,2013122912,3
2013,17,2013122913,1
2013,17,2013122914,4
2013,17,2013122915,1
2014,1,2014090400,4
2014,1,2014090700,6
2014,1,2014090701,3
2014,1,2014090702,4
2014,1,2014090703,2
2014,1,2014090704,2
2014,1,2014090705,3
2014,1,2014090706,3
2014,1,2014090707,2
2014,1,2014090708,3
2014,1,2014090709,1
2014,1,2014090710,1
2014,1,2014090711,1
2014,1,2014090712,1
2014,1,2014090800,1
2014,1,2014090801,4
2014,2,2014091100,1
2014,2,2014091400,1
2014,2,2014091401,3
2014,2,2014091402,2
2014,2,2014091403,5
2014,2,2014091404,2
2014,2,2014091405,3
2014,2,2014091406,1
2014,2,2014091407,1
2014,2,2014091408,3
2014,2,2014091409,6
2014,2,2014091410,3
2014,2,2014091411,3
2014,2,2014091412,1
2014,2,2014091413,2
2014,2,2014091500,4
2014,3,2014091800,1
2014,3,2014092100,1
2014,3,2014092101,1
2014,3,2014092102,7
2014,3,2014092103,2
2014,3,2014092104,1
2014,3,2014092105,2
2014,3,2014092106,1
2014,3,2014092107,1
2014,3,2014092108,4
2014,3,2014092109,2
2014,3,2014092110,3
2014,3,2014092111,1
2014,3,2014092112,3
2014,3,2014092113,2
2014,3,2014092200,1
2014,4,2014092500,1
2014,4,2014092800,2
2014,4,2014092801,5
2014,4,2014092802,2
2014,4,2014092803,1
2014,4,2014092804,5
2014,4,2014092805,2
2014,4,2014092806,2
2014,4,2014092807,4
2014,4,2014092808,5
2014,4,2014092809,4
2014,4,2014092810,1
2014,4,2014092900,1
2014,5,2014100200,1
2014,5,2014100500,4
2014,5,2014100501,4
2014,5,2014100502,2
2014,5,2014100503,1
2014,5,2014100504,2
2014,5,2014100505,3
2014,5,2014100506,4
2014,5,2014100507,1
2014,5,2014100508,2
2014,5,2014100509,2
2014,5,2014100510,1
2014,5,2014100511,4
2014,5,2014100512,1
2014,5,2014100600,1
2014,6,2014100900,1
2014,6,2014101200,3
2014,6,2014101201,2
2014,6,2014101202,6
2014,6,2014101203,2
2014,6,2014101204,4
2014,6,2014101205,1
2014,6,2014101206,3
2014,6,2014101207,1
2014,6,2014101208,2
2014,6,2014101209,5
2014,6,2014101210,3
2014,6,2014101211,5
2014,6,2014101212,1
2014,6,2014101300,2
2014,7,2014101600,5
2014,7,2014101900,1
2014,7,2014101901,5
2014,7,2014101902,1
2014,7,2014101903,2
2014,7,2014101904,1
2014,7,2014101905,1
2014,7,2014101906,2
2014,7,2014101907,2
2014,7,2014101908,6
2014,7,2014101909,5
2014,7,2014101910,3
2014,7,2014101911,1
2014,7,2014101912,1
2014,7,2014102000,2
2014,8,2014102300,2
2014,8,2014102600,2
2014,8,2014102601,3
2014,8,2014102602,3
2014,8,2014102603,1
2014,8,2014102604,2
2014,8,2014102605,1
2014,8,2014102606,1
2014,8,2014102607,3
2014,8,2014102608,2
2014,8,2014102609,5
2014,8,2014102610,1
2014,8,2014102611,2
2014,8,2014102612,5
2014,8,2014102700,5
2014,9,2014103000,1
2014,9,2014110200,2
2014,9,2014110201,5
2014,9,2014110202,2
2014,9,2014110203,3
2014,9,2014110204,1
2014,9,2014110205,1
2014,9,2014110206,6
2014,9,2014110207,3
2014,9,2014110208,3
2014,9,2014110209,2
2014,9,2014110210,2
2014,9,2014110300,1
2014,10,2014110600,1
2014,10,2014110900,2
2014,10,2014110901,2
2014,10,2014110902,4
2014,10,2014110903,3
2014,10,2014110904,3
2014,10,2014110905,1
2014,10,2014110906,5
2014,10,2014110907,4
2014,10,2014110908,4
2014,10,2014110909,4
2014,10,2014110910,1
2014,10,2014111000,1
2014,11,2014111300,3
2014,11,2014111600,4
2014,11,2014111601,2
2014,11,2014111602,2
2014,11,2014111603,1
2014,11,2014111604,4
2014,11,2014111605,2
2014,11,2014111606,2
2014,11,2014111607,1
2014,11,2014111608,1
2014,11,2014111609,1
2014,11,2014111610,1
2014,11,2014111611,1
2014,11,2014111700,3
2014,12,2014112000,3
2014,12,2014112300,6
2014,12,2014112301,1
2014,12,2014112302,2
2014,12,2014112303,1
2014,12,2014112304,2
2014,12,2014112305,2
2014,12,2014112306,2
2014,12,2014112307,1
2014,12,2014112308,3
2014,12,2014112309,1
2014,12,2014112310,2
2014,12,2014112311,4
2014,12,2014112312,4
2014,12,2014112400,4
2014,13,2014112700,2
2014,13,2014112701,1
2014,13,2014112702,1
2014,13,2014113000,2
2014,13,2014113001,2
2014,13,2014113002,1
2014,13,2014113003,2
2014,13,2014113004,4
2014,13,2014113005,1
2014,13,2014113006,2
2014,13,2014113007,1
2014,13,2014113008,2
2014,13,2014113009,1
2014,13,2014113010,1
2014,13,2014113011,1
2014,13,2014120100,2
2014,14,2014120400,2
2014,14,2014120700,5
2014,14,2014120701,3
2014,14,2014120702,1
2014,14,2014120703,4
2014,14,2014120704,2
2014,14,2014120705,5
2014,14,2014120706,1
2014,14,2014120707,1
2014,14,2014120708,1
2014,14,2014120709,3
2014,14,2014120710,1
2014,14,2014120711,5
2014,14,2014120712,2
2014,14,2014120713,3
2014,14,2014120800,2
2014,15,2014121100,2
2014,15,2014121400,1
2014,15,2014121401,5
2014,15,2014121402,4
2014,15,2014121403,5
2014,15,2014121404,1
2014,15,2014121405,2
2014,15,2014121406,2
2014,15,2014121407,1
2014,15,2014121408,1
2014,15,2014121409,5
2014,15,2014121410,1
2014,15,2014121411,4
2014,15,2014121412,3
2014,15,2014121413,3
2014,15,2014121500,1
2014,16,2014121800,2
2014,16,2014122000,6
2014,16,2014122001,2
2014,16,2014122100,4
2014,16,2014122101,4
2014,16,2014122102,1
2014,16,2014122103,4
2014,16,2014122104,2
2014,16,2014122105,3
2014,16,2014122106,3
2014,16,2014122107,1
2014,16,2014122108,1
2014,16,2014122109,1
2014,16,2014122110,2
2014,16,2014122111,2
2014,16,2014122200,4
2014,17,2014122800,1
2014,17,2014122801,3
2014,17,2014122802,2
2014,17,2014122803,5
2014,17,2014122804,1
2014,17,2014122805,6
2014,17,2014122806,3
2014,17,2014122807,1
2014,17,2014122808,4
2014,17,2014122809,3
2014,17,2014122810,2
2014,17,2014122811,1
2014,17,2014122812,3
2014,17,2014122813,1
2014,17,2014122814,4
2014,17,2014122815,2
2015,1,2015091000,1
2015,1,2015091300,5
2015,1,2015091301,6
2015,1,2015091302,2
2015,1,2015091303,2
2015,1,2015091304,1
2015,1,2015091305,3
2015,1,2015091306,1
2015,1,2015091307,1
2015,1,2015091308,2
2015,1,2015091309,3
2015,1,2015091310,1
2015,1,2015091311,1
2015,1,2015091312,4
2015,1,2015091400,3
2015,1,2015091401,1
2015,2,2015091700,4
2015,2,2015092000,3
2015,2,2015092001,2
2015,2,2015092002,1
2015,2,2015092003,1
2015,2,2015092004,3
2015,2,2015092005,1
2015,2,2015092006,3
2015,2,2015092007,1
2015,2,2015092008,3
2015,2,2015092009,1
2015,2,2015092010,6
2015,2,2015092011,2
2015,2,2015092012,1
2015,2,2015092013,3
2015,2,2015092100,1
2015,3,2015092400,1
2015,3,2015092700,2
2015,3,2015092701,3
2015,3,2015092702,1
2015,3,2015092703,3
2015,3,2015092704,1
2015,3,2015092705,1
2015,3,2015092706,1
2015,3,2015092707,5
2015,3,2015092708,1
2015,3,2015092709,3
2015,3,2015092710,1
2015,3,2015092711,1
2015,3,2015092712,1
2015,3,2015092713,1
2015,3,2015092800,1
2015,4,2015100100,4
2015,4,2015100400,1
2015,4,2015100401,7
2015,4,2015100402,1
2015,4,2015100403,1
2015,4,2015100404,4
2015,4,2015100405,4
2015,4,2015100406,1
2015,4,2015100407,2
2015,4,2015100408,7
2015,4,2015100409,1
2015,4,2015100410,1
2015,4,2015100411,2
2015,4,2015100412,6
2015,4,2015100500,1
2015,5,2015100800,1
2015,5,2015101100,3
2015,5,2015101101,2
2015,5,2015101102,3
2015,5,2015101103,5
2015,5,2015101104,5
2015,5,2015101105,5
2015,5,2015101106,2
2015,5,2015101107,1
2015,5,2015101108,2
2015,5,2015101109,2
2015,5,2015101110,3
2015,5,2015101111,6
2015,5,2015101200,5
2015,6,2015101500,1
2015,6,2015101800,6
2015,6,2015101801,4
2015,6,2015101802,2
2015,6,2015101803,1
2015,6,2015101804,2
2015,6,2015101805,4
2015,6,2015101806,1
2015,6,2015101807,4
2015,6,2015101808,4
2015,6,2015101809,2
2015,6,2015101810,1
2015,6,2015101811,6
2015,6,2015101900,2
2015,7,2015102200,1
2015,7,2015102500,4
2015,7,2015102501,1
2015,7,2015102502,1
2015,7,2015102503,5
2015,7,2015102504,2
2015,7,2015102505,2
2015,7,2015102506,2
2015,7,2015102507,1
2015,7,2015102508,2
2015,7,2015102509,1
2015,7,2015102510,5
2015,7,2015102511,1
2015,7,2015102600,4
2015,8,2015102900,1
2015,8,2015110100,2
2015,8,2015110101,8
2015,8,2015110102,2
2015,8,2015110103,2
2015,8,2015110104,5
2015,8,2015110105,3
2015,8,2015110106,6
2015,8,2015110107,2
2015,8,2015110108,3
2015,8,2015110109,2
2015,8,2015110110,4
2015,8,2015110111,1
2015,8,2015110200,3
2015,9,2015110500,1
2015,9,2015110800,4
2015,9,2015110801,3
2015,9,2015110802,1
2015,9,2015110803,2
2015,9,2015110804,1
2015,9,2015110805,2
2015,9,2015110806,6
2015,9,2015110807,3
2015,9,2015110808,2
2015,9,2015110809,3
2015,9,2015110810,6
2015,9,2015110900,2
2015,10,2015111200,2
2015,10,2015111500,3
2015,10,2015111501,2
2015,10,2015111502,3
2015,10,2015111503,2
2015,10,2015111504,3
2015,10,2015111505,3
2015,10,2015111506,6
2015,10,2015111507,2
2015,10,2015111508,3
2015,10,2015111509,6
2015,10,2015111510,1
2015,10,2015111511,3
2015,10,2015111600,3
2015,11,2015111900,5
2015,11,2015112200,1
2015,11,2015112201,3
2015,11,2015112202,2
2015,11,2015112203,3
2015,11,2015112204,2
2015,11,2015112205,3
2015,11,2015112206,3
2015,11,2015112207,2
2015,11,2015112208,2
2015,11,2015112209,4
2015,11,2015112210,1
2015,11,2015112211,1
2015,11,2015112300,3
2015,12,2015112600,2
2015,12,2015112601,1
2015,12,2015112602,3
2015,12,2015112900,1
2015,12,2015112901,1
2015,12,2015112902,1
2015,12,2015112903,1
2015,12,2015112904,4
2015,12,2015112905,1
2015,12,2015112906,4
2015,12,2015112907,4
2015,12,2015112908,2
2015,12,2015112909,2
2015,12,2015112910,8
2015,12,2015112911,3
2015,12,2015113000,4
2015,13,2015120300,2
2015,13,2015120600,4
2015,13,2015120601,2
2015,13,2015120602,1
2015,13,2015120603,1
2015,13,2015120604,3
2015,13,2015120605,4
2015,13,2015120606,1
2015,13,2015120607,6
2015,13,2015120608,5
2015,13,2015120609,1
2015,13,2015120610,4
2015,13,2015120611,1
2015,13,2015120612,2
2015,13,2015120613,4
2015,13,2015120700,5
2015,14,2015121000,5
2015,14,2015121300,3
2015,14,2015121301,1
2015,14,2015121302,1
2015,14,2015121303,1
2015,14,2015121304,3
2015,14,2015121305,1
2015,14,2015121306,2
2015,14,2015121307,1
2015,14,2015121308,1
2015,14,2015121309,2
2015,14,2015121310,1
2015,14,2015121311,2
2015,14,2015121312,1
2015,14,2015121313,1
2015,14,2015121400,6
2015,15,2015121700,1
2015,15,2015121900,5
2015,15,2015122000,3
2015,15,2015122001,2
2015,15,2015122002,1
2015,15,2015122003,2
2015,15,2015122004,2
2015,15,2015122005,1
2015,15,2015122006,2
2015,15,2015122007,1
2015,15,2015122008,2
2015,15,2015122009,3
2015,15,2015122010,3
2015,15,2015122011,1
2015,15,2015122012,1
2015,15,2015122100,1
2015,16,2015122400,4
2015,16,2015122600,2
2015,16,2015122700,1
2015,16,2015122701,1
2015,16,2015122702,3
2015,16,2015122703,1
2015,16,2015122704,1
2015,16,2015122705,5
2015,16,2015122706,1
2015,16,2015122707,3
2015,16,2015122708,4
2015,16,2015122709,3
2015,16,2015122710,1
2015,16,2015122711,1
2015,16,2015122712,1
2015,16,2015122800,3
2015,17,2016010300,1
2015,17,2016010301,3
2015,17,2016010302,4
2015,17,2016010303,1
2015,17,2016010304,1
2015,17,2016010305,5
2015,17,2016010306,1
2015,17,2016010307,1
2015,17,2016010308,3
2015,17,2016010309,3
2015,17,2016010310,2
2015,17,2016010311,6
2015,17,2016010312,2
2015,17,2016010313,5
2015,17,2016010314,1
2015,17,2016010315,4
2016,1,2016090800,3
2016,1,2016091100,4
2016,1,2016091101,1
2016,1,2016091102,4
2016,1,2016091103,5
2016,1,2016091104,3
2016,1,2016091105,5
2016,1,2016091106,6
2016,1,2016091107,1
2016,1,2016091108,2
2016,1,2016091109,4
2016,1,2016091110,6
2016,1,2016091111,4
2016,1,2016091112,3
2016,1,2016091200,2
2016,1,2016091201,1
2016,2,2016091500,5
2016,2,2016091800,4
2016,2,2016091801,2
2016,2,2016091802,2
2016,2,2016091803,1
2016,2,2016091804,1
2016,2,2016091805,3
2016,2,2016091806,1
2016,2,2016091807,5
2016,2,2016091808,1
2016,2,2016091809,2
2016,2,2016091810,3
2016,2,2016091811,6
2016,2,2016091812,1
2016,2,2016091813,2
2016,2,2016091900,3
2016,3,2016092200,1
2016,3,2016092500,1
2016,3,2016092501,2
2016,3,2016092502,6
2016,3,2016092503,1
2016,3,2016092504,3
2016,3,2016092505,5
2016,3,2016092506,6
2016,3,2016092507,2
2016,3,2016092508,1
2016,3,2016092509,3
2016,3,2016092510,1
2016,3,2016092511,5
2016,3,2016092512,1
2016,3,2016092513,1
2016,3,2016092600,3
2016,4,2016092900,3
2016,4,2016100200,1
2016,4,2016100201,1
2016,4,2016100202,3
2016,4,2016100203,1
2016,4,2016100204,3
2016,4,2016100205,1
2016,4,2016100206,2
2016,4,2016100207,4
2016,4,2016100208,2
2016,4,2016100209,3
2016,4,2016100210,4
2016,4,2016100211,3
2016,4,2016100212,1
2016,4,2016100300,1
2016,5,2016100600,2
2016,5,2016100900,2
2016,5,2016100901,2
2016,5,2016100902,3
2016,5,2016100903,5
2016,5,2016100904,3
2016,5,2016100905,1
2016,5,2016100906,4
2016,5,2016100907,1
2016,5,2016100908,1
2016,5,2016100909,4
2016,5,2016100910,3
2016,5,2016100911,1
2016,5,2016101000,3
2016,6,2016101300,1
2016,6,2016101600,4
2016,6,2016101601,2
2016,6,2016101602,5
2016,6,2016101603,3
2016,6,2016101604,5
2016,6,2016101605,2
2016,6,2016101606,5
2016,6,2016101607,1
2016,6,2016101608,2
2016,6,2016101609,2
2016,6,2016101610,1
2016,6,2016101611,3
2016,6,2016101612,2
2016,6,2016101700,1
2016,7,2016102000,4
2016,7,2016102300,2
2016,7,2016102301,3
2016,7,2016102302,4
2016,7,2016102303,1
2016,7,2016102304,2
2016,7,2016102305,3
2016,7,2016102306,4
2016,7,2016102307,2
2016,7,2016102308,4
2016,7,2016102309,3
2016,7,2016102310,2
2016,7,2016102311,1
2016,7,2016102312,2
2016,7,2016102400,2
2016,8,2016102700,1
2016,8,2016103000,5
2016,8,2016103001,7
2016,8,2016103002,2
2016,8,2016103003,2
2016,8,2016103004,1
2016,8,2016103005,1
2016,8,2016103006,2
2016,8,2016103007,4
2016,8,2016103008,3
2016,8,2016103009,1
2016,8,2016103010,4
2016,8,2016103100,1
2016,9,2016110300,4
2016,9,2016110600,1
2016,9,2016110601,1
2016,9,2016110602,2
2016,9,2016110603,1
2016,9,2016110604,6
2016,9,2016110605,4
2016,9,2016110606,1
2016,9,2016110607,1
2016,9,2016110608,2
2016,9,2016110609,1
2016,9,2016110610,3
2016,9,2016110700,4
2016,10,2016111000,3
2016,10,2016111301,2
2016,10,2016111302,2
2016,10,2016111303,4
2016,10,2016111304,3
2016,10,2016111305,3
2016,10,2016111306,1
2016,10,2016111307,1
2016,10,2016111308,3
2016,10,2016111309,6
2016,10,2016111310,2
2016,10,2016111311,8
2016,10,2016111312,8
2016,10,2016111400,5
2016,11,2016111700,2
2016,11,2016112000,3
2016,11,2016112001,1
2016,11,2016112002,3
2016,11,2016112003,6
2016,11,2016112004,1
2016,11,2016112005,4
2016,11,2016112006,3
2016,11,2016112007,3
2016,11,2016112008,2
2016,11,2016112009,1
2016,11,2016112010,3
2016,11,2016112011,3
2016,11,2016112100,4
2016,12,2016112400,4
2016,12,2016112401,1
2016,12,2016112402,1
2016,12,2016112700,3
2016,12,2016112701,1
2016,12,2016112702,6
2016,12,2016112703,2
2016,12,2016112704,1
2016,12,2016112705,2
2016,12,2016112706,2
2016,12,2016112707,3
2016,12,2016112708,1
2016,12,2016112709,6
2016,12,2016112710,4
2016,12,2016112711,4
2016,12,2016112800,2
2016,13,2016120100,4
2016,13,2016120400,4
2016,13,2016120401,1
2016,13,2016120402,2
2016,13,2016120403,1
2016,13,2016120404,2
2016,13,2016120405,2
2016,13,2016120406,1
2016,13,2016120407,1
2016,13,2016120408,3
2016,13,2016120409,5
2016,13,2016120410,1
2016,13,2016120411,5
2016,13,2016120412,1
2016,13,2016120500,1
2016,14,2016120800,2
2016,14,2016121100,1
2016,14,2016121101,1
2016,14,2016121102,1
2016,14,2016121103,4
2016,14,2016121104,2
2016,14,2016121105,4
2016,14,2016121106,2
2016,14,2016121107,6
2016,14,2016121108,1
2016,14,2016121109,1
2016,14,2016121110,2
2016,14,2016121111,1
2016,14,2016121112,1
2016,14,2016121113,2
2016,14,2016121200,1
2016,15,2016121500,1
2016,15,2016121700,2
2016,15,2016121800,5
2016,15,2016121801,2
2016,15,2016121802,4
2016,15,2016121803,4
2016,15,2016121804,2
2016,15,2016121805,2
2016,15,2016121806,1
2016,15,2016121807,1
2016,15,2016121808,6
2016,15,2016121809,1
2016,15,2016121810,2
2016,15,2016121811,4
2016,15,2016121812,3
2016,15,2016121900,2
2016,16,2016122200,1
2016,16,2016122400,3
2016,16,2016122401,1
2016,16,2016122402,1
2016,16,2016122403,3
2016,16,2016122404,1
2016,16,2016122405,1
2016,16,2016122406,1
2016,16,2016122407,2
2016,16,2016122408,2
2016,16,2016122409,3
2016,16,2016122410,2
2016,16,2016122411,4
2016,16,2016122500,5
2016,16,2016122501,1
2016,16,2016122600,4
2016,17,2017010100,1
2016,17,2017010101,1
2016,17,2017010102,3
2016,17,2017010103,3
2016,17,2017010104,1
2016,17,2017010105,1
2016,17,2017010106,1
2016,17,2017010107,4
2016,17,2017010108,4
2016,17,2017010109,4
2016,17,2017010110,1
2016,17,2017010111,2
2016,17,2017010112,1
2016,17,2017010113,1
2016,17,2017010114,3
2016,17,2017010115,3
2017,1,2017090700,5
2017,1,2017091000,1
2017,1,2017091001,3
2017,1,2017091002,1
2017,1,2017091003,2
2017,1,2017091004,2
2017,1,2017091005,1
2017,1,2017091007,3
2017,1,2017091008,3
2017,1,2017091009,1
2017,1,2017091010,2
2017,1,2017091011,1
2017,1,2017091012,1
2017,1,2017091100,3
2017,1,2017091101,2
2017,2,2017091400,2
2017,2,2017091700,1
2017,2,2017091701,1
2017,2,2017091702,2
2017,2,2017091703,2
2017,2,2017091704,5
2017,2,2017091705,1
2017,2,2017091706,1
2017,2,2017091707,1
2017,2,2017091708,4
2017,2,2017091709,1
2017,2,2017091710,2
2017,2,2017091711,2
2017,2,2017091712,3
2017,2,2017091713,2
2017,2,2017091800,2
2017,3,2017092100,2
2017,3,2017092400,1
2017,3,2017092401,6
2017,3,2017092402,2
2017,3,2017092403,3
2017,3,2017092404,2
2017,3,2017092405,2
2017,3,2017092406,1
2017,3,2017092407,7
2017,3,2017092408,1
2017,3,2017092409,4
2017,3,2017092410,5
2017,3,2017092411,3
2017,3,2017092412,1
2017,3,2017092413,1
2017,3,2017092500,3
2017,4,2017092800,1
2017,4,2017100100,1
2017,4,2017100101,5
2017,4,2017100102,1
2017,4,2017100103,1
2017,4,2017100104,3
2017,4,2017100105,1
2017,4,2017100106,3
2017,4,2017100107,5
2017,4,2017100108,4
2017,4,2017100109,6
2017,4,2017100110,1
2017,4,2017100111,5
2017,4,2017100112,1
2017,4,2017100113,4
2017,4,2017100200,5
2017,5,2017100500,3
2017,5,2017100800,3
2017,5,2017100801,3
2017,5,2017100802,3
2017,5,2017100803,4
2017,5,2017100804,2
2017,5,2017100805,6
2017,5,2017100806,1
2017,5,2017100807,4
2017,5,2017100808,2
2017,5,2017100809,1
2017,5,2017100810,6
2017,5,2017100811,1
2017,5,2017100900,3
2017,6,2017101200,3
2017,6,2017101500,2
2017,6,2017101501,2
2017,6,2017101502,2
2017,6,2017101503,2
2017,6,2017101504,2
2017,6,2017101505,2
2017,6,2017101506,2
2017,6,2017101507,1
2017,6,2017101508,4
2017,6,2017101509,3
2017,6,2017101510,5
2017,6,2017101511,1
2017,6,2017101600,5
2017,7,2017101900,8
2017,7,2017102200,5
2017,7,2017102201,1
2017,7,2017102202,4
2017,7,2017102203,5
2017,7,2017102204,1
2017,7,2017102205,1
2017,7,2017102206,4
2017,7,2017102207,3
2017,7,2017102208,3
2017,7,2017102209,1
2017,7,2017102210,1
2017,7,2017102211,2
2017,7,2017102212,1
2017,7,2017102300,3
2017,8,2017102600,1
2017,8,2017102900,6
2017,8,2017102901,2
2017,8,2017102902,6
2017,8,2017102903,2
2017,8,2017102904,1
2017,8,2017102905,4
2017,8,2017102906,1
2017,8,2017102907,1
2017,8,2017102908,9
2017,8,2017102909,4
2017,8,2017102910,5
2017,8,2017103000,1
2017,9,2017110200,2
2017,9,2017110500,2
2017,9,2017110501,1
2017,9,2017110502,1
2017,9,2017110503,1
2017,9,2017110504,2
2017,9,2017110505,2
2017,9,2017110506,2
2017,9,2017110507,1
2017,9,2017110508,4
2017,9,2017110509,3
2017,9,2017110510,3
2017,9,2017110600,1
2017,10,2017110900,2
2017,10,2017111200,2
2017,10,2017111201,2
2017,10,2017111202,4
2017,10,2017111203,2
2017,10,2017111204,4
2017,10,2017111205,2
2017,10,2017111206,3
2017,10,2017111207,5
2017,10,2017111208,3
2017,10,2017111209,2
2017,10,2017111210,5
2017,10,2017111211,1
2017,10,2017111300,1
2017,11,2017111600,1
2017,11,2017111900,3
2017,11,2017111901,1
2017,11,2017111902,1
2017,11,2017111903,5
2017,11,2017111904,2
2017,11,2017111905,4
2017,11,2017111906,3
2017,11,2017111907,2
2017,11,2017111908,3
2017,11,2017111909,1
2017,11,2017111910,4
2017,11,2017111911,4
2017,11,2017112000,1
2017,12,2017112300,1
2017,12,2017112301,1
2017,12,2017112302,3
2017,12,2017112600,2
2017,12,2017112601,2
2017,12,2017112602,3
2017,12,2017112603,1
2017,12,2017112604,1
2017,12,2017112605,6
2017,12,2017112606,1
2017,12,2017112607,1
2017,12,2017112608,1
2017,12,2017112609,4
2017,12,2017112610,1
2017,12,2017112611,5
2017,12,2017112700,2
2017,13,2017113000,1
2017,13,2017120300,4
2017,13,2017120301,1
2017,13,2017120302,1
2017,13,2017120303,3
2017,13,2017120304,4
2017,13,2017120305,1
2017,13,2017120306,3
2017,13,2017120307,2
2017,13,2017120308,6
2017,13,2017120309,2
2017,13,2017120310,3
2017,13,2017120311,1
2017,13,2017120312,2
2017,13,2017120313,1
2017,13,2017120400,2
2017,14,2017120700,4
2017,14,2017121000,2
2017,14,2017121001,3
2017,14,2017121002,3
2017,14,2017121003,3
2017,14,2017121004,4
2017,14,2017121005,2
2017,14,2017121006,1
2017,14,2017121007,3
2017,14,2017121008,2
2017,14,2017121009,1
2017,14,2017121010,1
2017,14,2017121011,6
2017,14,2017121012,3
2017,14,2017121013,3
2017,14,2017121100,3
2017,15,2017121400,2
2017,15,2017121600,1
2017,15,2017121601,3
2017,15,2017121700,1
2017,15,2017121701,4
2017,15,2017121702,3
2017,15,2017121703,1
2017,15,2017121704,1
2017,15,2017121705,1
2017,15,2017121706,6
2017,15,2017121707,1
2017,15,2017121708,1
2017,15,2017121709,4
2017,15,2017121710,5
2017,15,2017121711,3
2017,15,2017121800,2
2017,16,2017122300,1
2017,16,2017122301,1
2017,16,2017122400,5
2017,16,2017122401,1
2017,16,2017122402,4
2017,16,2017122403,2
2017,16,2017122404,5
2017,16,2017122405,1
2017,16,2017122406,2
2017,16,2017122407,6
2017,16,2017122408,2
2017,16,2017122409,3
2017,16,2017122410,1
2017,16,2017122411,4
2017,16,2017122500,1
2017,16,2017122501,3
2017,17,2017123100,2
2017,17,2017123101,3
2017,17,2017123102,2
2017,17,2017123103,4
2017,17,2017123104,1
2017,17,2017123105,1
2017,17,2017123106,1
2017,17,2017123107,1
2017,17,2017123108,1
2017,17,2017123109,2
2017,17,2017123110,5
2017,17,2017123111,1
2017,17,2017123112,4
2017,17,2017123113,3
2017,17,2017123114,1
2017,17,2017123115,4
2018,1,2018090600,5
2018,1,2018090900,1
2018,1,2018090901,2
2018,1,2018090902,3
2018,1,2018090903,3
2018,1,2018090904,1
2018,1,2018090905,1
2018,1,2018090906,5
2018,1,2018090907,2
2018,1,2018090908,1
2018,1,2018090909,1
2018,1,2018090910,1
2018,1,2018090911,6
2018,1,2018090912,2
2018,1,2018091000,3
2018,1,2018091001,4
2018,2,2018091300,1
2018,2,2018091600,3
2018,2,2018091601,1
2018,2,2018091602,2
2018,2,2018091603,4
2018,2,2018091604,1
2018,2,2018091605,3
2018,2,2018091606,2
2018,2,2018091607,3
2018,2,2018091608,1
2018,2,2018091609,1
2018,2,2018091610,3
2018,2,2018091611,2
2018,2,2018091612,1
2018,2,2018091613,1
2018,2,2018091700,1
2018,3,2018092000,3
2018,3,2018092300,10
2018,3,2018092301,3
2018,3,2018092302,3
2018,3,2018092303,2
2018,3,2018092304,3
2018,3,2018092305,1
2018,3,2018092306,3
2018,3,2018092307,1
2018,3,2018092308,5
2018,3,2018092309,1
2018,3,2018092310,1
2018,3,2018092311,2
2018,3,2018092312,1
2018,3,2018092313,1
2018,3,2018092400,2
2018,4,2018092700,5
2018,4,2018093000,6
2018,4,2018093001,1
2018,4,2018093002,5
2018,4,2018093003,1
2018,4,2018093004,4
2018,4,2018093005,1
2018,4,2018093006,1
2018,4,2018093007,5
2018,4,2018093008,4
2018,4,2018093009,5
2018,4,2018093010,4
2018,4,2018093011,2
2018,4,2018093012,2
2018,4,2018100100,5
2018,5,2018100400,1
2018,5,2018100700,3
2018,5,2018100701,4
2018,5,2018100702,2
2018,5,2018100703,3
2018,5,2018100704,1
2018,5,2018100705,1
2018,5,2018100706,2
2018,5,2018100707,1
2018,5,2018100708,2
2018,5,2018100709,2
2018,5,2018100710,2
2018,5,2018100711,7
2018,5,2018100712,5
2018,5,2018100800,1
2018,6,2018101100,1
2018,6,2018101400,2
2018,6,2018101401,5
2018,6,2018101402,1
2018,6,2018101403,3
2018,6,2018101404,4
2018,6,2018101405,3
2018,6,2018101406,4
2018,6,2018101407,1
2018,6,2018101408,1
2018,6,2018101409,1
2018,6,2018101410,1
2018,6,2018101411,1
2018,6,2018101412,5
2018,6,2018101500,4
2018,7,2018101800,1
2018,7,2018102100,2
2018,7,2018102101,4
2018,7,2018102102,5
2018,7,2018102103,1
2018,7,2018102104,1
2018,7,2018102105,1
2018,7,2018102106,1
2018,7,2018102107,2
2018,7,2018102108,2
2018,7,2018102109,3
2018,7,2018102110,2
2018,7,2018102111,1
2018,7,2018102200,1
2018,8,2018102500,2
2018,8,2018102800,3
2018,8,2018102801,2
2018,8,2018102802,1
2018,8,2018102803,2
2018,8,2018102804,2
2018,8,2018102805,2
2018,8,2018102806,1
2018,8,2018102807,2
2018,8,2018102808,4
2018,8,2018102809,4
2018,8,2018102810,4
2018,8,2018102811,3
2018,8,2018102900,1
2018,9,2018110100,2
2018,9,2018110400,2
2018,9,2018110401,1
2018,9,2018110402,1
2018,9,2018110403,1
2018,9,2018110404,1
2018,9,2018110405,1
2018,9,2018110406,1
2018,9,2018110407,3
2018,9,2018110408,2
2018,9,2018110409,4
2018,9,2018110410,3
2018,9,2018110500,3
2018,10,2018110800,2
2018,10,2018111100,1
2018,10,2018111101,2
2018,10,2018111102,3
2018,10,2018111103,1
2018,10,2018111104,2
2018,10,2018111105,2
2018,10,2018111106,1
2018,10,2018111107,2
2018,10,2018111108,1
2018,10,2018111109,2
2018,10,2018111110,5
2018,10,2018111111,3
2018,10,2018111200,6
2018,11,2018111500,4
2018,11,2018111800,5
2018,11,2018111801,4
2018,11,2018111802,1
2018,11,2018111803,3
2018,11,2018111804,1
2018,11,2018111805,1
2018,11,2018111806,3
2018,11,2018111807,5
2018,11,2018111808,6
2018,11,2018111809,1
2018,11,2018111810,2
2018,11,2018111900,9
2018,12,2018112200,5
2018,12,2018112201,4
2018,12,2018112202,1
2018,12,2018112500,2
2018,12,2018112501,2
2018,12,2018112502,7
2018,12,2018112503,1
2018,12,2018112504,4
2018,12,2018112505,4
2018,12,2018112506,3
2018,12,2018112507,1
2018,12,2018112508,2
2018,12,2018112509,4
2018,12,2018112510,3
2018,12,2018112600,2
2018,13,2018112900,1
2018,13,2018120200,4
2018,13,2018120201,1
2018,13,2018120202,2
2018,13,2018120203,4
2018,13,2018120204,1
2018,13,2018120205,1
2018,13,2018120206,3
2018,13,2018120207,4
2018,13,2018120208,3
2018,13,2018120209,1
2018,13,2018120210,1
2018,13,2018120211,2
2018,13,2018120212,2
2018,13,2018120213,1
2018,13,2018120300,3
2018,14,2018120600,1
2018,14,2018120900,3
2018,14,2018120901,3
2018,14,2018120902,5
2018,14,2018120903,2
2018,14,2018120904,2
2018,14,2018120905,5
2018,14,2018120906,10
2018,14,2018120907,2
2018,14,2018120908,1
2018,14,2018120909,1
2018,14,2018120910,1
2018,14,2018120911,1
2018,14,2018120912,4
2018,14,2018120913,6
2018,14,2018121000,1
2018,15,2018121300,2
2018,15,2018121500,4
2018,15,2018121501,4
2018,15,2018121600,2
2018,15,2018121601,4
2018,15,2018121602,4
2018,15,2018121603,2
2018,15,2018121604,1
2018,15,2018121605,1
2018,15,2018121606,3
2018,15,2018121607,1
2018,15,2018121608,1
2018,15,2018121609,4
2018,15,2018121610,2
2018,15,2018121611,4
2018,15,2018121700,2
2018,16,2018122200,4
2018,16,2018122201,3
2018,16,2018122300,2
2018,16,2018122302,2
2018,16,2018122304,3
2018,16,2018122305,1
2018,16,2018122306,2
2018,16,2018122307,2
2018,16,2018122308,1
2018,16,2018122309,3
2018,16,2018122310,7
2018,16,2018122311,2
2018,16,2018122312,4
2018,16,2018122313,5
2018,16,2018122314,4
2018,16,2018122400,1
2018,17,2018123000,3
2018,17,2018123001,2
2018,17,2018123002,1
2018,17,2018123003,2
2018,17,2018123004,1
2018,17,2018123005,1
2018,17,2018123006,1
2018,17,2018123007,1
2018,17,2018123008,5
2018,17,2018123009,3
2018,17,2018123010,4
2018,17,2018123011,1
2018,17,2018123012,1
2018,17,2018123013,1
2018,17,2018123014,1
2018,17,2018123015,4
2019,1,2019090500,2
2019,1,2019090800,1
2019,1,2019090801,2
2019,1,2019090802,1
2019,1,2019090803,1
2019,1,2019090804,1
2019,1,2019090805,2
2019,1,2019090806,2
2019,1,2019090807,2
2019,1,2019090808,6
2019,1,2019090809,2
2019,1,2019090810,2
2019,1,2019090811,3
2019,1,2019090812,1
2019,1,2019090900,4
2019,1,2019090901,1
2019,2,2019091200,5
2019,2,2019091500,1
2019,2,2019091501,2
2019,2,2019091502,2
2019,2,2019091503,1
2019,2,2019091504,2
2019,2,2019091505,1
2019,2,2019091506,2
2019,2,2019091507,3
2019,2,2019091508,4
2019,2,2019091509,2
2019,2,2019091510,2
2019,2,2019091511,4
2019,2,2019091512,3
2019,2,2019091513,4
2019,2,2019091600,1
2019,3,2019091900,1
2019,3,2019092200,3
2019,3,2019092201,1
2019,3,2019092202,3
2019,3,2019092203,1
2019,3,2019092204,2
2019,3,2019092205,1
2019,3,2019092206,1
2019,3,2019092207,4
2019,3,2019092208,5
2019,3,2019092209,2
2019,3,2019092210,2
2019,3,2019092211,2
2019,3,2019092212,6
2019,3,2019092213,5
2019,3,2019092300,1
2019,4,2019092600,3
2019,4,2019092900,2
2019,4,2019092901,3
2019,4,2019092902,1
2019,4,2019092903,7
2019,4,2019092904,3
2019,4,2019092905,1
2019,4,2019092906,4
2019,4,2019092907,1
2019,4,2019092908,1
2019,4,2019092909,1
2019,4,2019092910,1
2019,4,2019092911,4
2019,4,2019092912,4
2019,4,2019093000,2
2019,5,2019100300,6
2019,5,2019100600,2
2019,5,2019100601,3
2019,5,2019100602,5
2019,5,2019100603,4
2019,5,2019100604,1
2019,5,2019100605,3
2019,5,2019100606,1
2019,5,2019100607,4
2019,5,2019100608,2
2019,5,2019100609,2
2019,5,2019100610,1
2019,5,2019100611,1
2019,5,2019100612,4
2019,5,2019100700,1
2019,6,2019101000,2
2019,6,2019101300,1
2019,6,2019101301,2
2019,6,2019101302,4
2019,6,2019101303,3
2019,6,2019101304,4
2019,6,2019101305,1
2019,6,2019101306,1
2019,6,2019101307,3
2019,6,2019101308,2
2019,6,2019101309,1
2019,6,2019101310,1
2019,6,2019101311,1
2019,6,2019101400,3
2019,7,2019101700,2
2019,7,2019102000,2
2019,7,2019102001,5
2019,7,2019102002,5
2019,7,2019102003,4
2019,7,2019102004,4
2019,7,2019102005,1
2019,7,2019102006,1
2019,7,2019102007,1
2019,7,2019102008,3
2019,7,2019102009,3
2019,7,2019102010,4
2019,7,2019102011,1
2019,7,2019102100,1
2019,8,2019102400,3
2019,8,2019102700,1
2019,8,2019102701,3
2019,8,2019102702,4
2019,8,2019102703,1
2019,8,2019102704,3
2019,8,2019102705,3
2019,8,2019102706,3
2019,8,2019102707,2
2019,8,2019102708,4
2019,8,2019102709,1
2019,8,2019102710,2
2019,8,2019102711,1
2019,8,2019102712,4
2019,8,2019102800,2
2019,9,2019103100,2
2019,9,2019110300,1
2019,9,2019110301,1
2019,9,2019110302,1
2019,9,2019110303,6
2019,9,2019110304,2
2019,9,2019110305,1
2019,9,2019110306,6
2019,9,2019110307,6
2019,9,2019110308,6
2019,9,2019110309,1
2019,9,2019110310,1
2019,9,2019110311,1
2019,9,2019110400,3
2019,10,2019110700,5
2019,10,2019111000,2
2019,10,2019111001,1
2019,10,2019111002,6
2019,10,2019111003,3
2019,10,2019111004,2
2019,10,2019111005,3
2019,10,2019111006,7
2019,10,2019111007,6
2019,10,2019111008,3
2019,10,2019111009,2
2019,10,2019111010,4
2019,10,2019111100,4
2019,11,2019111400,1
2019,11,2019111700,1
2019,11,2019111701,1
2019,11,2019111702,4
2019,11,2019111703,2
2019,11,2019111704,1
2019,11,2019111705,2
2019,11,2019111706,1
2019,11,2019111707,1
2019,11,2019111708,6
2019,11,2019111709,2
2019,11,2019111710,2
2019,11,2019111711,1
2019,11,2019111800,2
2019,12,2019112100,5
2019,12,2019112400,4
2019,12,2019112401,1
2019,12,2019112402,2
2019,12,2019112403,4
2019,12,2019112404,1
2019,12,2019112405,2
2019,12,2019112406,2
2019,12,2019112407,4
2019,12,2019112408,1
2019,12,2019112409,1
2019,12,2019112410,1
2019,12,2019112411,2
2019,12,2019112500,1
2019,13,2019112800,4
2019,13,2019112801,2
2019,13,2019112802,1
2019,13,2019120100,4
2019,13,2019120101,2
2019,13,2019120102,2
2019,13,2019120103,3
2019,13,2019120104,1
2019,13,2019120105,1
2019,13,2019120106,4
2019,13,2019120107,2
2019,13,2019120108,1
2019,13,2019120109,3
2019,13,2019120110,2
2019,13,2019120111,2
2019,13,2019120200,3
2019,14,2019120500,2
2019,14,2019120800,3
2019,14,2019120801,1
2019,14,2019120802,4
2019,14,2019120803,1
2019,14,2019120804,1
2019,14,2019120805,1
2019,14,2019120806,7
2019,14,2019120807,6
2019,14,2019120808,4
2019,14,2019120809,2
2019,14,2019120810,2
2019,14,2019120811,2
2019,14,2019120812,4
2019,14,2019120813,2
2019,14,2019120900,2
2019,15,2019121200,1
2019,15,2019121500,1
2019,15,2019121501,3
2019,15,2019121502,1
2019,15,2019121503,1
2019,15,2019121504,1
2019,15,2019121505,3
2019,15,2019121506,3
2019,15,2019121507,2
2019,15,2019121508,9
2019,15,2019121509,1
2019,15,2019121510,2
2019,15,2019121511,2
2019,15,2019121512,4
2019,15,2019121513,3
2019,15,2019121600,1
2019,16,2019122100,3
2019,16,2019122101,5
2019,16,2019122102,5
2019,16,2019122200,4
2019,16,2019122201,2
2019,16,2019122205,1
2019,16,2019122206,2
2019,16,2019122207,1
2019,16,2019122208,2
2019,16,2019122209,2
2019,16,2019122210,2
2019,16,2019122211,4
2019,16,2019122212,1
2019,16,2019122213,2
2019,16,2019122214,1
2019,16,2019122300,3
2019,17,2019122900,3
2019,17,2019122901,2
2019,17,2019122902,1
2019,17,2019122903,2
2019,17,2019122904,1
2019,17,2019122905,2
2019,17,2019122906,2
2019,17,2019122907,5
2019,17,2019122908,5
2019,17,2019122909,3
2019,17,2019122910,5
2019,17,2019122911,4
2019,17,2019122912,5
2019,17,2019122913,2
2019,17,2019122914,4
2019,17,2019122915,1
2020,1,2020091000,2
2020,1,2020091300,2
2020,1,2020091301,1
2020,1,2020091302,1
2020,1,2020091303,8
2020,1,2020091304,4
2020,1,2020091305,5
2020,1,2020091306,3
2020,1,2020091307,1
2020,1,2020091308,2
2020,1,2020091309,2
2020,1,2020091310,2
2020,1,2020091311,4
2020,1,2020091312,4
2020,1,2020091400,3
2020,1,2020091401,4
2020,2,2020091700,2
2020,2,2020092000,1
2020,2,2020092001,2
2020,2,2020092002,2
2020,2,2020092003,2
2020,2,2020092004,4
2020,2,2020092005,1
2020,2,2020092006,1
2020,2,2020092007,1
2020,2,2020092008,1
2020,2,2020092009,2
2020,2,2020092010,1
2020,2,2020092011,1
2020,2,2020092012,3
2020,2,2020092013,4
2020,2,2020092100,2
2020,3,2020092400,1
2020,3,2020092700,2
2020,3,2020092701,3
2020,3,2020092702,4
2020,3,2020092703,5
2020,3,2020092704,2
2020,3,2020092705,2
2020,3,2020092706,5
2020,3,2020092707,5
2020,3,2020092708,2
2020,3,2020092709,3
2020,3,2020092710,7
2020,3,2020092711,1
2020,3,2020092712,5
2020,3,2020092713,7
2020,3,2020092800,2
2020,4,2020100100,5
2020,4,2020100400,1
2020,4,2020100401,1
2020,4,2020100402,4
2020,4,2020100403,3
2020,4,2020100404,2
2020,4,2020100405,1
2020,4,2020100406,1
2020,4,2020100407,5
2020,4,2020100409,1
2020,4,2020100410,1
2020,4,2020100412,1
2020,4,2020100413,3
2020,4,2020100500,1
2020,4,2020100501,1
2020,5,2020100800,6
2020,5,2020101100,2
2020,5,2020101101,1
2020,5,2020101102,3
2020,5,2020101103,4
2020,5,2020101105,1
2020,5,2020101106,3
2020,5,2020101108,3
2020,5,2020101109,1
2020,5,2020101110,4
2020,5,2020101111,6
2020,5,2020101112,4
2020,5,2020101200,3
2020,5,2020101300,2
2020,6,2020101800,1
2020,6,2020101801,2
2020,6,2020101802,1
2020,6,2020101803,1
2020,6,2020101804,2
2020,6,2020101805,1
2020,6,2020101806,1
2020,6,2020101807,5
2020,6,2020101810,2
2020,6,2020101811,1
2020,6,2020101812,1
2020,6,2020101813,1
2020,6,2020101900,1
2020,6,2020101901,4
2020,7,2020102200,4
2020,7,2020102500,5
2020,7,2020102502,8
2020,7,2020102503,1
2020,7,2020102505,4
2020,7,2020102506,2
2020,7,2020102507,1
2020,7,2020102508,2
2020,7,2020102509,1
2020,7,2020102510,1
2020,7,2020102511,3
2020,7,2020102512,1
2020,7,2020102513,5
2020,7,2020102600,1
2020,8,2020102900,3
2020,8,2020110100,3
2020,8,2020110101,1
2020,8,2020110102,3
2020,8,2020110103,2
2020,8,2020110104,3
2020,8,2020110105,1
2020,8,2020110106,2
2020,8,2020110108,4
2020,8,2020110109,3
2020,8,2020110110,4
2020,8,2020110111,5
2020,8,2020110112,3
2020,8,2020110200,5
2020,9,2020110500,1
2020,9,2020110800,1
2020,9,2020110801,1
2020,9,2020110802,3
2020,9,2020110803,3
2020,9,2020110804,2
2020,9,2020110805,1
2020,9,2020110806,1
2020,9,2020110807,1
2020,9,2020110808,4
2020,9,2020110809,5
2020,9,2020110810,2
2020,9,2020110811,1
2020,9,2020110900,4
2020,10,2020111200,3
2020,10,2020111500,3
2020,10,2020111501,1
2020,10,2020111502,3
2020,10,2020111503,6
2020,10,2020111504,1
2020,10,2020111505,1
2020,10,2020111506,5
2020,10,2020111507,1
2020,10,2020111509,3
2020,10,2020111510,2
2020,10,2020111511,3
2020,10,2020111512,1
2020,10,2020111600,3
2020,11,2020111900,2
2020,11,2020112200,4
2020,11,2020112201,1
2020,11,2020112202,2
2020,11,2020112203,3
2020,11,2020112204,4
2020,11,2020112205,2
2020,11,2020112206,3
2020,11,2020112207,3
2020,11,2020112209,7
2020,11,2020112210,8
2020,11,2020112211,3
2020,11,2020112212,2
2020,11,2020112300,5
2020,12,2020112600,4
2020,12,2020112601,4
2020,12,2020112900,1
2020,12,2020112901,1
2020,12,2020112902,3
2020,12,2020112903,3
2020,12,2020112904,6
2020,12,2020112905,4
2020,12,2020112906,3
2020,12,2020112907,2
2020,12,2020112908,1
2020,12,2020112909,4
2020,12,2020112910,1
2020,12,2020112911,1
2020,12,2020113000,1
2020,12,2020120200,3
2020,13,2020120600,1
2020,13,2020120601,2
2020,13,2020120602,3
2020,13,2020120603,2
2020,13,2020120604,3
2020,13,2020120605,5
2020,13,2020120607,1
2020,13,2020120608,2
2020,13,2020120609,2
2020,13,2020120610,2
2020,13,2020120611,1
2020,13,2020120612,5
2020,13,2020120700,2
2020,13,2020120702,2
2020,13,2020120800,4
2020,14,2020121000,1
2020,14,2020121300,3
2020,14,2020121301,1
2020,14,2020121302,1
2020,14,2020121303,3
2020,14,2020121304,1
2020,14,2020121305,2
2020,14,2020121306,1
2020,14,2020121307,2
2020,14,2020121308,3
2020,14,2020121309,2
2020,14,2020121310,4
2020,14,2020121311,1
2020,14,2020121312,2
2020,14,2020121313,2
2020,14,2020121400,6
2020,15,2020121700,6
2020,15,2020121900,1
2020,15,2020121901,1
2020,15,2020122002,2
2020,15,2020122003,1
2020,15,2020122004,2
2020,15,2020122005,3
2020,15,2020122006,1
2020,15,2020122007,4
2020,15,2020122008,2
2020,15,2020122009,2
2020,15,2020122010,1
2020,15,2020122011,2
2020,15,2020122012,3
2020,15,2020122013,3
2020,15,2020122100,1
2020,16,2020122500,2
2020,16,2020122600,1
2020,16,2020122601,2
2020,16,2020122602,6
2020,16,2020122702,2
2020,16,2020122704,2
2020,16,2020122705,1
2020,16,2020122706,6
2020,16,2020122707,3
2020,16,2020122708,4
2020,16,2020122709,3
2020,16,2020122710,1
2020,16,2020122711,3
2020,16,2020122712,2
2020,16,2020122713,1
2020,16,2020122800,2
2020,17,2021010300,2
2020,17,2021010301,2
2020,17,2021010302,3
2020,17,2021010303,1
2020,17,2021010304,1
2020,17,2021010305,8
2020,17,2021010306,3
2020,17,2021010307,3
2020,17,2021010308,1
2020,17,2021010309,3
2020,17,2021010310,1
2020,17,2021010311,6
2020,17,2021010312,5
2020,17,2021010313,1
2020,17,2021010314,2
2020,17,2021010315,3
2021,1,2021090900,6
2021,1,2021091200,2
2021,1,2021091201,2
2021,1,2021091202,1
2021,1,2021091203,3
2021,1,2021091204,2
2021,1,2021091205,1
2021,1,2021091206,2
2021,1,2021091207,1
2021,1,2021091208,3
2021,1,2021091209,2
2021,1,2021091210,3
2021,1,2021091211,1
2021,1,2021091212,3
2021,1,2021091213,1
2021,1,2021091300,4
2021,2,2021091600,7
2021,2,2021091900,1
2021,2,2021091901,1
2021,2,2021091902,3
2021,2,2021091903,4
2021,2,2021091904,2
2021,2,2021091905,1
2021,2,2021091906,1
2021,2,2021091907,2
2021,2,2021091908,3
2021,2,2021091909,9
2021,2,2021091910,1
2021,2,2021091911,3
2021,2,2021091912,4
2021,2,2021091913,4
2021,2,2021092000,4
2021,3,2021092300,1
2021,3,2021092600,1
2021,3,2021092601,2
2021,3,2021092602,3
2021,3,2021092603,3
2021,3,2021092604,5
2021,3,2021092605,1
2021,3,2021092606,4
2021,3,2021092607,2
2021,3,2021092608,2
2021,3,2021092609,1
2021,3,2021092610,4
2021,3,2021092611,2
2021,3,2021092612,3
2021,3,2021092613,3
2021,3,2021092700,2
2021,4,2021093000,3
2021,4,2021100300,6
2021,4,2021100301,1
2021,4,2021100302,1
2021,4,2021100303,4
2021,4,2021100304,2
2021,4,2021100305,2
2021,4,2021100306,3
2021,4,2021100307,5
2021,4,2021100308,4
2021,4,2021100309,4
2021,4,2021100310,2
2021,4,2021100311,2
2021,4,2021100312,2
2021,4,2021100313,7
2021,4,2021100400,1
2021,5,2021100700,2
2021,5,2021101000,1
2021,5,2021101001,3
2021,5,2021101002,3
2021,5,2021101003,3
2021,5,2021101004,1
2021,5,2021101005,4
2021,5,2021101006,1
2021,5,2021101007,4
2021,5,2021101008,4
2021,5,2021101009,9
2021,5,2021101010,2
2021,5,2021101011,1
2021,5,2021101012,2
2021,5,2021101013,4
2021,5,2021101100,2
2021,6,2021101400,2
2021,6,2021101700,4
2021,6,2021101701,1
2021,6,2021101702,6
2021,6,2021101703,2
2021,6,2021101704,1
2021,6,2021101705,1
2021,6,2021101706,2
2021,6,2021101707,3
2021,6,2021101708,1
2021,6,2021101709,2
2021,6,2021101710,7
2021,6,2021101711,3
2021,6,2021101800,8
2021,7,2021102100,1
2021,7,2021102400,5
2021,7,2021102401,2
2021,7,2021102402,4
2021,7,2021102403,1
2021,7,2021102404,2
2021,7,2021102405,1
2021,7,2021102406,4
2021,7,2021102407,2
2021,7,2021102408,2
2021,7,2021102409,1
2021,7,2021102410,2
2021,7,2021102500,3
2021,8,2021102800,2
2021,8,2021103100,3
2021,8,2021103101,2
2021,8,2021103102,3
2021,8,2021103103,3
2021,8,2021103104,1
2021,8,2021103105,1
2021,8,2021103106,6
2021,8,2021103107,4
2021,8,2021103108,5
2021,8,2021103109,1
2021,8,2021103110,3
2021,8,2021103111,4
2021,8,2021103112,4
2021,8,2021110100,4
2021,9,2021110400,2
2021,9,2021110700,4
2021,9,2021110701,2
2021,9,2021110702,2
2021,9,2021110703,1
2021,9,2021110704,3
2021,9,2021110705,1
2021,9,2021110706,3
2021,9,2021110707,4
2021,9,2021110708,6
2021,9,2021110709,1
2021,9,2021110710,1
2021,9,2021110711,2
2021,9,2021110800,3
2021,10,2021111100,2
2021,10,2021111400,1
2021,10,2021111401,1
2021,10,2021111402,2
2021,10,2021111403,1
2021,10,2021111404,3
2021,10,2021111405,3
2021,10,2021111406,1
2021,10,2021111407,1
2021,10,2021111408,4
2021,10,2021111409,2
2021,10,2021111410,1
2021,10,2021111411,2
2021,10,2021111500,1
2021,11,2021111800,1
2021,11,2021112100,1
2021,11,2021112101,4
2021,11,2021112102,5
2021,11,2021112103,1
2021,11,2021112104,1
2021,11,2021112105,5
2021,11,2021112106,3
2021,11,2021112107,1
2021,11,2021112108,1
2021,11,2021112109,3
2021,11,2021112110,1
2021,11,2021112111,1
2021,11,2021112112,4
2021,11,2021112200,2
2021,12,2021112500,4
2021,12,2021112501,3
2021,12,2021112502,1
2021,12,2021112800,1
2021,12,2021112801,3
2021,12,2021112802,5
2021,12,2021112803,1
2021,12,2021112804,2
2021,12,2021112805,1
2021,12,2021112806,1
2021,12,2021112807,1
2021,12,2021112808,1
2021,12,2021112809,3
2021,12,2021112810,1
2021,12,2021112900,4
2021,13,2021120200,2
2021,13,2021120500,2
2021,13,2021120501,1
2021,13,2021120502,1
2021,13,2021120503,4
2021,13,2021120504,1
2021,13,2021120505,1
2021,13,2021120506,2
2021,13,2021120507,6
2021,13,2021120508,3
2021,13,2021120509,1
2021,13,2021120510,2
2021,13,2021120511,3
2021,13,2021120600,1
2021,14,2021120900,1
2021,14,2021121200,2
2021,14,2021121201,4
2021,14,2021121202,1
2021,14,2021121203,3
2021,14,2021121204,1
2021,14,2021121205,2
2021,14,2021121206,1
2021,14,2021121207,1
2021,14,2021121208,1
2021,14,2021121209,2
2021,14,2021121210,2
2021,14,2021121211,4
2021,14,2021121300,4
2021,15,2021121600,4
2021,15,2021121801,1
2021,15,2021121900,3
2021,15,2021121901,1
2021,15,2021121902,1
2021,15,2021121903,1
2021,15,2021121904,2
2021,15,2021121905,4
2021,15,2021121906,3
2021,15,2021121908,1
2021,15,2021121909,1
2021,15,2021121910,3
2021,15,2021122000,1
2021,15,2021122001,3
2021,15,2021122100,2
2021,15,2021122101,3
2021,16,2021122300,3
2021,16,2021122500,2
2021,16,2021122501,3
2021,16,2021122600,5
2021,16,2021122601,2
2021,16,2021122602,3
2021,16,2021122603,4
2021,16,2021122604,1
2021,16,2021122605,2
2021,16,2021122606,4
2021,16,2021122607,2
2021,16,2021122608,3
2021,16,2021122609,1
2021,16,2021122610,3
2021,16,2021122611,1
2021,16,2021122700,1
2021,17,2022010200,4
2021,17,2022010201,1
2021,17,2022010202,3
2021,17,2022010203,1
2021,17,2022010204,4
2021,17,2022010205,1
2021,17,2022010206,3
2021,17,2022010207,3
2021,17,2022010208,1
2021,17,2022010209,2
2021,17,2022010210,1
2021,17,2022010211,2
2021,17,2022010212,2
2021,17,2022010213,1
2021,17,2022010214,1
2021,17,2022010300,1
2021,18,2022010800,5
2021,18,2022010801,4
2021,18,2022010900,1
2021,18,2022010901,4
2021,18,2022010902,1
2021,18,2022010903,1
2021,18,2022010904,4
2021,18,2022010905,1
2021,18,2022010906,1
2021,18,2022010907,1
2021,18,2022010908,2
2021,18,2022010909,1
2021,18,2022010911,2
2021,18,2022010912,5
2021,18,2022010914,3
2021,18,2022010915,5
2022,1,2022090800,2
2022,1,2022091100,4
2022,1,2022091101,3
2022,1,2022091102,2
2022,1,2022091103,2
2022,1,2022091104,2
2022,1,2022091105,2
2022,1,2022091106,1
2022,1,2022091107,1
2022,1,2022091108,3
2022,1,2022091109,4
2022,1,2022091110,1
2022,1,2022091111,2
2022,1,2022091112,1
2022,1,2022091113,2
2022,1,2022091200,2
2022,2,2022091500,2
2022,2,2022091800,4
2022,2,2022091801,5
2022,2,2022091802,1
2022,2,2022091803,1
2022,2,2022091804,2
2022,2,2022091805,4
2022,2,2022091806,2
2022,2,2022091807,1
2022,2,2022091808,1
2022,2,2022091809,2
2022,2,2022091810,4
2022,2,2022091811,2
2022,2,2022091812,3
2022,2,2022091900,2
2022,2,2022091901,1
2022,3,2022092200,4
2022,3,2022092500,1
2022,3,2022092501,4
2022,3,2022092502,3
2022,3,2022092503,4
2022,3,2022092504,3
2022,3,2022092505,5
2022,3,2022092506,1
2022,3,2022092507,1
2022,3,2022092508,1
2022,3,2022092509,1
2022,3,2022092510,1
2022,3,2022092511,7
2022,3,2022092512,2
2022,3,2022092513,2
2022,3,2022092600,4
2022,4,2022092900,3
2022,4,2022100200,5
2022,4,2022100201,5
2022,4,2022100202,2
2022,4,2022100203,2
2022,4,2022100204,3
2022,4,2022100205,1
2022,4,2022100206,1
2022,4,2022100207,1
2022,4,2022100208,2
2022,4,2022100209,2
2022,4,2022100210,3
2022,4,2022100211,7
2022,4,2022100212,5
2022,4,2022100213,1
2022,4,2022100300,2
2022,5,2022100600,3
2022,5,2022100900,2
2022,5,2022100901,1
2022,5,2022100902,6
2022,5,2022100903,3
2022,5,2022100904,3
2022,5,2022100905,1
2022,5,2022100906,7
2022,5,2022100907,1
2022,5,2022100908,1
2022,5,2022100909,5
2022,5,2022100910,1
2022,5,2022100911,2
2022,5,2022100912,3
2022,5,2022100913,4
2022,5,2022101000,2
2022,6,2022101300,3
2022,6,2022101600,2
2022,6,2022101601,2
2022,6,2022101602,2
2022,6,2022101603,4
2022,6,2022101604,2
2022,6,2022101605,3
2022,6,2022101606,3
2022,6,2022101607,1
2022,6,2022101608,4
2022,6,2022101609,2
2022,6,2022101610,6
2022,6,2022101611,1
2022,6,2022101700,4
2022,7,2022102000,2
2022,7,2022102300,2
2022,7,2022102301,1
2022,7,2022102302,1
2022,7,2022102303,3
2022,7,2022102304,5
2022,7,2022102305,1
2022,7,2022102306,2
2022,7,2022102307,3
2022,7,2022102308,6
2022,7,2022102309,1
2022,7,2022102310,2
2022,7,2022102311,1
2022,7,2022102400,3
2022,8,2022102700,3
2022,8,2022103000,4
2022,8,2022103001,8
2022,8,2022103002,1
2022,8,2022103003,2
2022,8,2022103004,2
2022,8,2022103005,3
2022,8,2022103006,1
2022,8,2022103007,3
2022,8,2022103008,2
2022,8,2022103009,4
2022,8,2022103010,3
2022,8,2022103011,4
2022,8,2022103012,1
2022,8,2022103100,1
2022,9,2022110300,3
2022,9,2022110600,4
2022,9,2022110601,4
2022,9,2022110602,1
2022,9,2022110603,1
2022,9,2022110604,2
2022,9,2022110605,1
2022,9,2022110606,3
2022,9,2022110607,3
2022,9,2022110608,5
2022,9,2022110609,3
2022,9,2022110610,3
2022,9,2022110700,1
2022,10,2022111000,1
2022,10,2022111300,1
2022,10,2022111301,4
2022,10,2022111302,5
2022,10,2022111303,1
2022,10,2022111304,2
2022,10,2022111305,1
2022,10,2022111306,2
2022,10,2022111307,2
2022,10,2022111308,5
2022,10,2022111309,4
2022,10,2022111310,2
2022,10,2022111311,2
2022,10,2022111400,3
2022,11,2022111700,1
2022,11,2022112000,4
2022,11,2022112001,2
2022,11,2022112002,2
2022,11,2022112003,1
2022,11,2022112004,2
2022,11,2022112005,2
2022,11,2022112006,5
2022,11,2022112007,3
2022,11,2022112008,4
2022,11,2022112009,7
2022,11,2022112010,2
2022,11,2022112011,5
2022,11,2022112100,2
2022,12,2022112400,6
2022,12,2022112401,4
2022,12,2022112402,7
2022,12,2022112700,1
2022,12,2022112701,4
2022,12,2022112702,8
2022,12,2022112703,1
2022,12,2022112704,3
2022,12,2022112705,4
2022,12,2022112706,4
2022,12,2022112707,5
2022,12,2022112708,6
2022,12,2022112709,1
2022,12,2022112710,1
2022,12,2022112711,4
2022,12,2022112800,3
2022,13,2022120100,3
2022,13,2022120400,1
2022,13,2022120401,3
2022,13,2022120402,2
2022,13,2022120403,1
2022,13,2022120404,2
2022,13,2022120405,2
2022,13,2022120406,3
2022,13,2022120407,2
2022,13,2022120408,5
2022,13,2022120409,3
2022,13,2022120410,4
2022,13,2022120411,3
2022,13,2022120412,4
2022,13,2022120500,3
2022,14,2022120800,2
2022,14,2022121100,2
2022,14,2022121101,1
2022,14,2022121102,6
2022,14,2022121103,2
2022,14,2022121104,1
2022,14,2022121105,1
2022,14,2022121106,3
2022,14,2022121107,1
2022,14,2022121108,1
2022,14,2022121109,1
2022,14,2022121110,1
2022,14,2022121200,4
2022,15,2022121500,1
2022,15,2022121700,2
2022,15,2022121701,2
2022,15,2022121702,4
2022,15,2022121800,2
2022,15,2022121801,3
2022,15,2022121802,6
2022,15,2022121803,4
2022,15,2022121804,5
2022,15,2022121805,3
2022,15,2022121806,3
2022,15,2022121807,2
2022,15,2022121808,4
2022,15,2022121809,1
2022,15,2022121810,2
2022,15,2022121900,2
2022,16,2022122200,2
2022,16,2022122400,1
2022,16,2022122401,2
2022,16,2022122402,2
2022,16,2022122403,2
2022,16,2022122404,1
2022,16,2022122405,4
2022,16,2022122406,1
2022,16,2022122407,4
2022,16,2022122408,2
2022,16,2022122409,6
2022,16,2022122410,2
2022,16,2022122500,4
2022,16,2022122501,1
2022,16,2022122502,4
2022,16,2022122600,1
2022,17,2022122900,1
2022,17,2023010100,8
2022,17,2023010101,3
2022,17,2023010102,3
2022,17,2023010103,1
2022,17,2023010104,5
2022,17,2023010105,3
2022,17,2023010106,2
2022,17,2023010107,1
2022,17,2023010108,2
2022,17,2023010109,3
2022,17,2023010110,7
2022,17,2023010111,1
2022,17,2023010112,2
2022,17,2023010113,2
2022,18,2023010700,1
2022,18,2023010701,2
2022,18,2023010800,4
2022,18,2023010801,4
2022,18,2023010802,1
2022,18,2023010803,1
2022,18,2023010804,5
2022,18,2023010805,3
2022,18,2023010807,3
2022,18,2023010808,2
2022,18,2023010809,1
2022,18,2023010810,2
2022,18,2023010811,1
2022,18,2023010812,3
2022,18,2023010814,5
2022,18,2023010815,2
2023,1,2023090700,4
2023,1,2023091000,3
2023,1,2023091001,1
2023,1,2023091002,1
2023,1,2023091003,5
2023,1,2023091004,4
2023,1,2023091005,4
2023,1,2023091006,1
2023,1,2023091007,3
2023,1,2023091008,1
2023,1,2023091009,3
2023,1,2023091010,9
2023,1,2023091011,1
2023,1,2023091012,4
2023,1,2023091013,1
2023,1,2023091100,4
2023,2,2023091400,3
2023,2,2023091700,3
2023,2,2023091701,2
2023,2,2023091702,3
2023,2,2023091703,5
2023,2,2023091704,1
2023,2,2023091705,2
2023,2,2023091706,4
2023,2,2023091707,5
2023,2,2023091708,2
2023,2,2023091709,3
2023,2,2023091710,1
2023,2,2023091711,3
2023,2,2023091712,1
2023,2,2023091800,3
2023,2,2023091801,5
2023,3,2023092100,2
2023,3,2023092400,6
2023,3,2023092401,2
2023,3,2023092402,2
2023,3,2023092403,2
2023,3,2023092404,1
2023,3,2023092405,1
2023,3,2023092406,5
2023,3,2023092407,1
2023,3,2023092408,1
2023,3,2023092409,4
2023,3,2023092410,1
2023,3,2023092411,1
2023,3,2023092412,2
2023,3,2023092500,2
2023,3,2023092501,4
2023,4,2023092800,2
2023,4,2023100100,1
2023,4,2023100101,3
2023,4,2023100102,2
2023,4,2023100103,3
2023,4,2023100104,1
2023,4,2023100105,1
2023,4,2023100106,2
2023,4,2023100107,2
2023,4,2023100108,5
2023,4,2023100109,2
2023,4,2023100110,2
2023,4,2023100111,2
2023,4,2023100112,1
2023,4,2023100113,2
2023,4,2023100200,1
2023,5,2023100500,1
2023,5,2023100800,1
2023,5,2023100801,6
2023,5,2023100802,1
2023,5,2023100803,4
2023,5,2023100804,1
2023,5,2023100805,1
2023,5,2023100806,2
2023,5,2023100807,3
2023,5,2023100808,4
2023,5,2023100809,3
2023,5,2023100810,3
2023,5,2023100811,1
2023,5,2023100900,4
2023,6,2023101200,1
2023,6,2023101500,2
2023,6,2023101501,3
2023,6,2023101502,3
2023,6,2023101503,2
2023,6,2023101504,4
2023,6,2023101505,2
2023,6,2023101506,2
2023,6,2023101507,2
2023,6,2023101508,2
2023,6,2023101509,1
2023,6,2023101510,3
2023,6,2023101511,2
2023,6,2023101512,4
2023,6,2023101600,4
2023,7,2023101900,2
2023,7,2023102200,1
2023,7,2023102201,1
2023,7,2023102202,9
2023,7,2023102203,3
2023,7,2023102204,1
2023,7,2023102205,4
2023,7,2023102206,5
2023,7,2023102207,3
2023,7,2023102208,3
2023,7,2023102209,4
2023,7,2023102210,3
2023,7,2023102300,1
2023,8,2023102600,2
2023,8,2023102900,4
2023,8,2023102901,1
2023,8,2023102902,1
2023,8,2023102903,3
2023,8,2023102904,2
2023,8,2023102905,4
2023,8,2023102906,1
2023,8,2023102907,2
2023,8,2023102908,3
2023,8,2023102909,3
2023,8,2023102910,2
2023,8,2023102911,1
2023,8,2023102912,2
2023,8,2023102913,1
2023,8,2023103000,1
2023,9,2023110200,5
2023,9,2023110500,1
2023,9,2023110501,5
2023,9,2023110502,1
2023,9,2023110503,1
2023,9,2023110504,1
2023,9,2023110505,7
2023,9,2023110506,3
2023,9,2023110507,4
2023,9,2023110508,1
2023,9,2023110509,1
2023,9,2023110510,4
2023,9,2023110511,2
2023,9,2023110600,1
2023,10,2023110900,2
2023,10,2023111200,2
2023,10,2023111201,2
2023,10,2023111202,3
2023,10,2023111203,1
2023,10,2023111204,2
2023,10,2023111205,4
2023,10,2023111206,2
2023,10,2023111207,7
2023,10,2023111208,5
2023,10,2023111209,1
2023,10,2023111210,5
2023,10,2023111211,3
2023,10,2023111300,4
2023,11,2023111600,3
2023,11,2023111900,1
2023,11,2023111901,2
2023,11,2023111902,5
2023,11,2023111903,7
2023,11,2023111904,3
2023,11,2023111905,1
2023,11,2023111906,4
2023,11,2023111907,1
2023,11,2023111908,1
2023,11,2023111909,1
2023,11,2023111910,2
2023,11,2023111911,3
2023,11,2023112000,3
2023,12,2023112300,1
2023,12,2023112301,1
2023,12,2023112302,1
2023,12,2023112400,1
2023,12,2023112600,2
2023,12,2023112601,3
2023,12,2023112602,3
2023,12,2023112603,2
2023,12,2023112604,2
2023,12,2023112605,1
2023,12,2023112606,3
2023,12,2023112607,1
2023,12,2023112608,2
2023,12,2023112609,6
2023,12,2023112610,2
2023,12,2023112700,4
2023,13,2023113000,5
2023,13,2023120300,1
2023,13,2023120301,1
2023,13,2023120302,2
2023,13,2023120303,2
2023,13,2023120304,3
2023,13,2023120305,5
2023,13,2023120306,1
2023,13,2023120307,1
2023,13,2023120308,4
2023,13,2023120309,2
2023,13,2023120310,1
2023,13,2023120400,6
2023,14,2023120700,1
2023,14,2023121000,5
2023,14,2023121001,10
2023,14,2023121002,3
2023,14,2023121003,2
2023,14,2023121004,1
2023,14,2023121005,1
2023,14,2023121006,1
2023,14,2023121007,1
2023,14,2023121008,3
2023,14,2023121009,2
2023,14,2023121010,1
2023,14,2023121011,1
2023,14,2023121100,5
2023,14,2023121101,5
2023,15,2023121400,1
2023,15,2023121600,4
2023,15,2023121601,2
2023,15,2023121602,1
2023,15,2023121700,4
2023,15,2023121701,1
2023,15,2023121702,2
2023,15,2023121703,2
2023,15,2023121704,2
2023,15,2023121705,1
2023,15,2023121706,1
2023,15,2023121708,1
2023,15,2023121709,2
2023,15,2023121710,3
2023,15,2023121711,3
2023,15,2023121801,3
2023,16,2023122100,1
2023,16,2023122300,1
2023,16,2023122301,4
2023,16,2023122402,2
2023,16,2023122403,2
2023,16,2023122404,1
2023,16,2023122405,4
2023,16,2023122406,3
2023,16,2023122407,4
2023,16,2023122408,1
2023,16,2023122409,1
2023,16,2023122410,5
2023,16,2023122411,3
2023,16,2023122500,3
2023,16,2023122501,1
2023,16,2023122502,2
2023,17,2023122800,2
2023,17,2023123000,5
2023,17,2023123101,3
2023,17,2023123102,2
2023,17,2023123103,1
2023,17,2023123104,1
2023,17,2023123105,1
2023,17,2023123106,1
2023,17,2023123107,2
2023,17,2023123108,5
2023,17,2023123109,1
2023,17,2023123110,2
2023,17,2023123111,5
2023,17,2023123112,2
2023,17,2023123113,4
2023,17,2023123114,1
2023,18,2024010600,2
2023,18,2024010601,4
2023,18,2024010700,4
2023,18,2024010701,1
2023,18,2024010702,4
2023,18,2024010703,1
2023,18,2024010704,2
2023,18,2024010705,1
2023,18,2024010706,2
2023,18,2024010707,3
2023,18,2024010708,2
2023,18,2024010709,3
2023,18,2024010710,3
2023,18,2024010711,1
2023,18,2024010712,4
2023,18,2024010713,3
2024,1,2024090500,2
2024,1,2024090600,8
2024,1,2024090800,4
2024,1,2024090801,2
2024,1,2024090802,2
2024,1,2024090803,1
2024,1,2024090804,3
2024,1,2024090805,2
2024,1,2024090806,1
2024,1,2024090807,2
2024,1,2024090808,3
2024,1,2024090809,5
2024,1,2024090810,2
2024,1,2024090811,1
2024,1,2024090812,4
2024,1,2024090900,3
2024,2,2024091200,2
2024,2,2024091500,4
2024,2,2024091501,1
2024,2,2024091502,1
2024,2,2024091503,4
2024,2,2024091504,1
2024,2,2024091505,1
2024,2,2024091506,1
2024,2,2024091507,5
2024,2,2024091508,4
2024,2,2024091509,7
2024,2,2024091510,1
2024,2,2024091511,1
2024,2,2024091512,8
2024,2,2024091513,2
2024,2,2024091600,7
2024,3,2024091900,1
2024,3,2024092200,2
2024,3,2024092201,1
2024,3,2024092202,1
2024,3,2024092203,4
2024,3,2024092204,3
2024,3,2024092205,1
2024,3,2024092206,2
2024,3,2024092207,2
2024,3,2024092208,1
2024,3,2024092209,2
2024,3,2024092210,1
2024,3,2024092211,2
2024,3,2024092212,3
2024,3,2024092300,1
2024,3,2024092301,2
2024,4,2024092600,2
2024,4,2024092900,5
2024,4,2024092901,3
2024,4,2024092902,2
2024,4,2024092903,1
2024,4,2024092904,5
2024,4,2024092905,1
2024,4,2024092906,4
2024,4,2024092907,1
2024,4,2024092908,2
2024,4,2024092909,1
2024,4,2024092910,2
2024,4,2024092911,2
2024,4,2024092912,1
2024,4,2024093000,1
2024,4,2024093001,1
2024,5,2024100300,7
2024,5,2024100600,1
2024,5,2024100601,2
2024,5,2024100602,4
2024,5,2024100603,3
2024,5,2024100604,4
2024,5,2024100605,3
2024,5,2024100606,1
2024,5,2024100607,2
2024,5,2024100608,4
2024,5,2024100609,3
2024,5,2024100610,3
2024,5,2024100611,6
2024,5,2024100700,1
2024,6,2024101000,1
2024,6,2024101300,2
2024,6,2024101301,3
2024,6,2024101302,1
2024,6,2024101303,1
2024,6,2024101304,5
2024,6,2024101305,3
2024,6,2024101306,4
2024,6,2024101307,1
2024,6,2024101308,3
2024,6,2024101309,3
2024,6,2024101310,2
2024,6,2024101311,2
2024,6,2024101400,5
2024,7,2024101700,1
2024,7,2024102000,2
2024,7,2024102001,1
2024,7,2024102002,2
2024,7,2024102003,1
2024,7,2024102004,8
2024,7,2024102005,2
2024,7,2024102006,4
2024,7,2024102007,1
2024,7,2024102008,2
2024,7,2024102009,1
2024,7,2024102010,2
2024,7,2024102011,3
2024,7,2024102100,2
2024,7,2024102101,6
2024,8,2024102400,4
2024,8,2024102700,8
2024,8,2024102701,3
2024,8,2024102702,3
2024,8,2024102703,4
2024,8,2024102704,2
2024,8,2024102705,7
2024,8,2024102706,3
2024,8,2024102707,3
2024,8,2024102708,2
2024,8,2024102709,1
2024,8,2024102710,3
2024,8,2024102711,2
2024,8,2024102712,3
2024,8,2024102713,3
2024,8,2024102800,4
2024,9,2024103100,3
2024,9,2024110300,2
2024,9,2024110301,1
2024,9,2024110302,7
2024,9,2024110303,6
2024,9,2024110304,3
2024,9,2024110305,1
2024,9,2024110306,2
2024,9,2024110307,2
2024,9,2024110308,4
2024,9,2024110309,1
2024,9,2024110310,2
2024,9,2024110311,4
2024,9,2024110312,1
2024,9,2024110400,6
2024,10,2024110700,4
2024,10,2024111000,2
2024,10,2024111001,2
2024,10,2024111002,3
2024,10,2024111003,3
2024,10,2024111004,2
2024,10,2024111005,1
2024,10,2024111006,5
2024,10,2024111007,4
2024,10,2024111008,3
2024,10,2024111009,1
2024,10,2024111010,1
2024,10,2024111011,2
2024,10,2024111100,1
2024,11,2024111400,2
2024,11,2024111700,5
2024,11,2024111701,2
2024,11,2024111702,1
2024,11,2024111703,2
2024,11,2024111704,2
2024,11,2024111705,3
2024,11,2024111706,2
2024,11,2024111707,1
2024,11,2024111708,5
2024,11,2024111709,5
2024,11,2024111710,3
2024,11,2024111711,5
2024,11,2024111800,1
2024,12,2024112100,4
2024,12,2024112400,2
2024,12,2024112401,3
2024,12,2024112402,5
2024,12,2024112403,2
2024,12,2024112404,1
2024,12,2024112405,1
2024,12,2024112406,3
2024,12,2024112407,3
2024,12,2024112408,1
2024,12,2024112409,2
2024,12,2024112410,3
2024,12,2024112500,2
2024,13,2024112800,1
2024,13,2024112801,3
2024,13,2024112802,1
2024,13,2024112900,4
2024,13,2024120100,4
2024,13,2024120101,4
2024,13,2024120102,2
2024,13,2024120103,4
2024,13,2024120104,8
2024,13,2024120105,2
2024,13,2024120106,1
2024,13,2024120107,6
2024,13,2024120108,3
2024,13,2024120109,2
2024,13,2024120110,2
2024,13,2024120200,5
2024,14,2024120500,6
2024,14,2024120800,8
2024,14,2024120801,3
2024,14,2024120802,1
2024,14,2024120803,6
2024,14,2024120804,3
2024,14,2024120805,1
2024,14,2024120806,2
2024,14,2024120807,2
2024,14,2024120808,2
2024,14,2024120809,1
2024,14,2024120810,5
2024,14,2024120900,5
2024,15,2024121200,3
2024,15,2024121500,1
2024,15,2024121501,1
2024,15,2024121502,2
2024,15,2024121503,6
2024,15,2024121504,1
2024,15,2024121505,1
2024,15,2024121506,3
2024,15,2024121507,1
2024,15,2024121508,2
2024,15,2024121509,1
2024,15,2024121510,4
2024,15,2024121511,2
2024,15,2024121512,1
2024,15,2024121600,1
2024,15,2024121601,1
2024,16,2024121901,3
2024,16,2024122100,3
2024,16,2024122101,3
2024,16,2024122202,2
2024,16,2024122203,2
2024,16,2024122204,2
2024,16,2024122205,1
2024,16,2024122206,2
2024,16,2024122207,3
2024,16,2024122208,4
2024,16,2024122210,5
2024,16,2024122211,4
2024,16,2024122212,3
2024,16,2024122213,1
2024,16,2024122214,1
2024,16,2024122300,1
2024,17,2024122500,1
2024,17,2024122501,1
2024,17,2024122600,2
2024,17,2024122800,1
2024,17,2024122801,5
2024,17,2024122802,1
2024,17,2024122903,2
2024,17,2024122904,4
2024,17,2024122905,1
2024,17,2024122906,1
2024,17,2024122907,2
2024,17,2024122908,3
2024,17,2024122909,2
2024,17,2024122910,2
2024,17,2024122911,2
2024,17,2024123000,3
2024,18,2025010400,1
2024,18,2025010401,1
2024,18,2025010500,4
2024,18,2025010501,7
2024,18,2025010503,6
2024,18,2025010504,1
2024,18,2025010505,1
2024,18,2025010506,3
2024,18,2025010507,5
2024,18,2025010508,3
2024,18,2025010509,3
2024,18,2025010510,4
2024,18,2025010511,2
2024,18,2025010512,1
2024,18,2025010514,3
2024,18,2025010515,1
